-- phpMyAdmin SQL Dump
-- version 5.2.2
-- https://www.phpmyadmin.net/
--
-- Host: localhost:3306
-- Generation Time: Apr 29, 2025 at 02:09 PM
-- Server version: 10.5.28-MariaDB-cll-lve
-- PHP Version: 8.3.20

SET SQL_MODE = "NO_AUTO_VALUE_ON_ZERO";
START TRANSACTION;
SET time_zone = "+00:00";


/*!40101 SET @OLD_CHARACTER_SET_CLIENT=@@CHARACTER_SET_CLIENT */;
/*!40101 SET @OLD_CHARACTER_SET_RESULTS=@@CHARACTER_SET_RESULTS */;
/*!40101 SET @OLD_COLLATION_CONNECTION=@@COLLATION_CONNECTION */;
/*!40101 SET NAMES utf8mb4 */;

--
-- Database: `pard7629_chicken`
--

-- --------------------------------------------------------

--
-- Table structure for table `afkirs`
--

CREATE TABLE `afkirs` (
  `id` bigint(20) UNSIGNED NOT NULL,
  `id_pen` bigint(20) UNSIGNED NOT NULL,
  `male` int(11) DEFAULT NULL,
  `female` int(11) DEFAULT NULL,
  `male_cost` decimal(15,2) DEFAULT NULL,
  `female_cost` decimal(15,2) DEFAULT NULL,
  `male_die` int(11) DEFAULT NULL,
  `female_die` int(11) DEFAULT NULL,
  `male_sale` int(11) DEFAULT NULL,
  `female_sale` int(11) DEFAULT NULL,
  `feed_male` int(11) DEFAULT NULL,
  `feed_female` int(11) DEFAULT NULL,
  `male_come` int(11) DEFAULT NULL,
  `female_come` int(11) DEFAULT NULL,
  `male_out` int(11) DEFAULT NULL,
  `female_out` int(11) DEFAULT NULL,
  `created_at` timestamp NULL DEFAULT NULL,
  `updated_at` timestamp NULL DEFAULT NULL
) ENGINE=InnoDB DEFAULT CHARSET=utf8mb4 COLLATE=utf8mb4_unicode_ci;

--
-- Dumping data for table `afkirs`
--

INSERT INTO `afkirs` (`id`, `id_pen`, `male`, `female`, `male_cost`, `female_cost`, `male_die`, `female_die`, `male_sale`, `female_sale`, `feed_male`, `feed_female`, `male_come`, `female_come`, `male_out`, `female_out`, `created_at`, `updated_at`) VALUES
(8, 33, 7, 147, 0.00, 0.00, NULL, NULL, NULL, NULL, NULL, NULL, 147, 7, NULL, NULL, '2025-04-06 08:34:31', '2025-04-07 08:34:31'),
(10, 33, 8, 156, 0.00, 0.00, NULL, NULL, NULL, NULL, NULL, NULL, 1, 9, NULL, NULL, '2025-04-07 08:38:57', '2025-04-07 08:38:57'),
(11, 33, 8, 157, 0.00, 0.00, NULL, NULL, NULL, NULL, NULL, NULL, 0, 1, NULL, NULL, '2025-04-07 08:39:13', '2025-04-07 08:39:13'),
(12, 33, 2, 13, 0.00, 0.00, 0, 0, 0, 0, 0, 0, NULL, NULL, 6, 144, '2025-04-06 08:40:00', '2025-04-07 08:40:00'),
(13, 33, 0, 0, 0.00, 0.00, 0, 0, 0, 0, 0, 0, NULL, NULL, 9, 4, '2025-04-07 08:42:32', '2025-04-07 08:42:32'),
(17, 35, 0, 13, 0.00, 631.32, NULL, NULL, NULL, NULL, NULL, NULL, 13, 0, NULL, NULL, '2025-04-10 02:37:21', '2025-04-10 02:37:21'),
(18, 35, 0, 13, 0.00, 7231.32, 0, 0, 0, 0, 0, 1, NULL, NULL, 0, 0, '2025-04-10 02:38:05', '2025-04-10 02:38:05'),
(19, 35, 1, 13, 679701.98, 7231.32, NULL, NULL, NULL, NULL, NULL, NULL, 1, 0, NULL, NULL, '2025-04-11 08:54:44', '2025-04-11 08:54:44'),
(20, 35, 1, 9, 687601.98, 7231.32, 0, 4, 0, 0, 1, 0, NULL, NULL, 0, 0, '2025-04-11 09:48:38', '2025-04-11 09:48:38');

-- --------------------------------------------------------

--
-- Table structure for table `afkir_transactions`
--

CREATE TABLE `afkir_transactions` (
  `id` bigint(20) UNSIGNED NOT NULL,
  `created_at` timestamp NULL DEFAULT NULL,
  `updated_at` timestamp NULL DEFAULT NULL
) ENGINE=InnoDB DEFAULT CHARSET=utf8mb4 COLLATE=utf8mb4_unicode_ci;

-- --------------------------------------------------------

--
-- Table structure for table `ayams`
--

CREATE TABLE `ayams` (
  `id` bigint(20) UNSIGNED NOT NULL,
  `code_Ayam` varchar(255) NOT NULL,
  `strain_male` varchar(255) NOT NULL,
  `strain_female` varchar(255) NOT NULL,
  `deleted_at` timestamp NULL DEFAULT NULL,
  `created_at` timestamp NULL DEFAULT NULL,
  `updated_at` timestamp NULL DEFAULT NULL
) ENGINE=InnoDB DEFAULT CHARSET=utf8mb4 COLLATE=utf8mb4_unicode_ci;

--
-- Dumping data for table `ayams`
--

INSERT INTO `ayams` (`id`, `code_Ayam`, `strain_male`, `strain_female`, `deleted_at`, `created_at`, `updated_at`) VALUES
(1, 'KUB2', 'KUB2', 'KUB2', NULL, '2025-03-10 10:18:00', '2025-03-10 10:18:00'),
(2, 'GAOK', 'GAOK', 'GAOK', NULL, '2025-03-10 10:18:00', '2025-03-10 10:18:00'),
(3, 'SENTUL', 'SENTUL', 'SENTUL', NULL, '2025-03-10 10:18:00', '2025-03-10 10:18:00');

-- --------------------------------------------------------

--
-- Table structure for table `breedings`
--

CREATE TABLE `breedings` (
  `id_breeding` varchar(255) NOT NULL,
  `id_pen` bigint(20) UNSIGNED NOT NULL,
  `code_ayam_jantan` varchar(255) NOT NULL,
  `code_ayam_betina` varchar(255) NOT NULL,
  `jumlah_jantan` int(11) NOT NULL,
  `jumlah_betina` int(11) NOT NULL,
  `age` int(11) NOT NULL,
  `cost_Total_induk` decimal(18,2) DEFAULT NULL,
  `cost_induk` decimal(18,2) DEFAULT NULL,
  `move_to` varchar(255) DEFAULT NULL,
  `status` varchar(255) DEFAULT 'active',
  `inputBy` varchar(255) NOT NULL,
  `created_at` timestamp NULL DEFAULT NULL,
  `updated_at` timestamp NULL DEFAULT NULL
) ENGINE=InnoDB DEFAULT CHARSET=utf8mb4 COLLATE=utf8mb4_unicode_ci;

--
-- Dumping data for table `breedings`
--

INSERT INTO `breedings` (`id_breeding`, `id_pen`, `code_ayam_jantan`, `code_ayam_betina`, `jumlah_jantan`, `jumlah_betina`, `age`, `cost_Total_induk`, `cost_induk`, `move_to`, `status`, `inputBy`, `created_at`, `updated_at`) VALUES
('BRD1-1A-0325-001', 1, 'KUB', 'KUB', 20, 173, 224, 0.00, 0.00, NULL, 'inactive', 'user', '2025-03-10 10:18:06', '2025-04-08 08:44:42'),
('BRD1-1B-0325-001', 2, 'KUB', 'KUB', 21, 233, 642, 0.00, 0.00, NULL, 'inactive', 'user', '2025-03-10 10:18:06', '2025-04-08 08:45:11'),
('BRD1-1C-0325-001', 3, 'KUB', 'KUB', 19, 145, 224, 0.00, 0.00, NULL, 'active', 'user', '2025-03-10 10:18:06', '2025-04-28 01:54:45'),
('BRD1-1D-0325-001', 4, 'KUB', 'KUB', 18, 166, 224, 0.00, 0.00, NULL, 'inactive', 'user', '2025-03-10 10:18:06', '2025-04-11 07:45:08'),
('BRD1-2A-0325-001', 5, 'KUB', 'KUB', 150, 623, 83, 0.00, 0.00, NULL, 'active', 'user', '2025-03-10 10:18:06', '2025-04-28 01:55:52'),
('BRD1-2B-0325-001', 6, 'KUB', 'KUB', 0, 450, 41, 0.00, 0.00, NULL, 'active', 'user', '2025-03-10 10:18:06', '2025-04-28 01:56:55'),
('BRD1-3A-0425-001', 9, 'KUB2', 'KUB2', 200, 200, 46, 8000000.00, 22346.37, NULL, 'active', 'willy', '2025-04-07 07:56:15', '2025-04-28 01:57:29');

-- --------------------------------------------------------

--
-- Table structure for table `breeding_details`
--

CREATE TABLE `breeding_details` (
  `id` bigint(20) UNSIGNED NOT NULL,
  `id_breeding` varchar(255) NOT NULL,
  `last_male` int(11) DEFAULT NULL,
  `last_female` int(11) DEFAULT NULL,
  `female_die` int(11) DEFAULT NULL,
  `female_reject` int(11) DEFAULT NULL,
  `male_die` int(11) DEFAULT NULL,
  `male_reject` int(11) DEFAULT NULL,
  `egg_morning` int(11) DEFAULT NULL,
  `egg_afternoon` int(11) DEFAULT NULL,
  `percentage` decimal(5,2) DEFAULT NULL,
  `broken` int(11) DEFAULT NULL,
  `abnormal` int(11) DEFAULT NULL,
  `sale` int(11) DEFAULT NULL,
  `total_egg` int(11) DEFAULT NULL,
  `move_to` int(11) DEFAULT NULL,
  `total_female_move` int(11) DEFAULT NULL,
  `total_male_move` int(11) DEFAULT NULL,
  `receive_from` int(11) DEFAULT NULL,
  `total_female_receive` int(11) DEFAULT NULL,
  `total_male_receive` int(11) DEFAULT NULL,
  `cost_unit` decimal(15,2) DEFAULT NULL,
  `cost_total` decimal(15,2) DEFAULT NULL,
  `feed` varchar(255) DEFAULT NULL,
  `feed_name` varchar(255) DEFAULT NULL,
  `remark` varchar(255) DEFAULT NULL,
  `status` varchar(255) DEFAULT 'active',
  `inputBy` varchar(255) NOT NULL,
  `created_at` timestamp NULL DEFAULT NULL,
  `updated_at` timestamp NULL DEFAULT NULL
) ENGINE=InnoDB DEFAULT CHARSET=utf8mb4 COLLATE=utf8mb4_unicode_ci;

--
-- Dumping data for table `breeding_details`
--

INSERT INTO `breeding_details` (`id`, `id_breeding`, `last_male`, `last_female`, `female_die`, `female_reject`, `male_die`, `male_reject`, `egg_morning`, `egg_afternoon`, `percentage`, `broken`, `abnormal`, `sale`, `total_egg`, `move_to`, `total_female_move`, `total_male_move`, `receive_from`, `total_female_receive`, `total_male_receive`, `cost_unit`, `cost_total`, `feed`, `feed_name`, `remark`, `status`, `inputBy`, `created_at`, `updated_at`) VALUES
(1, 'BRD1-1A-0325-001', 19, 172, 0, 0, 1, 0, 40, 0, NULL, 2, 2, 0, 36, 0, 0, 0, 0, 0, 0, 0.00, 0.00, '25', 'PAR-L', NULL, 'inactive', 'user', '2025-01-30 17:00:00', '2025-03-10 10:18:06'),
(2, 'BRD1-1A-0325-001', 19, 172, 0, 0, 1, 0, 40, 0, NULL, 2, 2, 0, 36, 0, 0, 0, 0, 0, 0, 0.00, 0.00, '25', 'PAR-L', NULL, 'inactive', 'user', '2025-01-31 17:00:00', '2025-03-10 10:18:06'),
(3, 'BRD1-1A-0325-001', 19, 171, 0, 0, 1, 0, 42, 0, NULL, 2, 1, 0, 39, 0, 0, 0, 0, 0, 0, 0.00, 0.00, '25', 'PAR-L', NULL, 'inactive', 'user', '2025-02-01 17:00:00', '2025-03-10 10:18:06'),
(4, 'BRD1-1A-0325-001', 18, 171, 1, 0, 0, 0, 37, 0, NULL, 1, 1, 0, 35, 0, 0, 0, 0, 0, 0, 0.00, 0.00, '25', 'PAR-L', NULL, 'inactive', 'user', '2025-02-02 17:00:00', '2025-03-10 10:18:06'),
(5, 'BRD1-1A-0325-001', 17, 171, 1, 0, 0, 0, 45, 0, NULL, 3, 2, 0, 40, 0, 0, 0, 0, 0, 0, 0.00, 0.00, '25', 'PAR-L', NULL, 'inactive', 'user', '2025-02-03 17:00:00', '2025-03-10 10:18:06'),
(6, 'BRD1-1A-0325-001', 16, 171, 1, 0, 0, 0, 42, 0, NULL, 2, 2, 0, 38, 0, 0, 0, 0, 0, 0, 0.00, 0.00, '25', 'PAR-L', NULL, 'inactive', 'user', '2025-02-04 17:00:00', '2025-03-10 10:18:06'),
(7, 'BRD1-1A-0325-001', 16, 170, 0, 0, 1, 0, 35, 0, NULL, 2, 2, 0, 31, 0, 0, 0, 0, 0, 0, 0.00, 0.00, '25', 'PAR-L', NULL, 'inactive', 'user', '2025-02-05 17:00:00', '2025-03-10 10:18:06'),
(8, 'BRD1-1A-0325-001', 16, 169, 0, 0, 1, 0, 35, 0, NULL, 3, 2, 0, 39, 0, 0, 0, 0, 0, 0, 0.00, 0.00, '25', 'PAR-L', NULL, 'inactive', 'user', '2025-02-06 17:00:00', '2025-03-10 10:18:06'),
(9, 'BRD1-1A-0325-001', 15, 169, 1, 0, 1, 0, 33, 0, NULL, 2, 1, 0, 30, 0, 0, 0, 0, 0, 0, 0.00, 0.00, '25', 'PAR-L', NULL, 'inactive', 'user', '2025-02-07 17:00:00', '2025-03-10 10:18:06'),
(10, 'BRD1-1A-0325-001', 14, 168, 1, 0, 1, 0, 36, 0, NULL, 3, 3, 0, 30, 0, 0, 0, 0, 0, 0, 0.00, 0.00, '25', 'PAR-L', NULL, 'inactive', 'user', '2025-02-08 17:00:00', '2025-03-10 10:18:06'),
(11, 'BRD1-1A-0325-001', 14, 168, 0, 0, 0, 0, 33, 0, NULL, 2, 1, 0, 30, 0, 0, 0, 0, 0, 0, 0.00, 0.00, '25', 'PAR-L', NULL, 'inactive', 'user', '2025-02-09 17:00:00', '2025-03-10 10:18:06'),
(12, 'BRD1-1A-0325-001', 14, 168, 0, 0, 0, 0, 34, 0, NULL, 2, 2, 0, 30, 0, 0, 0, 0, 0, 0, 0.00, 0.00, '25', 'PAR-L', NULL, 'inactive', 'user', '2025-02-10 17:00:00', '2025-03-10 10:18:06'),
(13, 'BRD1-1A-0325-001', 14, 167, 0, 0, 1, 0, 33, 0, NULL, 1, 2, 0, 30, 0, 0, 0, 0, 0, 0, 0.00, 0.00, '25', 'PAR-L', NULL, 'inactive', 'user', '2025-02-11 17:00:00', '2025-03-10 10:18:06'),
(14, 'BRD1-1A-0325-001', 13, 166, 1, 0, 1, 0, 33, 0, NULL, 2, 1, 0, 30, 0, 0, 0, 0, 0, 0, 0.00, 0.00, '25', 'PAR-L', NULL, 'inactive', 'user', '2025-02-12 17:00:00', '2025-03-10 10:18:06'),
(15, 'BRD1-1A-0325-001', 13, 165, 1, 0, 1, 0, 33, 0, NULL, 2, 1, 0, 30, 0, 0, 0, 0, 0, 0, 0.00, 0.00, '25', 'PAR-L', NULL, 'inactive', 'user', '2025-02-13 17:00:00', '2025-03-10 10:18:06'),
(16, 'BRD1-1A-0325-001', 13, 165, 0, 0, 0, 0, 36, 0, NULL, 3, 1, 0, 32, 0, 0, 0, 0, 0, 0, 0.00, 0.00, '25', 'PAR-L', NULL, 'inactive', 'user', '2025-02-14 17:00:00', '2025-03-10 10:18:06'),
(17, 'BRD1-1A-0325-001', 13, 165, 0, 0, 0, 0, 34, 0, NULL, 2, 2, 0, 30, 0, 0, 0, 0, 0, 0, 0.00, 0.00, '25', 'PAR-L', NULL, 'inactive', 'user', '2025-02-15 17:00:00', '2025-03-10 10:18:06'),
(18, 'BRD1-1A-0325-001', 13, 165, 0, 0, 0, 0, 33, 0, NULL, 2, 1, 0, 30, 0, 0, 0, 0, 0, 0, 0.00, 0.00, '25', 'PAR-L', NULL, 'inactive', 'user', '2025-02-16 17:00:00', '2025-03-10 10:18:06'),
(19, 'BRD1-1A-0325-001', 12, 165, 1, 0, 0, 0, 33, 0, NULL, 2, 1, 0, 30, 0, 0, 0, 0, 0, 0, 0.00, 0.00, '17', 'PAR-L', NULL, 'inactive', 'user', '2025-02-17 17:00:00', '2025-03-10 10:18:06'),
(20, 'BRD1-1A-0325-001', 11, 165, 1, 0, 0, 0, 33, 0, NULL, 2, 1, 0, 30, 0, 0, 0, 0, 0, 0, 0.00, 0.00, '17', 'PAR-L', NULL, 'inactive', 'user', '2025-02-18 17:00:00', '2025-03-10 10:18:07'),
(21, 'BRD1-1A-0325-001', 11, 164, 0, 0, 1, 0, 29, 0, NULL, 3, 1, 0, 25, 0, 0, 0, 0, 0, 0, 0.00, 0.00, '17', 'PAR-L', NULL, 'inactive', 'user', '2025-02-19 17:00:00', '2025-03-10 10:18:07'),
(22, 'BRD1-1A-0325-001', 11, 164, 0, 0, 0, 0, 28, 0, NULL, 2, 1, 0, 25, 0, 0, 0, 0, 0, 0, 0.00, 0.00, '17', 'PAR-L', NULL, 'inactive', 'user', '2025-02-20 17:00:00', '2025-03-10 10:18:07'),
(23, 'BRD1-1A-0325-001', 11, 164, 0, 0, 0, 0, 29, 0, NULL, 3, 1, 0, 25, 0, 0, 0, 0, 0, 0, 0.00, 0.00, '20', 'PAR-L', NULL, 'inactive', 'user', '2025-02-21 17:00:00', '2025-03-10 10:18:07'),
(24, 'BRD1-1A-0325-001', 11, 164, 0, 0, 0, 0, 27, 0, NULL, 1, 1, 0, 25, 0, 0, 0, 0, 0, 0, 0.00, 0.00, '20', 'PAR-L', NULL, 'inactive', 'user', '2025-02-22 17:00:00', '2025-03-10 10:18:07'),
(25, 'BRD1-1A-0325-001', 10, 164, 1, 0, 0, 0, 27, 0, NULL, 2, 1, 0, 24, 0, 0, 0, 0, 0, 0, 0.00, 0.00, '20', 'PAR-L', NULL, 'inactive', 'user', '2025-02-23 17:00:00', '2025-03-10 10:18:07'),
(26, 'BRD1-1A-0325-001', 9, 163, 1, 0, 1, 0, 28, 0, NULL, 1, 2, 0, 25, 0, 0, 0, 0, 0, 0, 0.00, 0.00, '20', 'PAR-L', NULL, 'inactive', 'user', '2025-02-24 17:00:00', '2025-03-10 10:18:07'),
(27, 'BRD1-1A-0325-001', 9, 162, 0, 0, 1, 0, 28, 0, NULL, 2, 1, 0, 25, 0, 0, 0, 0, 0, 0, 0.00, 0.00, '20', 'PAR-L', NULL, 'inactive', 'user', '2025-02-25 17:00:00', '2025-03-10 10:18:07'),
(28, 'BRD1-1A-0325-001', 9, 161, 0, 0, 1, 0, 28, 0, NULL, 2, 1, 0, 25, 0, 0, 0, 0, 0, 0, 0.00, 0.00, '20', 'PAR-L', NULL, 'inactive', 'user', '2025-02-26 17:00:00', '2025-03-10 10:18:07'),
(29, 'BRD1-1A-0325-001', 9, 159, 0, 0, 2, 0, 27, 0, NULL, 2, 2, 0, 23, 0, 0, 0, 0, 0, 0, 0.00, 0.00, '20', 'PAR-L', NULL, 'inactive', 'user', '2025-02-27 17:00:00', '2025-03-10 10:18:07'),
(30, 'BRD1-1A-0325-001', 9, 158, 0, 0, 1, 0, 28, 0, NULL, 3, 3, 0, 22, 0, 0, 0, 0, 0, 0, 0.00, 0.00, '20', 'PAR-L', NULL, 'inactive', 'user', '2025-02-28 17:00:00', '2025-03-10 10:18:07'),
(31, 'BRD1-1A-0325-001', 9, 158, 0, 0, 0, 0, 27, 0, NULL, 2, 2, 0, 23, 0, 0, 0, 0, 0, 0, 0.00, 0.00, '20', 'PAR-L', NULL, 'inactive', 'user', '2025-03-01 17:00:00', '2025-03-10 10:18:07'),
(32, 'BRD1-1A-0325-001', 9, 157, 0, 0, 1, 0, 30, 0, NULL, 2, 1, 0, 27, 0, 0, 0, 0, 0, 0, 0.00, 0.00, '20', 'PAR-L', NULL, 'inactive', 'user', '2025-03-02 17:00:00', '2025-03-10 10:18:07'),
(33, 'BRD1-1A-0325-001', 9, 156, 0, 0, 1, 0, 23, 0, NULL, 2, 1, 0, 20, 0, 0, 0, 0, 0, 0, 0.00, 0.00, '20', 'PAR-L', NULL, 'inactive', 'user', '2025-03-03 17:00:00', '2025-03-10 10:18:07'),
(34, 'BRD1-1A-0325-001', 9, 156, 0, 0, 0, 0, 23, 0, NULL, 2, 1, 0, 20, 0, 0, 0, 0, 0, 0, 0.00, 0.00, '20', 'PAR-L', NULL, 'inactive', 'user', '2025-03-04 17:00:00', '2025-03-10 10:18:07'),
(35, 'BRD1-1A-0325-001', 8, 156, 1, 0, 0, 0, 22, 0, NULL, 1, 1, 0, 20, 0, 0, 0, 0, 0, 0, 0.00, 0.00, '20', 'PAR-L', NULL, 'inactive', 'user', '2025-03-05 17:00:00', '2025-03-10 10:18:07'),
(36, 'BRD1-1A-0325-001', 8, 156, 0, 0, 0, 0, 23, 0, NULL, 2, 1, 0, 20, 0, 0, 0, 0, 0, 0, 0.00, 0.00, '20', 'PAR-L', NULL, 'inactive', 'user', '2025-03-06 17:00:00', '2025-03-10 10:18:07'),
(37, 'BRD1-1A-0325-001', 8, 156, 0, 0, 0, 0, 21, 0, NULL, 2, 1, 0, 18, 0, 0, 0, 0, 0, 0, 0.00, 0.00, '20', 'PAR-L', NULL, 'inactive', 'user', '2025-03-07 17:00:00', '2025-03-10 10:18:07'),
(38, 'BRD1-1A-0325-001', 8, 156, 0, 0, 0, 0, 22, 0, NULL, 1, 1, 0, 20, 0, 0, 0, 0, 0, 0, 0.00, 0.00, '20', 'PAR-L', NULL, 'inactive', 'user', '2025-03-08 17:00:00', '2025-03-10 10:18:07'),
(39, 'BRD1-1B-0325-001', 21, 230, 0, 0, 2, 0, 69, 0, NULL, 4, 4, 0, 65, 0, 0, 0, 0, 0, 0, 0.00, 0.00, '25', 'PAR-L', NULL, 'inactive', 'user', '2025-01-30 17:00:00', '2025-03-10 10:18:07'),
(40, 'BRD1-1B-0325-001', 20, 229, 1, 0, 1, 0, 70, 0, NULL, 2, 2, 0, 66, 0, 0, 0, 0, 0, 0, 0.00, 0.00, '25', 'PAR-L', NULL, 'inactive', 'user', '2025-01-31 17:00:00', '2025-03-10 10:18:07'),
(41, 'BRD1-1B-0325-001', 19, 228, 1, 0, 1, 0, 66, 0, NULL, 3, 3, 0, 60, 0, 0, 0, 0, 0, 0, 0.00, 0.00, '25', 'PAR-L', NULL, 'inactive', 'user', '2025-02-01 17:00:00', '2025-03-10 10:18:07'),
(42, 'BRD1-1B-0325-001', 19, 223, 0, 2, 0, 0, 68, 0, NULL, 5, 3, 0, 60, 0, 0, 0, 0, 0, 0, 0.00, 0.00, '25', 'PAR-L', NULL, 'inactive', 'user', '2025-02-02 17:00:00', '2025-03-10 10:18:07'),
(43, 'BRD1-1B-0325-001', 19, 211, 0, 2, 0, 0, 67, 0, NULL, 5, 2, 0, 60, 33, 0, 10, 0, 0, 0, 0.00, 0.00, '25', 'PAR-L', NULL, 'inactive', 'user', '2025-02-03 17:00:00', '2025-03-10 10:18:07'),
(44, 'BRD1-1B-0325-001', 19, 211, 0, 0, 0, 0, 64, 0, NULL, 4, 2, 0, 58, 0, 0, 0, 0, 0, 0, 0.00, 0.00, '25', 'PAR-L', NULL, 'inactive', 'user', '2025-02-04 17:00:00', '2025-03-10 10:18:07'),
(45, 'BRD1-1B-0325-001', 19, 211, 0, 0, 0, 0, 50, 0, NULL, 5, 2, 0, 43, 0, 0, 0, 0, 0, 0, 0.00, 0.00, '25', 'PAR-L', NULL, 'inactive', 'user', '2025-02-05 17:00:00', '2025-03-10 10:18:07'),
(46, 'BRD1-1B-0325-001', 19, 210, 0, 0, 1, 0, 61, 0, NULL, 5, 4, 0, 52, 0, 0, 0, 0, 0, 0, 0.00, 0.00, '25', 'PAR-L', NULL, 'inactive', 'user', '2025-02-06 17:00:00', '2025-03-10 10:18:07'),
(47, 'BRD1-1B-0325-001', 18, 210, 1, 0, 0, 0, 61, 0, NULL, 5, 4, 0, 52, 0, 0, 0, 0, 0, 0, 0.00, 0.00, '25', 'PAR-L', NULL, 'inactive', 'user', '2025-02-07 17:00:00', '2025-03-10 10:18:08'),
(48, 'BRD1-1B-0325-001', 18, 210, 1, 0, 0, 0, 53, 0, NULL, 4, 2, 0, 47, 0, 0, 0, 0, 0, 0, 0.00, 0.00, '25', 'PAR-L', NULL, 'inactive', 'user', '2025-02-08 17:00:00', '2025-03-10 10:18:08'),
(49, 'BRD1-1B-0325-001', 17, 210, 1, 0, 0, 0, 52, 0, NULL, 5, 2, 0, 45, 0, 0, 0, 0, 0, 0, 0.00, 0.00, '25', 'PAR-L', NULL, 'inactive', 'user', '2025-02-09 17:00:00', '2025-03-10 10:18:08'),
(50, 'BRD1-1B-0325-001', 17, 213, 1, 0, 0, 20, 51, 0, NULL, 4, 3, 0, 44, 0, 0, 0, 0, 0, 0, 0.00, 0.00, '25', 'PAR-L', NULL, 'inactive', 'user', '2025-02-10 17:00:00', '2025-03-10 10:18:08'),
(51, 'BRD1-1B-0325-001', 17, 203, 0, 0, 0, 10, 50, 0, NULL, 3, 2, 0, 45, 0, 0, 0, 0, 0, 0, 0.00, 0.00, '25', 'PAR-L', NULL, 'inactive', 'user', '2025-02-11 17:00:00', '2025-03-10 10:18:08'),
(52, 'BRD1-1B-0325-001', 17, 203, 0, 0, 0, 0, 42, 0, NULL, 5, 2, 0, 35, 0, 0, 0, 0, 0, 0, 0.00, 0.00, '25', 'PAR-L', NULL, 'inactive', 'user', '2025-02-12 17:00:00', '2025-03-10 10:18:08'),
(53, 'BRD1-1B-0325-001', 17, 203, 0, 0, 1, 0, 46, 0, NULL, 4, 2, 0, 40, 0, 0, 0, 0, 0, 0, 0.00, 0.00, '25', 'PAR-L', NULL, 'inactive', 'user', '2025-02-13 17:00:00', '2025-03-10 10:18:08'),
(54, 'BRD1-1B-0325-001', 17, 202, 0, 0, 1, 0, 37, 0, NULL, 5, 2, 0, 30, 0, 0, 0, 0, 0, 0, 0.00, 0.00, '25', 'PAR-L', NULL, 'inactive', 'user', '2025-02-14 17:00:00', '2025-03-10 10:18:08'),
(55, 'BRD1-1B-0325-001', 17, 201, 0, 0, 1, 0, 35, 0, NULL, 4, 2, 0, 29, 0, 0, 0, 0, 0, 0, 0.00, 0.00, '25', 'PAR-L', NULL, 'inactive', 'user', '2025-02-15 17:00:00', '2025-03-10 10:18:08'),
(56, 'BRD1-1B-0325-001', 17, 201, 0, 0, 0, 0, 33, 0, NULL, 2, 3, 0, 28, 0, 0, 0, 0, 0, 0, 0.00, 0.00, '25', 'PAR-L', NULL, 'inactive', 'user', '2025-02-16 17:00:00', '2025-03-10 10:18:08'),
(57, 'BRD1-1B-0325-001', 17, 201, 0, 0, 0, 0, 35, 0, NULL, 3, 2, 0, 30, 0, 0, 0, 0, 0, 0, 0.00, 0.00, '23', 'PAR-L', NULL, 'inactive', 'user', '2025-02-17 17:00:00', '2025-03-10 10:18:08'),
(58, 'BRD1-1B-0325-001', 17, 200, 0, 0, 1, 0, 35, 0, NULL, 3, 2, 0, 30, 0, 0, 0, 0, 0, 0, 0.00, 0.00, '23', 'PAR-L', NULL, 'inactive', 'user', '2025-02-18 17:00:00', '2025-03-10 10:18:08'),
(59, 'BRD1-1B-0325-001', 17, 199, 0, 0, 1, 0, 36, 0, NULL, 3, 3, 0, 30, 0, 0, 0, 0, 0, 0, 0.00, 0.00, '23', 'PAR-L', NULL, 'inactive', 'user', '2025-02-19 17:00:00', '2025-03-10 10:18:08'),
(60, 'BRD1-1B-0325-001', 17, 198, 0, 0, 1, 0, 36, 0, NULL, 4, 2, 0, 30, 0, 0, 0, 0, 0, 0, 0.00, 0.00, '23', 'PAR-L', NULL, 'inactive', 'user', '2025-02-20 17:00:00', '2025-03-10 10:18:08'),
(61, 'BRD1-1B-0325-001', 16, 198, 1, 0, 0, 0, 35, 0, NULL, 3, 2, 0, 30, 0, 0, 0, 0, 0, 0, 0.00, 0.00, '23', 'PAR-L', NULL, 'inactive', 'user', '2025-02-21 17:00:00', '2025-03-10 10:18:08'),
(62, 'BRD1-1B-0325-001', 16, 198, 0, 0, 0, 0, 35, 0, NULL, 3, 2, 0, 30, 0, 0, 0, 0, 0, 0, 0.00, 0.00, '23', 'PAR-L', NULL, 'inactive', 'user', '2025-02-22 17:00:00', '2025-03-10 10:18:08'),
(63, 'BRD1-1B-0325-001', 16, 197, 0, 0, 1, 0, 35, 0, NULL, 4, 1, 0, 30, 0, 0, 0, 0, 0, 0, 0.00, 0.00, '23', 'PAR-L', NULL, 'inactive', 'user', '2025-02-23 17:00:00', '2025-03-10 10:18:08'),
(64, 'BRD1-1B-0325-001', 16, 197, 0, 0, 0, 0, 37, 0, NULL, 3, 2, 0, 32, 0, 0, 0, 0, 0, 0, 0.00, 0.00, '23', 'PAR-L', NULL, 'inactive', 'user', '2025-02-24 17:00:00', '2025-03-10 10:18:08'),
(65, 'BRD1-1B-0325-001', 15, 151, 0, 1, 2, 44, 30, 0, NULL, 3, 2, 0, 25, 0, 0, 0, 0, 0, 0, 0.00, 0.00, '23', 'PAR-L', NULL, 'inactive', 'user', '2025-02-25 17:00:00', '2025-03-10 10:18:08'),
(66, 'BRD1-1B-0325-001', 15, 149, 0, 0, 2, 0, 30, 0, NULL, 3, 2, 0, 25, 0, 0, 0, 0, 0, 0, 0.00, 0.00, '23', 'PAR-L', NULL, 'inactive', 'user', '2025-02-26 17:00:00', '2025-03-10 10:18:08'),
(67, 'BRD1-1B-0325-001', 15, 147, 0, 0, 2, 0, 25, 0, NULL, 3, 2, 0, 20, 0, 0, 0, 0, 0, 0, 0.00, 0.00, '23', 'PAR-L', NULL, 'inactive', 'user', '2025-02-27 17:00:00', '2025-03-10 10:18:08'),
(68, 'BRD1-1B-0325-001', 15, 146, 0, 0, 1, 0, 25, 0, NULL, 3, 2, 0, 20, 0, 0, 0, 0, 0, 0, 0.00, 0.00, '23', 'PAR-L', NULL, 'inactive', 'user', '2025-02-28 17:00:00', '2025-03-10 10:18:08'),
(69, 'BRD1-1B-0325-001', 15, 145, 0, 0, 1, 0, 30, 0, NULL, 3, 2, 0, 25, 0, 0, 0, 0, 0, 0, 0.00, 0.00, '23', 'PAR-L', NULL, 'inactive', 'user', '2025-03-01 17:00:00', '2025-03-10 10:18:08'),
(70, 'BRD1-1B-0325-001', 15, 124, 0, 0, 1, 20, 31, 0, NULL, 4, 2, 0, 25, 0, 0, 0, 0, 0, 0, 0.00, 0.00, '23', 'PAR-L', NULL, 'inactive', 'user', '2025-03-02 17:00:00', '2025-03-10 10:18:08'),
(71, 'BRD1-1B-0325-001', 15, 123, 0, 0, 1, 0, 24, 0, NULL, 3, 1, 0, 20, 0, 0, 0, 0, 0, 0, 0.00, 0.00, '23', 'PAR-L', NULL, 'inactive', 'user', '2025-03-03 17:00:00', '2025-03-10 10:18:08'),
(72, 'BRD1-1B-0325-001', 15, 120, 0, 0, 0, 3, 26, 0, NULL, 2, 1, 0, 23, 0, 0, 0, 0, 0, 0, 0.00, 0.00, '23', 'PAR-L', NULL, 'inactive', 'user', '2025-03-04 17:00:00', '2025-03-10 10:18:08'),
(73, 'BRD1-1B-0325-001', 15, 119, 0, 0, 1, 0, 29, 0, NULL, 3, 1, 0, 26, 0, 0, 0, 0, 0, 0, 0.00, 0.00, '23', 'PAR-L', NULL, 'inactive', 'user', '2025-03-05 17:00:00', '2025-03-10 10:18:08'),
(74, 'BRD1-1B-0325-001', 15, 119, 0, 0, 0, 0, 27, 0, NULL, 3, 1, 0, 23, 0, 0, 0, 0, 0, 0, 0.00, 0.00, '23', 'PAR-L', NULL, 'inactive', 'user', '2025-03-06 17:00:00', '2025-03-10 10:18:08'),
(75, 'BRD1-1B-0325-001', 15, 119, 0, 0, 0, 0, 24, 0, NULL, 3, 1, 0, 20, 0, 0, 0, 0, 0, 0, 0.00, 0.00, '23', 'PAR-L', NULL, 'inactive', 'user', '2025-03-07 17:00:00', '2025-03-10 10:18:09'),
(76, 'BRD1-1B-0325-001', 14, 78, 0, 0, 20, 0, 24, 0, NULL, 3, 1, 0, 20, 0, 0, 0, 0, 0, 0, 0.00, 0.00, '23', 'PAR-L', NULL, 'inactive', 'user', '2025-03-08 17:00:00', '2025-03-10 10:18:09'),
(77, 'BRD1-1C-0325-001', 19, 144, 0, 0, 0, 0, 26, 0, NULL, 1, 3, 0, 22, 0, 0, 0, 0, 0, 0, 0.00, 0.00, '25', 'PAR-L', NULL, 'inactive', 'user', '2025-01-30 17:00:00', '2025-03-10 10:18:09'),
(78, 'BRD1-1C-0325-001', 19, 143, 0, 0, 1, 0, 30, 0, NULL, 1, 4, 0, 25, 0, 0, 0, 0, 0, 0, 0.00, 0.00, '25', 'PAR-L', NULL, 'inactive', 'user', '2025-01-31 17:00:00', '2025-03-10 10:18:09'),
(79, 'BRD1-1C-0325-001', 19, 143, 0, 0, 0, 0, 27, 0, NULL, 1, 3, 0, 24, 0, 0, 0, 0, 0, 0, 0.00, 0.00, '25', 'PAR-L', NULL, 'inactive', 'user', '2025-02-01 17:00:00', '2025-03-10 10:18:09'),
(80, 'BRD1-1C-0325-001', 19, 141, 0, 0, 2, 0, 27, 0, NULL, 1, 1, 0, 25, 0, 0, 0, 0, 0, 0, 0.00, 0.00, '25', 'PAR-L', NULL, 'inactive', 'user', '2025-02-02 17:00:00', '2025-03-10 10:18:09'),
(81, 'BRD1-1C-0325-001', 19, 141, 0, 0, 0, 0, 26, 0, NULL, 2, 1, 0, 23, 0, 0, 0, 0, 0, 0, 0.00, 0.00, '25', 'PAR-L', NULL, 'inactive', 'user', '2025-02-03 17:00:00', '2025-03-10 10:18:09'),
(82, 'BRD1-1C-0325-001', 19, 140, 0, 0, 1, 0, 22, 0, NULL, 1, 1, 0, 20, 0, 0, 0, 0, 0, 0, 0.00, 0.00, '25', 'PAR-L', NULL, 'inactive', 'user', '2025-02-04 17:00:00', '2025-03-10 10:18:09'),
(83, 'BRD1-1C-0325-001', 19, 139, 0, 0, 1, 0, 27, 0, NULL, 1, 1, 0, 25, 0, 0, 0, 0, 0, 0, 0.00, 0.00, '25', 'PAR-L', NULL, 'inactive', 'user', '2025-02-05 17:00:00', '2025-03-10 10:18:09'),
(84, 'BRD1-1C-0325-001', 18, 138, 1, 0, 1, 0, 28, 0, NULL, 2, 1, 0, 25, 0, 0, 0, 0, 0, 0, 0.00, 0.00, '25', 'PAR-L', NULL, 'inactive', 'user', '2025-02-06 17:00:00', '2025-03-10 10:18:09'),
(85, 'BRD1-1C-0325-001', 18, 137, 0, 0, 1, 0, 27, 0, NULL, 3, 2, 0, 22, 0, 0, 0, 0, 0, 0, 0.00, 0.00, '25', 'PAR-L', NULL, 'inactive', 'user', '2025-02-07 17:00:00', '2025-03-10 10:18:09'),
(86, 'BRD1-1C-0325-001', 17, 135, 1, 0, 2, 0, 28, 0, NULL, 2, 1, 0, 25, 0, 0, 0, 0, 0, 0, 0.00, 0.00, '25', 'PAR-L', NULL, 'inactive', 'user', '2025-02-08 17:00:00', '2025-03-10 10:18:09'),
(87, 'BRD1-1C-0325-001', 17, 134, 0, 0, 1, 0, 28, 0, NULL, 1, 2, 0, 25, 0, 0, 0, 0, 0, 0, 0.00, 0.00, '25', 'PAR-L', NULL, 'inactive', 'user', '2025-02-09 17:00:00', '2025-03-10 10:18:09'),
(88, 'BRD1-1C-0325-001', 16, 134, 1, 0, 0, 0, 26, 0, NULL, 1, 2, 0, 23, 0, 0, 0, 0, 0, 0, 0.00, 0.00, '25', 'PAR-L', NULL, 'inactive', 'user', '2025-02-10 17:00:00', '2025-03-10 10:18:09'),
(89, 'BRD1-1C-0325-001', 16, 127, 0, 0, 1, 6, 25, 0, NULL, 1, 1, 0, 23, 0, 0, 0, 0, 0, 0, 0.00, 0.00, '25', 'PAR-L', NULL, 'inactive', 'user', '2025-02-11 17:00:00', '2025-03-10 10:18:09'),
(90, 'BRD1-1C-0325-001', 16, 126, 0, 0, 1, 0, 29, 0, NULL, 2, 2, 0, 25, 0, 0, 0, 0, 0, 0, 0.00, 0.00, '25', 'PAR-L', NULL, 'inactive', 'user', '2025-02-12 17:00:00', '2025-03-10 10:18:09'),
(91, 'BRD1-1C-0325-001', 16, 125, 0, 0, 1, 0, 29, 0, NULL, 3, 1, 0, 25, 0, 0, 0, 0, 0, 0, 0.00, 0.00, '25', 'PAR-L', NULL, 'inactive', 'user', '2025-02-13 17:00:00', '2025-03-10 10:18:09'),
(92, 'BRD1-1C-0325-001', 15, 125, 1, 0, 0, 0, 23, 0, NULL, 2, 2, 0, 19, 0, 0, 0, 0, 0, 0, 0.00, 0.00, '25', 'PAR-L', NULL, 'inactive', 'user', '2025-02-14 17:00:00', '2025-03-10 10:18:09'),
(93, 'BRD1-1C-0325-001', 15, 125, 0, 0, 0, 0, 22, 0, NULL, 1, 1, 0, 20, 0, 0, 0, 0, 0, 0, 0.00, 0.00, '25', 'PAR-L', NULL, 'inactive', 'user', '2025-02-15 17:00:00', '2025-03-10 10:18:09'),
(94, 'BRD1-1C-0325-001', 15, 124, 0, 0, 1, 0, 26, 0, NULL, 1, 2, 0, 23, 0, 0, 0, 0, 0, 0, 0.00, 0.00, '25', 'PAR-L', NULL, 'inactive', 'user', '2025-02-16 17:00:00', '2025-03-10 10:18:09'),
(95, 'BRD1-1C-0325-001', 15, 123, 0, 0, 1, 0, 29, 0, NULL, 2, 2, 0, 25, 0, 0, 0, 0, 0, 0, 0.00, 0.00, '17', 'PAR-L', NULL, 'inactive', 'user', '2025-02-17 17:00:00', '2025-03-10 10:18:09'),
(96, 'BRD1-1C-0325-001', 15, 122, 0, 0, 1, 0, 28, 0, NULL, 2, 1, 0, 25, 0, 0, 0, 0, 0, 0, 0.00, 0.00, '17', 'PAR-L', NULL, 'inactive', 'user', '2025-02-18 17:00:00', '2025-03-10 10:18:09'),
(97, 'BRD1-1C-0325-001', 15, 122, 0, 0, 0, 0, 27, 0, NULL, 1, 1, 0, 25, 0, 0, 0, 0, 0, 0, 0.00, 0.00, '17', 'PAR-L', NULL, 'inactive', 'user', '2025-02-19 17:00:00', '2025-03-10 10:18:09'),
(98, 'BRD1-1C-0325-001', 15, 121, 0, 0, 1, 0, 28, 0, NULL, 2, 1, 0, 25, 0, 0, 0, 0, 0, 0, 0.00, 0.00, '17', 'PAR-L', NULL, 'inactive', 'user', '2025-02-20 17:00:00', '2025-03-10 10:18:09'),
(99, 'BRD1-1C-0325-001', 15, 120, 0, 0, 1, 0, 28, 0, NULL, 1, 2, 0, 25, 0, 0, 0, 0, 0, 0, 0.00, 0.00, '14', 'PAR-L', NULL, 'inactive', 'user', '2025-02-21 17:00:00', '2025-03-10 10:18:09'),
(100, 'BRD1-1C-0325-001', 15, 119, 0, 0, 1, 0, 28, 0, NULL, 2, 1, 0, 25, 0, 0, 0, 0, 0, 0, 0.00, 0.00, '14', 'PAR-L', NULL, 'inactive', 'user', '2025-02-22 17:00:00', '2025-03-10 10:18:09'),
(101, 'BRD1-1C-0325-001', 15, 119, 0, 0, 0, 0, 28, 0, NULL, 1, 2, 0, 25, 0, 0, 0, 0, 0, 0, 0.00, 0.00, '14', 'PAR-L', NULL, 'inactive', 'user', '2025-02-23 17:00:00', '2025-03-10 10:18:10'),
(102, 'BRD1-1C-0325-001', 15, 119, 0, 0, 0, 0, 27, 0, NULL, 1, 1, 0, 25, 0, 0, 0, 0, 0, 0, 0.00, 0.00, '14', 'PAR-L', NULL, 'inactive', 'user', '2025-02-24 17:00:00', '2025-03-10 10:18:10'),
(103, 'BRD1-1C-0325-001', 15, 119, 0, 0, 0, 0, 28, 0, NULL, 2, 1, 0, 25, 0, 0, 0, 0, 0, 0, 0.00, 0.00, '14', 'PAR-L', NULL, 'inactive', 'user', '2025-02-25 17:00:00', '2025-03-10 10:18:10'),
(104, 'BRD1-1C-0325-001', 15, 118, 0, 0, 1, 0, 27, 0, NULL, 1, 1, 0, 25, 0, 0, 0, 0, 0, 0, 0.00, 0.00, '14', 'PAR-L', NULL, 'inactive', 'user', '2025-02-26 17:00:00', '2025-03-10 10:18:10'),
(105, 'BRD1-1C-0325-001', 15, 117, 0, 0, 1, 0, 24, 0, NULL, 1, 1, 0, 22, 0, 0, 0, 0, 0, 0, 0.00, 0.00, '14', 'PAR-L', NULL, 'inactive', 'user', '2025-02-27 17:00:00', '2025-03-10 10:18:10'),
(106, 'BRD1-1C-0325-001', 15, 116, 0, 0, 1, 0, 24, 0, NULL, 2, 1, 0, 21, 0, 0, 0, 0, 0, 0, 0.00, 0.00, '14', 'PAR-L', NULL, 'inactive', 'user', '2025-02-28 17:00:00', '2025-03-10 10:18:11'),
(107, 'BRD1-1C-0325-001', 15, 116, 0, 0, 0, 0, 24, 0, NULL, 1, 1, 0, 22, 0, 0, 0, 0, 0, 0, 0.00, 0.00, '14', 'PAR-L', NULL, 'inactive', 'user', '2025-03-01 17:00:00', '2025-03-10 10:18:11'),
(108, 'BRD1-1C-0325-001', 15, 116, 0, 0, 0, 0, 25, 0, NULL, 2, 2, 0, 21, 0, 0, 0, 0, 0, 0, 0.00, 0.00, '14', 'PAR-L', NULL, 'inactive', 'user', '2025-03-02 17:00:00', '2025-03-10 10:18:11'),
(109, 'BRD1-1C-0325-001', 15, 116, 0, 0, 0, 0, 24, 0, NULL, 2, 2, 0, 20, 0, 0, 0, 0, 0, 0, 0.00, 0.00, '14', 'PAR-L', NULL, 'inactive', 'user', '2025-03-03 17:00:00', '2025-03-10 10:18:11'),
(110, 'BRD1-1C-0325-001', 15, 115, 0, 0, 1, 0, 23, 0, NULL, 1, 2, 0, 20, 0, 0, 0, 0, 0, 0, 0.00, 0.00, '14', 'PAR-L', NULL, 'inactive', 'user', '2025-03-04 17:00:00', '2025-03-10 10:18:11'),
(111, 'BRD1-1C-0325-001', 15, 115, 0, 0, 0, 0, 24, 0, NULL, 2, 2, 0, 20, 0, 0, 0, 0, 0, 0, 0.00, 0.00, '14', 'PAR-L', NULL, 'inactive', 'user', '2025-03-05 17:00:00', '2025-03-10 10:18:11'),
(112, 'BRD1-1C-0325-001', 15, 114, 0, 0, 1, 0, 24, 0, NULL, 2, 2, 0, 20, 0, 0, 0, 0, 0, 0, 0.00, 0.00, '14', 'PAR-L', NULL, 'inactive', 'user', '2025-03-06 17:00:00', '2025-03-10 10:18:11'),
(113, 'BRD1-1C-0325-001', 14, 114, 1, 0, 0, 0, 24, 0, NULL, 2, 2, 0, 20, 0, 0, 0, 0, 0, 0, 0.00, 0.00, '14', 'PAR-L', NULL, 'inactive', 'user', '2025-03-07 17:00:00', '2025-03-10 10:18:11'),
(114, 'BRD1-1C-0325-001', 13, 115, 1, 0, 0, 0, 19, 0, NULL, 2, 2, 0, 15, 0, 0, 0, 0, 0, 0, 0.00, 0.00, '14', 'PAR-L', NULL, 'inactive', 'user', '2025-03-08 17:00:00', '2025-03-10 10:18:11'),
(115, 'BRD1-1D-0325-001', 18, 165, 0, 0, 1, 0, 47, 0, NULL, 2, 1, 0, 44, 0, 0, 0, 0, 0, 0, 0.00, 0.00, '25', 'PAR-L', NULL, 'inactive', 'user', '2025-01-30 17:00:00', '2025-03-10 10:18:11'),
(116, 'BRD1-1D-0325-001', 18, 165, 0, 0, 0, 0, 44, 0, NULL, 1, 1, 0, 42, 0, 0, 0, 0, 0, 0, 0.00, 0.00, '25', 'PAR-L', NULL, 'inactive', 'user', '2025-01-31 17:00:00', '2025-03-10 10:18:11'),
(117, 'BRD1-1D-0325-001', 18, 164, 0, 0, 1, 0, 45, 0, NULL, 3, 2, 0, 40, 0, 0, 0, 0, 0, 0, 0.00, 0.00, '25', 'PAR-L', NULL, 'inactive', 'user', '2025-02-01 17:00:00', '2025-03-10 10:18:11'),
(118, 'BRD1-1D-0325-001', 18, 163, 0, 0, 1, 0, 44, 0, NULL, 2, 2, 0, 40, 0, 0, 0, 0, 0, 0, 0.00, 0.00, '25', 'PAR-L', NULL, 'inactive', 'user', '2025-02-02 17:00:00', '2025-03-10 10:18:11'),
(119, 'BRD1-1D-0325-001', 18, 162, 0, 0, 1, 0, 45, 0, NULL, 2, 1, 0, 42, 0, 0, 0, 0, 0, 0, 0.00, 0.00, '25', 'PAR-L', NULL, 'inactive', 'user', '2025-02-03 17:00:00', '2025-03-10 10:18:11'),
(120, 'BRD1-1D-0325-001', 18, 161, 0, 0, 1, 0, 47, 0, NULL, 3, 2, 0, 42, 0, 0, 0, 0, 0, 0, 0.00, 0.00, '25', 'PAR-L', NULL, 'inactive', 'user', '2025-02-04 17:00:00', '2025-03-10 10:18:11'),
(121, 'BRD1-1D-0325-001', 18, 160, 0, 0, 1, 0, 38, 0, NULL, 2, 1, 0, 35, 0, 0, 0, 0, 0, 0, 0.00, 0.00, '25', 'PAR-L', NULL, 'inactive', 'user', '2025-02-05 17:00:00', '2025-03-10 10:18:11'),
(122, 'BRD1-1D-0325-001', 18, 159, 0, 0, 1, 0, 40, 0, NULL, 3, 2, 0, 35, 0, 0, 0, 0, 0, 0, 0.00, 0.00, '25', 'PAR-L', NULL, 'inactive', 'user', '2025-02-06 17:00:00', '2025-03-10 10:18:11'),
(123, 'BRD1-1D-0325-001', 18, 159, 0, 0, 0, 0, 46, 0, NULL, 2, 2, 0, 42, 0, 0, 0, 0, 0, 0, 0.00, 0.00, '25', 'PAR-L', NULL, 'inactive', 'user', '2025-02-07 17:00:00', '2025-03-10 10:18:11'),
(124, 'BRD1-1D-0325-001', 18, 158, 0, 0, 1, 0, 50, 0, NULL, 3, 2, 0, 45, 0, 0, 0, 0, 0, 0, 0.00, 0.00, '25', 'PAR-L', NULL, 'inactive', 'user', '2025-02-08 17:00:00', '2025-03-10 10:18:11'),
(125, 'BRD1-1D-0325-001', 18, 157, 0, 0, 1, 0, 43, 0, NULL, 2, 1, 0, 40, 0, 0, 0, 0, 0, 0, 0.00, 0.00, '25', 'PAR-L', NULL, 'inactive', 'user', '2025-02-09 17:00:00', '2025-03-10 10:18:11'),
(126, 'BRD1-1D-0325-001', 18, 155, 0, 0, 2, 0, 46, 0, NULL, 2, 2, 0, 42, 0, 0, 0, 0, 0, 0, 0.00, 0.00, '25', 'PAR-L', NULL, 'inactive', 'user', '2025-02-10 17:00:00', '2025-03-10 10:18:11'),
(127, 'BRD1-1D-0325-001', 17, 154, 1, 0, 1, 0, 48, 0, NULL, 3, 2, 0, 43, 0, 0, 0, 0, 0, 0, 0.00, 0.00, '25', 'PAR-L', NULL, 'inactive', 'user', '2025-02-11 17:00:00', '2025-03-10 10:18:11'),
(128, 'BRD1-1D-0325-001', 17, 153, 0, 0, 1, 0, 44, 0, NULL, 3, 1, 0, 40, 0, 0, 0, 0, 0, 0, 0.00, 0.00, '25', 'PAR-L', NULL, 'inactive', 'user', '2025-02-12 17:00:00', '2025-03-10 10:18:11'),
(129, 'BRD1-1D-0325-001', 17, 153, 0, 0, 0, 0, 44, 0, NULL, 2, 2, 0, 40, 0, 0, 0, 0, 0, 0, 0.00, 0.00, '25', 'PAR-L', NULL, 'inactive', 'user', '2025-02-13 17:00:00', '2025-03-10 10:18:11'),
(130, 'BRD1-1D-0325-001', 17, 152, 0, 0, 1, 0, 44, 0, NULL, 2, 1, 0, 41, 0, 0, 0, 0, 0, 0, 0.00, 0.00, '25', 'PAR-L', NULL, 'inactive', 'user', '2025-02-14 17:00:00', '2025-03-10 10:18:12'),
(131, 'BRD1-1D-0325-001', 17, 152, 0, 0, 0, 0, 46, 0, NULL, 3, 2, 0, 41, 0, 0, 0, 0, 0, 0, 0.00, 0.00, '25', 'PAR-L', NULL, 'inactive', 'user', '2025-02-15 17:00:00', '2025-03-10 10:18:12'),
(132, 'BRD1-1D-0325-001', 16, 151, 1, 0, 1, 0, 46, 0, NULL, 3, 2, 0, 41, 0, 0, 0, 0, 0, 0, 0.00, 0.00, '25', 'PAR-L', NULL, 'inactive', 'user', '2025-02-16 17:00:00', '2025-03-10 10:18:12'),
(133, 'BRD1-1D-0325-001', 16, 150, 0, 0, 1, 0, 40, 0, NULL, 3, 2, 0, 35, 0, 0, 0, 0, 0, 0, 0.00, 0.00, '18', 'PAR-L', NULL, 'inactive', 'user', '2025-02-17 17:00:00', '2025-03-10 10:18:12'),
(134, 'BRD1-1D-0325-001', 16, 150, 0, 0, 0, 0, 45, 0, NULL, 3, 2, 0, 40, 0, 0, 0, 0, 0, 0, 0.00, 0.00, '18', 'PAR-L', NULL, 'inactive', 'user', '2025-02-18 17:00:00', '2025-03-10 10:18:12'),
(135, 'BRD1-1D-0325-001', 16, 149, 0, 0, 1, 0, 50, 0, NULL, 4, 1, 0, 45, 0, 0, 0, 0, 0, 0, 0.00, 0.00, '18', 'PAR-L', NULL, 'inactive', 'user', '2025-02-19 17:00:00', '2025-03-10 10:18:12'),
(136, 'BRD1-1D-0325-001', 15, 149, 1, 0, 0, 0, 45, 0, NULL, 3, 2, 0, 40, 0, 0, 0, 0, 0, 0, 0.00, 0.00, '18', 'PAR-L', NULL, 'inactive', 'user', '2025-02-20 17:00:00', '2025-03-10 10:18:12'),
(137, 'BRD1-1D-0325-001', 14, 148, 0, 0, 1, 0, 43, 0, NULL, 2, 1, 0, 40, 0, 0, 0, 0, 0, 0, 0.00, 0.00, '18', 'PAR-L', NULL, 'inactive', 'user', '2025-02-21 17:00:00', '2025-03-10 10:18:12'),
(138, 'BRD1-1D-0325-001', 14, 147, 0, 0, 1, 0, 51, 0, NULL, 4, 2, 0, 45, 0, 0, 0, 0, 0, 0, 0.00, 0.00, '18', 'PAR-L', NULL, 'inactive', 'user', '2025-02-22 17:00:00', '2025-03-10 10:18:12'),
(139, 'BRD1-1D-0325-001', 14, 146, 0, 0, 1, 0, 49, 0, NULL, 3, 1, 0, 45, 0, 0, 0, 0, 0, 0, 0.00, 0.00, '18', 'PAR-L', NULL, 'inactive', 'user', '2025-02-23 17:00:00', '2025-03-10 10:18:12'),
(140, 'BRD1-1D-0325-001', 14, 145, 0, 0, 1, 0, 49, 0, NULL, 3, 2, 0, 44, 0, 0, 0, 0, 0, 0, 0.00, 0.00, '18', 'PAR-L', NULL, 'inactive', 'user', '2025-02-24 17:00:00', '2025-03-10 10:18:12'),
(141, 'BRD1-1D-0325-001', 14, 144, 0, 0, 1, 0, 46, 0, NULL, 4, 2, 0, 40, 0, 0, 0, 0, 0, 0, 0.00, 0.00, '18', 'PAR-L', NULL, 'inactive', 'user', '2025-02-25 17:00:00', '2025-03-10 10:18:12'),
(142, 'BRD1-1D-0325-001', 14, 143, 0, 0, 1, 0, 45, 0, NULL, 3, 2, 0, 40, 0, 0, 0, 0, 0, 0, 0.00, 0.00, '18', 'PAR-L', NULL, 'inactive', 'user', '2025-02-26 17:00:00', '2025-03-10 10:18:12'),
(143, 'BRD1-1D-0325-001', 14, 143, 0, 0, 0, 0, 42, 0, NULL, 3, 0, 0, 39, 0, 0, 0, 0, 0, 0, 0.00, 0.00, '18', 'PAR-L', NULL, 'inactive', 'user', '2025-02-27 17:00:00', '2025-03-10 10:18:12'),
(144, 'BRD1-1D-0325-001', 14, 141, 0, 0, 2, 0, 41, 0, NULL, 2, 2, 0, 37, 0, 0, 0, 0, 0, 0, 0.00, 0.00, '18', 'PAR-L', NULL, 'inactive', 'user', '2025-02-28 17:00:00', '2025-03-10 10:18:12'),
(145, 'BRD1-1D-0325-001', 14, 140, 0, 0, 1, 0, 42, 0, NULL, 2, 1, 0, 39, 0, 0, 0, 0, 0, 0, 0.00, 0.00, '18', 'PAR-L', NULL, 'inactive', 'user', '2025-03-01 17:00:00', '2025-03-10 10:18:12'),
(146, 'BRD1-1D-0325-001', 14, 140, 0, 0, 0, 0, 37, 0, NULL, 3, 3, 0, 31, 0, 0, 0, 0, 0, 0, 0.00, 0.00, '18', 'PAR-L', NULL, 'inactive', 'user', '2025-03-02 17:00:00', '2025-03-10 10:18:12'),
(147, 'BRD1-1D-0325-001', 14, 139, 0, 0, 1, 0, 29, 0, NULL, 3, 1, 0, 25, 0, 0, 0, 0, 0, 0, 0.00, 0.00, '18', 'PAR-L', NULL, 'inactive', 'user', '2025-03-03 17:00:00', '2025-03-10 10:18:12'),
(148, 'BRD1-1D-0325-001', 14, 138, 0, 0, 1, 0, 29, 0, NULL, 2, 2, 0, 25, 0, 0, 0, 0, 0, 0, 0.00, 0.00, '18', 'PAR-L', NULL, 'inactive', 'user', '2025-03-04 17:00:00', '2025-03-10 10:18:12'),
(149, 'BRD1-1D-0325-001', 14, 137, 0, 0, 1, 0, 34, 0, NULL, 2, 2, 0, 30, 0, 0, 0, 0, 0, 0, 0.00, 0.00, '18', 'PAR-L', NULL, 'inactive', 'user', '2025-03-05 17:00:00', '2025-03-10 10:18:12'),
(150, 'BRD1-1D-0325-001', 13, 137, 1, 0, 0, 0, 30, 0, NULL, 3, 2, 0, 25, 0, 0, 0, 0, 0, 0, 0.00, 0.00, '18', 'PAR-L', NULL, 'inactive', 'user', '2025-03-06 17:00:00', '2025-03-10 10:18:12'),
(151, 'BRD1-1D-0325-001', 13, 136, 0, 0, 1, 0, 26, 0, NULL, 3, 1, 0, 22, 0, 0, 0, 0, 0, 0, 0.00, 0.00, '18', 'PAR-L', NULL, 'inactive', 'user', '2025-03-07 17:00:00', '2025-03-10 10:18:12'),
(152, 'BRD1-1D-0325-001', 13, 134, 0, 0, 1, 0, 29, 0, NULL, 3, 1, 0, 25, 0, 0, 0, 0, 0, 0, 0.00, 0.00, '18', 'PAR-L', NULL, 'inactive', 'user', '2025-03-08 17:00:00', '2025-03-10 10:18:12'),
(153, 'BRD1-2A-0325-001', 150, 123, 0, 0, 0, 0, 0, 0, NULL, 0, 0, 0, 0, 0, 0, 0, 0, 0, 0, 0.00, 0.00, '50', 'PAR-G', NULL, 'inactive', 'user', '2025-01-30 17:00:00', '2025-03-10 10:18:12'),
(154, 'BRD1-2A-0325-001', 150, 123, 0, 0, 0, 0, 0, 0, NULL, 0, 0, 0, 0, 0, 0, 0, 0, 0, 0, 0.00, 0.00, '50', 'PAR-G', NULL, 'inactive', 'user', '2025-01-31 17:00:00', '2025-03-10 10:18:12'),
(155, 'BRD1-2A-0325-001', 150, 123, 0, 0, 0, 0, 0, 0, NULL, 0, 0, 0, 0, 0, 0, 0, 0, 0, 0, 0.00, 0.00, '50', 'PAR-G', NULL, 'inactive', 'user', '2025-02-01 17:00:00', '2025-03-10 10:18:12'),
(156, 'BRD1-2A-0325-001', 149, 122, 1, 0, 1, 0, 0, 0, NULL, 0, 0, 0, 0, 0, 0, 0, 0, 0, 0, 0.00, 0.00, '50', 'PAR-G', NULL, 'inactive', 'user', '2025-02-02 17:00:00', '2025-03-10 10:18:12'),
(157, 'BRD1-2A-0325-001', 149, 122, 0, 0, 0, 0, 0, 0, NULL, 0, 0, 0, 0, 0, 0, 0, 0, 0, 0, 0.00, 0.00, '50', 'PAR-G', NULL, 'inactive', 'user', '2025-02-03 17:00:00', '2025-03-10 10:18:12'),
(158, 'BRD1-2A-0325-001', 148, 122, 1, 0, 0, 0, 0, 0, NULL, 0, 0, 0, 0, 0, 0, 0, 0, 0, 0, 0.00, 0.00, '50', 'PAR-G', NULL, 'inactive', 'user', '2025-02-04 17:00:00', '2025-03-10 10:18:13'),
(159, 'BRD1-2A-0325-001', 148, 122, 0, 0, 0, 0, 0, 0, NULL, 0, 0, 0, 0, 0, 0, 0, 0, 0, 0, 0.00, 0.00, '50', 'PAR-G', NULL, 'inactive', 'user', '2025-02-05 17:00:00', '2025-03-10 10:18:13'),
(160, 'BRD1-2A-0325-001', 337, 429, 0, 0, 1, 0, 0, 0, NULL, 0, 0, 0, 0, 0, 0, 0, 0, 0, 0, 0.00, 0.00, '50', 'PAR-G', NULL, 'inactive', 'user', '2025-02-06 17:00:00', '2025-03-10 10:18:13'),
(161, 'BRD1-2A-0325-001', 336, 429, 1, 0, 0, 0, 0, 0, NULL, 0, 0, 0, 0, 0, 0, 0, 0, 0, 0, 0.00, 0.00, '50', 'PAR-G', NULL, 'inactive', 'user', '2025-02-07 17:00:00', '2025-03-10 10:18:13'),
(162, 'BRD1-2A-0325-001', 336, 429, 0, 0, 0, 0, 0, 0, NULL, 0, 0, 0, 0, 0, 0, 0, 0, 0, 0, 0.00, 0.00, '50', 'PAR-G', NULL, 'inactive', 'user', '2025-02-08 17:00:00', '2025-03-10 10:18:13'),
(163, 'BRD1-2A-0325-001', 335, 428, 1, 1, 0, 0, 0, 0, NULL, 0, 0, 0, 0, 0, 0, 0, 0, 0, 0, 0.00, 0.00, '50', 'PAR-G', NULL, 'inactive', 'user', '2025-02-09 17:00:00', '2025-03-10 10:18:13'),
(164, 'BRD1-2A-0325-001', 335, 428, 0, 0, 0, 0, 0, 0, NULL, 0, 0, 0, 0, 0, 0, 0, 0, 0, 0, 0.00, 0.00, '50', 'PAR-G', NULL, 'inactive', 'user', '2025-02-10 17:00:00', '2025-03-10 10:18:13'),
(165, 'BRD1-2A-0325-001', 335, 428, 0, 0, 0, 0, 0, 0, NULL, 0, 0, 0, 0, 0, 0, 0, 0, 0, 0, 0.00, 0.00, '50', 'PAR-G', NULL, 'inactive', 'user', '2025-02-11 17:00:00', '2025-03-10 10:18:13'),
(166, 'BRD1-2A-0325-001', 335, 428, 0, 0, 0, 0, 0, 0, NULL, 0, 0, 0, 0, 0, 0, 0, 0, 0, 0, 0.00, 0.00, '50', 'PAR-G', NULL, 'inactive', 'user', '2025-02-12 17:00:00', '2025-03-10 10:18:13'),
(167, 'BRD1-2A-0325-001', 335, 428, 0, 0, 0, 0, 0, 0, NULL, 0, 0, 0, 0, 0, 0, 0, 0, 0, 0, 0.00, 0.00, '50', 'PAR-G', NULL, 'inactive', 'user', '2025-02-13 17:00:00', '2025-03-10 10:18:13'),
(168, 'BRD1-2A-0325-001', 335, 428, 0, 0, 0, 0, 0, 0, NULL, 0, 0, 0, 0, 0, 0, 0, 0, 0, 0, 0.00, 0.00, '50', 'PAR-G', NULL, 'inactive', 'user', '2025-02-14 17:00:00', '2025-03-10 10:18:13'),
(169, 'BRD1-2A-0325-001', 335, 428, 0, 0, 0, 0, 0, 0, NULL, 0, 0, 0, 0, 0, 0, 0, 0, 0, 0, 0.00, 0.00, '50', 'PAR-G', NULL, 'inactive', 'user', '2025-02-15 17:00:00', '2025-03-10 10:18:13'),
(170, 'BRD1-2A-0325-001', 334, 428, 1, 0, 0, 0, 0, 0, NULL, 0, 0, 0, 0, 0, 0, 0, 0, 0, 0, 0.00, 0.00, '50', 'PAR-G', NULL, 'inactive', 'user', '2025-02-16 17:00:00', '2025-03-10 10:18:13'),
(171, 'BRD1-2A-0325-001', 334, 427, 0, 0, 1, 0, 0, 0, NULL, 0, 0, 0, 0, 0, 0, 0, 0, 0, 0, 0.00, 0.00, '50', 'PAR-G', NULL, 'inactive', 'user', '2025-02-17 17:00:00', '2025-03-10 10:18:13'),
(172, 'BRD1-2A-0325-001', 333, 426, 1, 0, 1, 0, 0, 0, NULL, 0, 0, 0, 0, 0, 0, 0, 0, 0, 0, 0.00, 0.00, '50', 'PAR-G', NULL, 'inactive', 'user', '2025-02-18 17:00:00', '2025-03-10 10:18:13'),
(173, 'BRD1-2A-0325-001', 332, 425, 1, 0, 1, 0, 0, 0, NULL, 0, 0, 0, 0, 0, 0, 0, 0, 0, 0, 0.00, 0.00, '50', 'PAR-G', NULL, 'inactive', 'user', '2025-02-19 17:00:00', '2025-03-10 10:18:13'),
(174, 'BRD1-2A-0325-001', 332, 425, 0, 0, 0, 0, 0, 0, NULL, 0, 0, 0, 0, 0, 0, 0, 0, 0, 0, 0.00, 0.00, '50', 'PAR-G', NULL, 'inactive', 'user', '2025-02-20 17:00:00', '2025-03-10 10:18:13'),
(175, 'BRD1-2A-0325-001', 331, 385, 1, 0, 0, 40, 0, 0, NULL, 0, 0, 0, 0, 0, 0, 0, 0, 0, 0, 0.00, 0.00, '50', 'PAR-G', NULL, 'inactive', 'user', '2025-02-21 17:00:00', '2025-03-10 10:18:13'),
(176, 'BRD1-2A-0325-001', 330, 385, 1, 0, 0, 0, 0, 0, NULL, 0, 0, 0, 0, 0, 0, 0, 0, 0, 0, 0.00, 0.00, '50', 'PAR-G', NULL, 'inactive', 'user', '2025-02-22 17:00:00', '2025-03-10 10:18:13'),
(177, 'BRD1-2A-0325-001', 329, 385, 1, 0, 0, 0, 0, 0, NULL, 0, 0, 0, 0, 0, 0, 0, 0, 0, 0, 0.00, 0.00, '50', 'PAR-G', NULL, 'inactive', 'user', '2025-02-23 17:00:00', '2025-03-10 10:18:13'),
(178, 'BRD1-2A-0325-001', 327, 385, 1, 0, 0, 0, 0, 0, NULL, 0, 0, 0, 0, 0, 0, 0, 0, 0, 0, 0.00, 0.00, '50', 'PAR-G', NULL, 'inactive', 'user', '2025-02-24 17:00:00', '2025-03-10 10:18:13'),
(179, 'BRD1-2A-0325-001', 326, 385, 1, 0, 0, 0, 0, 0, NULL, 0, 0, 0, 0, 0, 0, 0, 0, 0, 0, 0.00, 0.00, '50', 'PAR-G', NULL, 'inactive', 'user', '2025-02-25 17:00:00', '2025-03-10 10:18:13'),
(180, 'BRD1-2A-0325-001', 325, 385, 1, 0, 0, 0, 0, 0, NULL, 0, 0, 0, 0, 0, 0, 0, 0, 0, 0, 0.00, 0.00, '50', 'PAR-G', NULL, 'inactive', 'user', '2025-02-26 17:00:00', '2025-03-10 10:18:13'),
(181, 'BRD1-2A-0325-001', 325, 384, 0, 0, 1, 0, 0, 0, NULL, 0, 0, 0, 0, 0, 0, 0, 0, 0, 0, 0.00, 0.00, '50', 'PAR-G', NULL, 'inactive', 'user', '2025-02-27 17:00:00', '2025-03-10 10:18:13'),
(182, 'BRD1-2A-0325-001', 325, 384, 0, 0, 0, 0, 0, 0, NULL, 0, 0, 0, 0, 0, 0, 0, 0, 0, 0, 0.00, 0.00, '50', 'PAR-G', NULL, 'inactive', 'user', '2025-02-28 17:00:00', '2025-03-10 10:18:13'),
(183, 'BRD1-2A-0325-001', 325, 383, 0, 0, 1, 0, 0, 0, NULL, 0, 0, 0, 0, 0, 0, 0, 0, 0, 0, 0.00, 0.00, '50', 'PAR-G', NULL, 'inactive', 'user', '2025-03-01 17:00:00', '2025-03-10 10:18:13'),
(184, 'BRD1-2A-0325-001', 325, 382, 0, 0, 1, 0, 0, 0, NULL, 0, 0, 0, 0, 0, 0, 0, 0, 0, 0, 0.00, 0.00, '50', 'PAR-G', NULL, 'inactive', 'user', '2025-03-02 17:00:00', '2025-03-10 10:18:13'),
(185, 'BRD1-2A-0325-001', 285, 382, 0, 40, 2, 0, 0, 0, NULL, 0, 0, 0, 0, 0, 0, 0, 0, 0, 0, 0.00, 0.00, '50', 'PAR-G', NULL, 'inactive', 'user', '2025-03-03 17:00:00', '2025-03-10 10:18:13'),
(186, 'BRD1-2A-0325-001', 284, 381, 1, 0, 1, 0, 0, 0, NULL, 0, 0, 0, 0, 0, 0, 0, 0, 0, 0, 0.00, 0.00, '50', 'PAR-G', NULL, 'inactive', 'user', '2025-03-04 17:00:00', '2025-03-10 10:18:14'),
(187, 'BRD1-2A-0325-001', 284, 381, 0, 0, 0, 0, 0, 0, NULL, 0, 0, 0, 0, 0, 0, 0, 0, 0, 0, 0.00, 0.00, '50', 'PAR-G', NULL, 'inactive', 'user', '2025-03-05 17:00:00', '2025-03-10 10:18:14'),
(188, 'BRD1-2A-0325-001', 284, 381, 0, 0, 0, 0, 0, 0, NULL, 0, 0, 0, 0, 0, 0, 0, 0, 0, 0, 0.00, 0.00, '50', 'PAR-G', NULL, 'inactive', 'user', '2025-03-06 17:00:00', '2025-03-10 10:18:14'),
(189, 'BRD1-2A-0325-001', 264, 381, 0, 20, 0, 0, 0, 0, NULL, 0, 0, 0, 0, 0, 0, 0, 0, 0, 0, 0.00, 0.00, '50', 'PAR-G', NULL, 'inactive', 'user', '2025-03-07 17:00:00', '2025-03-10 10:18:14'),
(190, 'BRD1-2A-0325-001', 234, 377, 0, 20, 0, 0, 0, 0, NULL, 0, 0, 0, 0, 0, 0, 0, 0, 0, 0, 0.00, 0.00, '50', 'PAR-G', NULL, 'inactive', 'user', '2025-03-08 17:00:00', '2025-03-10 10:18:14'),
(191, 'BRD1-2B-0325-001', 0, 0, 0, 0, 0, 0, 0, 0, NULL, 0, 0, 0, 0, 0, 0, 0, 0, 0, 0, 0.00, 0.00, '0', 'PAR-G', NULL, 'inactive', 'user', '2025-01-30 17:00:00', '2025-03-10 10:18:14'),
(192, 'BRD1-2B-0325-001', 0, 0, 0, 0, 0, 0, 0, 0, NULL, 0, 0, 0, 0, 0, 0, 0, 0, 0, 0, 0.00, 0.00, '0', 'PAR-G', NULL, 'inactive', 'user', '2025-01-31 17:00:00', '2025-03-10 10:18:14'),
(193, 'BRD1-2B-0325-001', 0, 0, 0, 0, 0, 0, 0, 0, NULL, 0, 0, 0, 0, 0, 0, 0, 0, 0, 0, 0.00, 0.00, '0', 'PAR-G', NULL, 'inactive', 'user', '2025-02-01 17:00:00', '2025-03-10 10:18:14'),
(194, 'BRD1-2B-0325-001', 0, 0, 0, 0, 0, 0, 0, 0, NULL, 0, 0, 0, 0, 0, 0, 0, 0, 0, 0, 0.00, 0.00, '0', 'PAR-G', NULL, 'inactive', 'user', '2025-02-02 17:00:00', '2025-03-10 10:18:14'),
(195, 'BRD1-2B-0325-001', 0, 0, 0, 0, 0, 0, 0, 0, NULL, 0, 0, 0, 0, 0, 0, 0, 0, 0, 0, 0.00, 0.00, '0', 'PAR-G', NULL, 'inactive', 'user', '2025-02-03 17:00:00', '2025-03-10 10:18:14'),
(196, 'BRD1-2B-0325-001', 0, 0, 0, 0, 0, 0, 0, 0, NULL, 0, 0, 0, 0, 0, 0, 0, 0, 0, 0, 0.00, 0.00, '0', 'PAR-G', NULL, 'inactive', 'user', '2025-02-04 17:00:00', '2025-03-10 10:18:14'),
(197, 'BRD1-2B-0325-001', 0, 0, 0, 0, 0, 0, 0, 0, NULL, 0, 0, 0, 0, 0, 0, 0, 0, 0, 0, 0.00, 0.00, '0', 'PAR-G', NULL, 'inactive', 'user', '2025-02-05 17:00:00', '2025-03-10 10:18:14'),
(198, 'BRD1-2B-0325-001', 0, 0, 0, 0, 0, 0, 0, 0, NULL, 0, 0, 0, 0, 0, 0, 0, 0, 0, 0, 0.00, 0.00, '0', 'PAR-G', NULL, 'inactive', 'user', '2025-02-06 17:00:00', '2025-03-10 10:18:14'),
(199, 'BRD1-2B-0325-001', 0, 0, 0, 0, 0, 0, 0, 0, NULL, 0, 0, 0, 0, 0, 0, 0, 0, 0, 0, 0.00, 0.00, '0', 'PAR-G', NULL, 'inactive', 'user', '2025-02-07 17:00:00', '2025-03-10 10:18:14'),
(200, 'BRD1-2B-0325-001', 0, 0, 0, 0, 0, 0, 0, 0, NULL, 0, 0, 0, 0, 0, 0, 0, 0, 0, 0, 0.00, 0.00, '0', 'PAR-G', NULL, 'inactive', 'user', '2025-02-08 17:00:00', '2025-03-10 10:18:14'),
(201, 'BRD1-2B-0325-001', 0, 0, 0, 0, 0, 0, 0, 0, NULL, 0, 0, 0, 0, 0, 0, 0, 0, 0, 0, 0.00, 0.00, '0', 'PAR-G', NULL, 'inactive', 'user', '2025-02-09 17:00:00', '2025-03-10 10:18:14'),
(202, 'BRD1-2B-0325-001', 0, 0, 0, 0, 0, 0, 0, 0, NULL, 0, 0, 0, 0, 0, 0, 0, 0, 0, 0, 0.00, 0.00, '0', 'PAR-G', NULL, 'inactive', 'user', '2025-02-10 17:00:00', '2025-03-10 10:18:14'),
(203, 'BRD1-2B-0325-001', 0, 0, 0, 0, 0, 0, 0, 0, NULL, 0, 0, 0, 0, 0, 0, 0, 0, 0, 0, 0.00, 0.00, '0', 'PAR-G', NULL, 'inactive', 'user', '2025-02-11 17:00:00', '2025-03-10 10:18:14'),
(204, 'BRD1-2B-0325-001', 0, 0, 0, 0, 0, 0, 0, 0, NULL, 0, 0, 0, 0, 0, 0, 0, 0, 0, 0, 0.00, 0.00, '0', 'PAR-G', NULL, 'inactive', 'user', '2025-02-12 17:00:00', '2025-03-10 10:18:14'),
(205, 'BRD1-2B-0325-001', 0, 0, 0, 0, 0, 0, 0, 0, NULL, 0, 0, 0, 0, 0, 0, 0, 0, 0, 0, 0.00, 0.00, '0', 'PAR-G', NULL, 'inactive', 'user', '2025-02-13 17:00:00', '2025-03-10 10:18:14'),
(206, 'BRD1-2B-0325-001', 0, 0, 0, 0, 0, 0, 0, 0, NULL, 0, 0, 0, 0, 0, 0, 0, 0, 0, 0, 0.00, 0.00, '0', 'PAR-G', NULL, 'inactive', 'user', '2025-02-14 17:00:00', '2025-03-10 10:18:14'),
(207, 'BRD1-2B-0325-001', 0, 0, 0, 0, 0, 0, 0, 0, NULL, 0, 0, 0, 0, 0, 0, 0, 0, 0, 0, 0.00, 0.00, '0', 'PAR-G', NULL, 'inactive', 'user', '2025-02-15 17:00:00', '2025-03-10 10:18:14'),
(208, 'BRD1-2B-0325-001', 0, 0, 0, 0, 0, 0, 0, 0, NULL, 0, 0, 0, 0, 0, 0, 0, 0, 0, 0, 0.00, 0.00, '0', 'PAR-G', NULL, 'inactive', 'user', '2025-02-16 17:00:00', '2025-03-10 10:18:14'),
(209, 'BRD1-2B-0325-001', 0, 0, 0, 0, 0, 0, 0, 0, NULL, 0, 0, 0, 0, 0, 0, 0, 0, 0, 0, 0.00, 0.00, '0', 'PAR-G', NULL, 'inactive', 'user', '2025-02-17 17:00:00', '2025-03-10 10:18:14'),
(210, 'BRD1-2B-0325-001', 0, 0, 0, 0, 0, 0, 0, 0, NULL, 0, 0, 0, 0, 0, 0, 0, 0, 0, 0, 0.00, 0.00, '0', 'PAR-G', NULL, 'inactive', 'user', '2025-02-18 17:00:00', '2025-03-10 10:18:14'),
(211, 'BRD1-2B-0325-001', 0, 0, 0, 0, 0, 0, 0, 0, NULL, 0, 0, 0, 0, 0, 0, 0, 0, 0, 0, 0.00, 0.00, '0', 'PAR-G', NULL, 'inactive', 'user', '2025-02-19 17:00:00', '2025-03-10 10:18:14'),
(212, 'BRD1-2B-0325-001', 0, 0, 0, 0, 0, 0, 0, 0, NULL, 0, 0, 0, 0, 0, 0, 0, 0, 0, 0, 0.00, 0.00, '0', 'PAR-G', NULL, 'inactive', 'user', '2025-02-20 17:00:00', '2025-03-10 10:18:14'),
(213, 'BRD1-2B-0325-001', 0, 450, 0, 0, 0, 0, 0, 0, NULL, 0, 0, 0, 0, 0, 0, 0, 0, 0, 0, 0.00, 0.00, '10', 'PAR-G', NULL, 'inactive', 'user', '2025-02-21 17:00:00', '2025-03-10 10:18:14'),
(214, 'BRD1-2B-0325-001', 0, 448, 0, 0, 2, 0, 0, 0, NULL, 0, 0, 0, 0, 0, 0, 0, 0, 0, 0, 0.00, 0.00, '10', 'PAR-G', NULL, 'inactive', 'user', '2025-02-22 17:00:00', '2025-03-10 10:18:14'),
(215, 'BRD1-2B-0325-001', 0, 447, 0, 0, 1, 0, 0, 0, NULL, 0, 0, 0, 0, 0, 0, 0, 0, 0, 0, 0.00, 0.00, '10', 'PAR-G', NULL, 'inactive', 'user', '2025-02-23 17:00:00', '2025-03-10 10:18:15'),
(216, 'BRD1-2B-0325-001', 0, 446, 0, 0, 1, 0, 0, 0, NULL, 0, 0, 0, 0, 0, 0, 0, 0, 0, 0, 0.00, 0.00, '10', 'PAR-G', NULL, 'inactive', 'user', '2025-02-24 17:00:00', '2025-03-10 10:18:15'),
(217, 'BRD1-2B-0325-001', 0, 445, 0, 0, 1, 0, 0, 0, NULL, 0, 0, 0, 0, 0, 0, 0, 0, 0, 0, 0.00, 0.00, '10', 'PAR-G', NULL, 'inactive', 'user', '2025-02-25 17:00:00', '2025-03-10 10:18:15'),
(218, 'BRD1-2B-0325-001', 0, 443, 0, 0, 2, 0, 0, 0, NULL, 0, 0, 0, 0, 0, 0, 0, 0, 0, 0, 0.00, 0.00, '10', 'PAR-G', NULL, 'inactive', 'user', '2025-02-26 17:00:00', '2025-03-10 10:18:15'),
(219, 'BRD1-2B-0325-001', 0, 442, 0, 0, 1, 0, 0, 0, NULL, 0, 0, 0, 0, 0, 0, 0, 0, 0, 0, 0.00, 0.00, '10', 'PAR-G', NULL, 'inactive', 'user', '2025-02-27 17:00:00', '2025-03-10 10:18:15'),
(220, 'BRD1-2B-0325-001', 0, 440, 0, 0, 2, 0, 0, 0, NULL, 0, 0, 0, 0, 0, 0, 0, 0, 0, 0, 0.00, 0.00, '10', 'PAR-G', NULL, 'inactive', 'user', '2025-02-28 17:00:00', '2025-03-10 10:18:15'),
(221, 'BRD1-2B-0325-001', 0, 439, 0, 0, 1, 0, 0, 0, NULL, 0, 0, 0, 0, 0, 0, 0, 0, 0, 0, 0.00, 0.00, '10', 'PAR-G', NULL, 'inactive', 'user', '2025-03-01 17:00:00', '2025-03-10 10:18:15'),
(222, 'BRD1-2B-0325-001', 0, 439, 0, 0, 0, 0, 0, 0, NULL, 0, 0, 0, 0, 0, 0, 0, 0, 0, 0, 0.00, 0.00, '10', 'PAR-G', NULL, 'inactive', 'user', '2025-03-02 17:00:00', '2025-03-10 10:18:15'),
(223, 'BRD1-2B-0325-001', 0, 437, 0, 0, 2, 0, 0, 0, NULL, 0, 0, 0, 0, 0, 0, 0, 0, 0, 0, 0.00, 0.00, '10', 'PAR-G', NULL, 'inactive', 'user', '2025-03-03 17:00:00', '2025-03-10 10:18:15'),
(224, 'BRD1-2B-0325-001', 0, 435, 0, 0, 2, 0, 0, 0, NULL, 0, 0, 0, 0, 0, 0, 0, 0, 0, 0, 0.00, 0.00, '10', 'PAR-G', NULL, 'inactive', 'user', '2025-03-04 17:00:00', '2025-03-10 10:18:15'),
(225, 'BRD1-2B-0325-001', 0, 435, 0, 0, 0, 0, 0, 0, NULL, 0, 0, 0, 0, 0, 0, 0, 0, 0, 0, 0.00, 0.00, '10', 'PAR-G', NULL, 'inactive', 'user', '2025-03-05 17:00:00', '2025-03-10 10:18:15'),
(226, 'BRD1-2B-0325-001', 0, 435, 0, 0, 0, 0, 0, 0, NULL, 0, 0, 0, 0, 0, 0, 0, 0, 0, 0, 0.00, 0.00, '10', 'PAR-G', NULL, 'inactive', 'user', '2025-03-06 17:00:00', '2025-03-10 10:18:15'),
(227, 'BRD1-2B-0325-001', 0, 433, 0, 0, 2, 0, 0, 0, NULL, 0, 0, 0, 0, 0, 0, 0, 0, 0, 0, 0.00, 0.00, '10', 'PAR-G', NULL, 'inactive', 'user', '2025-03-07 17:00:00', '2025-03-10 10:18:15'),
(228, 'BRD1-2B-0325-001', 0, 431, 0, 0, 2, 0, 0, 0, NULL, 0, 0, 0, 0, 0, 0, 0, 0, 0, 0, 0.00, 0.00, '10', 'PAR-G', NULL, 'inactive', 'user', '2025-03-08 17:00:00', '2025-03-10 10:18:15'),
(229, 'BRD1-1A-0325-001', 8, 156, 0, 0, 0, 0, 18, 0, NULL, 1, 2, 0, 15, 0, 0, 0, NULL, NULL, NULL, 132000.00, 132000.00, '20', 'PAR-L', NULL, 'inactive', 'user', '2025-03-10 06:06:45', '2025-03-18 08:14:10'),
(230, 'BRD1-1B-0325-001', 14, 77, 1, 0, 0, 0, 24, 0, NULL, 1, 3, 0, 20, 0, 0, 0, NULL, NULL, NULL, 99000.00, 99000.00, '15', 'PAR-L', NULL, 'inactive', 'user', '2025-03-10 06:07:26', '2025-03-18 08:14:10'),
(231, 'BRD1-1C-0325-001', 13, 114, 1, 0, 0, 0, 18, 0, NULL, 2, 1, 0, 15, 0, 0, 0, NULL, NULL, NULL, 132000.00, 132000.00, '20', 'PAR-L', NULL, 'inactive', 'user', '2025-03-10 06:08:21', '2025-03-18 08:14:10'),
(232, 'BRD1-1D-0325-001', 13, 134, 0, 0, 0, 0, 34, 0, NULL, 1, 3, 0, 30, 0, 0, 0, NULL, NULL, NULL, 132000.00, 132000.00, '20', 'PAR-L', NULL, 'inactive', 'user', '2025-03-10 06:09:16', '2025-03-18 08:14:10'),
(233, 'BRD1-2A-0325-001', 233, 377, 0, 0, 0, 0, 0, 0, NULL, 0, 0, 0, 1, 0, 0, 0, NULL, NULL, NULL, 0.00, 0.00, '50', 'PAR-G', NULL, 'active', 'user', '2025-03-10 06:09:33', '2025-03-11 06:39:06'),
(234, 'BRD1-2B-0325-001', 0, 431, 0, 0, 0, 0, 0, 0, NULL, 0, 0, 0, 0, 0, 0, 0, NULL, NULL, NULL, 0.00, 0.00, '25', 'PAR-G', NULL, 'active', 'user', '2025-03-10 06:09:50', '2025-03-11 06:39:06'),
(235, 'BRD1-1A-0325-001', 8, 156, 0, 0, 0, 0, 10, 8, NULL, 1, 2, 0, 15, 0, 0, 0, NULL, NULL, NULL, 207500.00, 207500.00, '25', 'B11A', NULL, 'inactive', 'willy', '2025-03-11 10:02:53', '2025-03-18 08:14:10'),
(236, 'BRD1-1B-0325-001', 14, 77, 0, 0, 0, 0, 25, 0, NULL, 2, 3, 0, 20, 0, 0, 0, NULL, NULL, NULL, 46200.00, 46200.00, '7', 'PAR-L', NULL, 'inactive', 'willy', '2025-03-11 10:10:34', '2025-03-18 08:14:10'),
(237, 'BRD1-1C-0325-001', 13, 114, 0, 0, 0, 0, 5, 15, NULL, 1, 2, 0, 17, 0, 0, 0, NULL, NULL, NULL, 59400.00, 59400.00, '9', 'PAR-L', NULL, 'inactive', 'willy', '2025-03-11 10:11:52', '2025-03-18 08:14:10'),
(238, 'BRD1-1D-0325-001', 12, 134, 0, 0, 1, 0, 25, 7, NULL, 2, 3, 0, 27, 0, 0, 0, NULL, NULL, NULL, 59400.00, 59400.00, '9', 'PAR-L', NULL, 'inactive', 'willy', '2025-03-11 10:13:59', '2025-03-18 08:14:10'),
(239, 'BRD1-2A-0325-001', 232, 377, 0, 0, 1, 0, 0, 0, NULL, 0, 0, 0, 0, 0, 0, 0, NULL, NULL, NULL, 0.00, 0.00, '35', 'PAR-G', NULL, 'active', 'willy', '2025-03-11 10:14:55', '2025-03-11 10:14:55'),
(240, 'BRD1-2B-0325-001', 0, 429, 2, 0, 0, 0, 0, 0, NULL, 0, 0, 0, 0, 0, 0, 0, NULL, NULL, NULL, 0.00, 0.00, '15', 'PAR-G', NULL, 'active', 'willy', '2025-03-11 10:15:42', '2025-03-11 10:15:42'),
(241, 'BRD1-2A-0325-001', 224, 375, 2, 0, 0, 8, 0, 0, NULL, 0, 0, 0, 0, 0, 0, 0, NULL, NULL, NULL, 0.00, 0.00, '50', 'PAR-G', NULL, 'active', 'willy', '2025-03-12 13:17:28', '2025-03-12 13:17:28'),
(242, 'BRD1-2B-0325-001', 0, 428, 1, 0, 0, 0, 0, 0, NULL, 0, 0, 0, 0, 0, 0, 0, NULL, NULL, NULL, 0.00, 0.00, '25', 'PAR-G', NULL, 'active', 'willy', '2025-03-12 13:18:15', '2025-03-12 13:18:15'),
(243, 'BRD1-1A-0325-001', 8, 155, 1, 0, 0, 0, 23, 0, NULL, 1, 2, 0, 20, 0, 0, 0, NULL, NULL, NULL, 99000.00, 99000.00, '15', 'PAR-L', NULL, 'inactive', 'user', '2025-03-12 03:28:34', '2025-03-18 08:14:10'),
(244, 'BRD1-1B-0325-001', 14, 75, 0, 2, 0, 0, 24, 0, NULL, 1, 3, 0, 20, 0, 0, 0, NULL, NULL, NULL, 66000.00, 66000.00, '10', 'PAR-L', NULL, 'inactive', 'user', '2025-03-12 03:29:28', '2025-03-18 08:14:10'),
(245, 'BRD1-1C-0325-001', 13, 114, 0, 0, 0, 0, 22, 0, NULL, 1, 1, 0, 20, 0, 0, 0, NULL, NULL, NULL, 79200.00, 79200.00, '12', 'PAR-L', NULL, 'inactive', 'user', '2025-03-12 03:29:59', '2025-03-18 08:14:10'),
(246, 'BRD1-1D-0325-001', 12, 133, 1, 0, 0, 0, 28, 0, NULL, 1, 2, 0, 25, 0, 0, 0, NULL, NULL, NULL, 85800.00, 85800.00, '13', 'PAR-L', NULL, 'inactive', 'user', '2025-03-12 03:30:38', '2025-03-18 08:14:10'),
(247, 'BRD1-1A-0325-001', 8, 155, 0, 0, 0, 0, 11, 12, NULL, 1, 2, 0, 20, 0, 0, 0, NULL, NULL, NULL, 99000.00, 99000.00, '15', 'PAR-L', NULL, 'inactive', 'willy', '2025-03-13 13:20:26', '2025-03-18 08:14:10'),
(248, 'BRD1-1B-0325-001', 14, 75, 0, 0, 0, 0, 14, 10, NULL, 1, 3, 0, 20, 0, 0, 0, NULL, NULL, NULL, 66000.00, 66000.00, '10', 'PAR-L', NULL, 'inactive', 'willy', '2025-03-13 13:21:44', '2025-03-18 08:14:10'),
(249, 'BRD1-1C-0325-001', 13, 113, 1, 0, 0, 0, 12, 14, NULL, 2, 2, 0, 22, 0, 0, 0, NULL, NULL, NULL, 79200.00, 79200.00, '12', 'PAR-L', NULL, 'inactive', 'willy', '2025-03-13 13:23:33', '2025-03-18 08:14:10'),
(250, 'BRD1-1D-0325-001', 12, 133, 0, 0, 0, 0, 20, 8, NULL, 1, 2, 0, 25, 0, 0, 0, NULL, NULL, NULL, 85800.00, 85800.00, '13', 'PAR-L', NULL, 'inactive', 'willy', '2025-03-13 13:24:54', '2025-03-18 08:14:10'),
(251, 'BRD1-2A-0325-001', 224, 374, 1, 0, 0, 0, 0, 0, NULL, 0, 0, 0, 0, 0, 0, 0, NULL, NULL, NULL, 0.00, 0.00, '50', 'PAR-G', NULL, 'active', 'willy', '2025-03-13 13:25:45', '2025-03-13 13:25:45'),
(252, 'BRD1-2B-0325-001', 0, 426, 2, 0, 0, 0, 0, 0, NULL, 0, 0, 0, 0, 0, 0, 0, NULL, NULL, NULL, 0.00, 0.00, '25', 'PAR-G', NULL, 'active', 'willy', '2025-03-13 13:26:47', '2025-03-13 13:26:47'),
(253, 'BRD1-1A-0325-001', 8, 154, 1, 0, 0, 0, 15, 9, NULL, 1, 2, 0, 21, 0, 0, 0, NULL, NULL, NULL, 99000.00, 99000.00, '15', 'PAR-L', NULL, 'inactive', 'willy', '2025-03-14 15:27:35', '2025-03-18 08:14:10'),
(254, 'BRD1-1B-0325-001', 14, 75, 0, 0, 0, 0, 20, 5, NULL, 1, 2, 0, 22, 0, 0, 0, NULL, NULL, NULL, 66000.00, 66000.00, '10', 'PAR-L', NULL, 'inactive', 'willy', '2025-03-14 15:29:36', '2025-03-18 08:14:10'),
(255, 'BRD1-1C-0325-001', 13, 112, 1, 0, 0, 0, 12, 10, NULL, 1, 1, 0, 20, 0, 0, 0, NULL, NULL, NULL, 79200.00, 79200.00, '12', 'PAR-L', NULL, 'inactive', 'willy', '2025-03-14 15:30:52', '2025-03-18 08:14:10'),
(256, 'BRD1-1D-0325-001', 12, 133, 0, 0, 0, 0, 25, 6, NULL, 2, 3, 0, 26, 0, 0, 0, NULL, NULL, NULL, 85800.00, 85800.00, '13', 'PAR-L', NULL, 'inactive', 'willy', '2025-03-14 15:32:08', '2025-03-18 08:14:10'),
(257, 'BRD1-2A-0325-001', 223, 373, 1, 0, 1, 0, 0, 0, NULL, 0, 0, 0, 0, 0, 0, 0, NULL, NULL, NULL, 0.00, 0.00, '35', 'PAR-G', NULL, 'active', 'willy', '2025-03-14 15:33:15', '2025-03-14 15:33:15'),
(258, 'BRD1-2B-0325-001', 0, 425, 1, 0, 0, 0, 0, 0, NULL, 0, 0, 0, 0, 0, 0, 0, NULL, NULL, NULL, 0.00, 0.00, '15', 'PAR-G', NULL, 'active', 'willy', '2025-03-14 15:34:15', '2025-03-14 15:34:15'),
(259, 'BRD1-1A-0325-001', 8, 154, 0, 0, 0, 0, 20, 5, NULL, 1, 2, 0, 22, 0, 0, 0, NULL, NULL, NULL, 112200.00, 112200.00, '17', 'PAR-L', NULL, 'inactive', 'willy', '2025-03-15 14:22:41', '2025-03-18 08:14:10'),
(260, 'BRD1-1B-0325-001', 13, 74, 1, 0, 1, 0, 15, 10, NULL, 1, 1, 0, 23, 0, 0, 0, NULL, NULL, NULL, 66000.00, 66000.00, '10', 'PAR-L', NULL, 'inactive', 'willy', '2025-03-15 14:23:25', '2025-03-18 08:14:10'),
(261, 'BRD1-1C-0325-001', 13, 112, 0, 0, 0, 0, 14, 9, NULL, 1, 2, 0, 20, 0, 0, 0, NULL, NULL, NULL, 105600.00, 105600.00, '16', 'PAR-L', NULL, 'inactive', 'willy', '2025-03-15 14:25:15', '2025-03-18 08:14:10');
INSERT INTO `breeding_details` (`id`, `id_breeding`, `last_male`, `last_female`, `female_die`, `female_reject`, `male_die`, `male_reject`, `egg_morning`, `egg_afternoon`, `percentage`, `broken`, `abnormal`, `sale`, `total_egg`, `move_to`, `total_female_move`, `total_male_move`, `receive_from`, `total_female_receive`, `total_male_receive`, `cost_unit`, `cost_total`, `feed`, `feed_name`, `remark`, `status`, `inputBy`, `created_at`, `updated_at`) VALUES
(262, 'BRD1-1D-0325-001', 12, 132, 1, 0, 0, 0, 20, 12, NULL, 2, 3, 0, 27, 0, 0, 0, NULL, NULL, NULL, 112200.00, 112200.00, '17', 'PAR-L', NULL, 'inactive', 'willy', '2025-03-15 14:26:31', '2025-03-18 08:14:10'),
(263, 'BRD1-2A-0325-001', 221, 371, 2, 0, 2, 0, 0, 0, NULL, 0, 0, 0, 0, 0, 0, 0, NULL, NULL, NULL, 0.00, 0.00, '35', 'PAR-G', NULL, 'active', 'willy', '2025-03-15 14:27:23', '2025-03-15 14:27:23'),
(264, 'BRD1-2B-0325-001', 0, 425, 0, 0, 0, 0, 0, 0, NULL, 0, 0, 0, 0, 0, 0, 0, NULL, NULL, NULL, 0.00, 0.00, '15', 'PAR-G', NULL, 'active', 'willy', '2025-03-15 14:27:58', '2025-03-15 14:27:58'),
(265, 'BRD1-1A-0325-001', 8, 154, 0, 0, 0, 0, 0, 0, NULL, 0, 0, 0, 0, 0, 0, 0, NULL, NULL, NULL, 0.00, 0.00, '16', 'PAR-L', NULL, 'inactive', 'willy', '2025-03-16 12:55:33', '2025-03-18 08:14:10'),
(266, 'BRD1-1B-0325-001', 13, 73, 1, 0, 0, 0, 19, 6, NULL, 1, 2, 0, 22, 0, 0, 0, NULL, NULL, NULL, 72600.00, 72600.00, '11', 'PAR-L', NULL, 'inactive', 'willy', '2025-03-16 12:56:40', '2025-03-18 08:14:10'),
(267, 'BRD1-1C-0325-001', 12, 112, 0, 0, 1, 0, 20, 4, NULL, 2, 1, 0, 21, 0, 0, 0, NULL, NULL, NULL, 99000.00, 99000.00, '15', 'PAR-L', NULL, 'inactive', 'willy', '2025-03-16 12:58:01', '2025-03-18 08:14:10'),
(268, 'BRD1-1D-0325-001', 12, 132, 0, 0, 0, 0, 25, 10, NULL, 2, 3, 0, 30, 0, 0, 0, NULL, NULL, NULL, 118800.00, 118800.00, '18', 'PAR-L', NULL, 'inactive', 'willy', '2025-03-16 12:58:56', '2025-03-18 08:14:10'),
(269, 'BRD1-2A-0325-001', 220, 370, 1, 0, 1, 0, 0, 0, NULL, 0, 0, 0, 0, 0, 0, 0, NULL, NULL, NULL, 0.00, 0.00, '35', 'PAR-G', NULL, 'active', 'willy', '2025-03-16 12:59:34', '2025-03-16 12:59:34'),
(270, 'BRD1-2B-0325-001', 0, 423, 2, 0, 0, 0, 0, 0, NULL, 0, 0, 0, 0, 0, 0, 0, NULL, NULL, NULL, 0.00, 0.00, '15', 'PAR-G', NULL, 'active', 'willy', '2025-03-16 13:00:17', '2025-03-16 13:00:17'),
(271, 'BRD1-1A-0325-001', 8, 153, 1, 0, 0, 0, 17, 7, NULL, 2, 2, 0, 20, 0, 0, 0, NULL, NULL, NULL, 137500.00, 137500.00, '25', 'PHP-C', NULL, 'inactive', 'willy', '2025-03-17 11:22:43', '2025-03-28 09:04:57'),
(272, 'BRD1-1B-0325-001', 13, 53, 0, 20, 0, 0, 18, 8, NULL, 1, 3, 0, 22, 0, 0, 0, NULL, NULL, NULL, 82500.00, 82500.00, '15', 'PHP-C', NULL, 'inactive', 'willy', '2025-03-17 11:25:00', '2025-03-28 09:04:57'),
(273, 'BRD1-1C-0325-001', 12, 112, 0, 0, 0, 0, 19, 7, NULL, 3, 1, 0, 22, 0, 0, 0, NULL, NULL, NULL, 72600.00, 72600.00, '11', 'PAR-L', NULL, 'inactive', 'willy', '2025-03-17 11:26:21', '2025-03-28 09:04:57'),
(274, 'BRD1-1D-0325-001', 12, 131, 1, 0, 0, 0, 30, 6, NULL, 3, 1, 0, 32, 0, 0, 0, NULL, NULL, NULL, 92400.00, 92400.00, '14', 'PAR-L', NULL, 'inactive', 'willy', '2025-03-17 11:27:10', '2025-03-28 09:04:57'),
(275, 'BRD1-2A-0325-001', 219, 370, 0, 0, 1, 0, 0, 0, NULL, 0, 0, 0, 0, 0, 0, 0, NULL, NULL, NULL, 0.00, 0.00, '50', 'PAR-G', NULL, 'active', 'willy', '2025-03-17 11:28:14', '2025-03-17 11:28:14'),
(276, 'BRD1-2B-0325-001', 0, 422, 1, 0, 0, 0, 0, 0, NULL, 0, 0, 0, 0, 0, 0, 0, NULL, NULL, NULL, 0.00, 0.00, '25', 'PAR-G', NULL, 'active', 'willy', '2025-03-17 11:28:51', '2025-03-17 11:28:51'),
(277, 'BRD1-1A-0325-001', 8, 153, 0, 0, 0, 0, 11, 6, NULL, 1, 1, 0, 15, 0, 0, 0, NULL, NULL, NULL, 137500.00, 137500.00, '25', 'PHP-C', NULL, 'inactive', 'willy', '2025-03-17 18:33:11', '2025-03-28 09:04:57'),
(278, 'BRD1-1B-0325-001', 13, 53, 0, 0, 0, 0, 15, 4, NULL, 2, 1, 0, 16, 0, 0, 0, NULL, NULL, NULL, 82500.00, 82500.00, '15', 'PHP-C', NULL, 'inactive', 'willy', '2025-03-17 18:34:19', '2025-03-28 09:04:57'),
(279, 'BRD1-1C-0325-001', 12, 110, 2, 0, 0, 0, 15, 2, NULL, 1, 2, 0, 14, 0, 0, 0, NULL, NULL, NULL, 72600.00, 72600.00, '11', 'PAR-L', NULL, 'inactive', 'willy', '2025-03-17 18:35:11', '2025-03-28 09:04:57'),
(280, 'BRD1-1D-0325-001', 12, 131, 0, 0, 0, 0, 18, 10, NULL, 1, 3, 0, 24, 0, 0, 0, NULL, NULL, NULL, 92400.00, 92400.00, '14', 'PAR-L', NULL, 'inactive', 'willy', '2025-03-17 18:36:08', '2025-03-28 09:04:57'),
(281, 'BRD1-2A-0325-001', 219, 368, 2, 0, 0, 0, 0, 0, NULL, 0, 0, 0, 0, 0, 0, 0, NULL, NULL, NULL, 0.00, 0.00, '50', 'PAR-G', NULL, 'active', 'willy', '2025-03-17 18:36:57', '2025-03-18 18:36:57'),
(282, 'BRD1-2B-0325-001', 0, 420, 2, 0, 0, 0, 0, 0, NULL, 0, 0, 0, 0, 0, 0, 0, NULL, NULL, NULL, 0.00, 0.00, '25', 'PAR-G', NULL, 'active', 'willy', '2025-03-17 18:37:40', '2025-03-18 18:37:40'),
(283, 'BRD1-1A-0325-001', 8, 153, 0, 0, 0, 0, 11, 7, NULL, 1, 2, 0, 15, 0, 0, 0, NULL, NULL, NULL, 137500.00, 137500.00, '25', 'PHP-C', NULL, 'inactive', 'willy', '2025-01-19 04:33:14', '2025-03-28 09:04:57'),
(284, 'BRD1-1B-0325-001', 13, 53, 0, 0, 0, 0, 15, 3, NULL, 1, 2, 0, 15, 0, 0, 0, NULL, NULL, NULL, 55000.00, 55000.00, '10', 'PHP-C', NULL, 'inactive', 'willy', '2025-03-19 04:33:51', '2025-03-28 09:04:57'),
(285, 'BRD1-1C-0325-001', 12, 108, 2, 0, 0, 0, 18, 6, NULL, 1, 3, 0, 20, 0, 0, 0, NULL, NULL, NULL, 72600.00, 72600.00, '11', 'PAR-L', NULL, 'inactive', 'willy', '2025-03-19 01:26:38', '2025-03-28 09:04:57'),
(286, 'BRD1-1D-0325-001', 12, 131, 0, 0, 0, 0, 25, 5, NULL, 3, 2, 0, 25, 0, 0, 0, NULL, NULL, NULL, 92400.00, 92400.00, '14', 'PAR-L', NULL, 'inactive', 'willy', '2025-03-19 01:27:42', '2025-03-28 09:04:57'),
(287, 'BRD1-2A-0325-001', 219, 366, 2, 0, 0, 0, 0, 0, NULL, 0, 0, 0, 0, 0, 0, 0, NULL, NULL, NULL, 0.00, 0.00, '50', 'PAR-G', NULL, 'active', 'willy', '2025-03-19 01:28:30', '2025-03-20 01:28:30'),
(288, 'BRD1-2B-0325-001', 0, 417, 3, 0, 0, 0, 0, 0, NULL, 0, 0, 0, 0, 0, 0, 0, NULL, NULL, NULL, 0.00, 0.00, '25', 'PAR-G', NULL, 'active', 'willy', '2025-03-19 01:29:15', '2025-03-20 01:29:15'),
(289, 'BRD1-1A-0325-001', 8, 153, 0, 0, 0, 0, 18, 0, NULL, 1, 2, 0, 15, 0, 0, 0, NULL, NULL, NULL, 137500.00, 137500.00, '25', 'PHP-C', NULL, 'inactive', 'user', '2025-03-19 08:07:53', '2025-03-28 09:04:57'),
(290, 'BRD1-1A-0325-001', 8, 153, 0, 0, 0, 0, 11, 7, NULL, 1, 2, 0, 15, 0, 0, 0, NULL, NULL, NULL, 137500.00, 137500.00, '25', 'PHP-C', NULL, 'inactive', 'willy', '2025-03-20 13:25:47', '2025-03-28 09:04:57'),
(291, 'BRD1-1B-0325-001', 13, 53, 0, 0, 0, 0, 6, 7, NULL, 2, 1, 0, 10, 0, 0, 0, NULL, NULL, NULL, 55000.00, 55000.00, '10', 'PHP-C', NULL, 'inactive', 'willy', '2025-03-20 13:26:43', '2025-03-28 09:04:57'),
(292, 'BRD1-1C-0325-001', 12, 108, 0, 0, 0, 0, 15, 9, NULL, 1, 3, 0, 20, 0, 0, 0, NULL, NULL, NULL, 72600.00, 72600.00, '11', 'PAR-L', NULL, 'inactive', 'willy', '2025-03-20 13:27:40', '2025-03-28 09:04:57'),
(293, 'BRD1-1D-0325-001', 12, 130, 1, 0, 0, 0, 15, 10, NULL, 3, 2, 0, 20, 0, 0, 0, NULL, NULL, NULL, 92400.00, 92400.00, '14', 'PAR-L', NULL, 'inactive', 'willy', '2025-03-20 13:28:31', '2025-03-28 09:04:57'),
(294, 'BRD1-2A-0325-001', 199, 364, 2, 0, 0, 20, 0, 0, NULL, 0, 0, 0, 0, 0, 0, 0, NULL, NULL, NULL, 0.00, 0.00, '50', 'PAR-G', NULL, 'active', 'willy', '2025-03-20 13:29:31', '2025-03-20 13:29:31'),
(295, 'BRD1-2B-0325-001', 0, 415, 2, 0, 0, 0, 0, 0, NULL, 0, 0, 0, 0, 0, 0, 0, NULL, NULL, NULL, 0.00, 0.00, '25', 'PAR-G', NULL, 'active', 'willy', '2025-03-20 13:30:08', '2025-03-20 13:30:08'),
(296, 'BRD1-1A-0325-001', 8, 152, 1, 0, 0, 0, 16, 4, NULL, 3, 2, 0, 15, 0, 0, 0, NULL, NULL, NULL, 137500.00, 137500.00, '25', 'PHP-C', NULL, 'inactive', 'willy', '2025-03-21 13:13:34', '2025-03-28 09:04:57'),
(297, 'BRD1-1B-0325-001', 12, 53, 0, 0, 1, 0, 10, 9, NULL, 1, 3, 0, 15, 0, 0, 0, NULL, NULL, NULL, 55000.00, 55000.00, '10', 'PHP-C', NULL, 'inactive', 'willy', '2025-03-21 13:14:16', '2025-03-28 09:04:57'),
(298, 'BRD1-1C-0325-001', 12, 108, 0, 0, 0, 0, 11, 11, NULL, 1, 1, 0, 20, 0, 0, 0, NULL, NULL, NULL, 72600.00, 72600.00, '11', 'PAR-L', NULL, 'inactive', 'willy', '2025-03-21 13:15:14', '2025-03-28 09:04:57'),
(299, 'BRD1-1D-0325-001', 12, 130, 0, 0, 0, 0, 15, 14, NULL, 2, 2, 0, 25, 0, 0, 0, NULL, NULL, NULL, 92400.00, 92400.00, '14', 'PAR-L', NULL, 'inactive', 'willy', '2025-03-21 13:16:06', '2025-03-28 09:04:57'),
(300, 'BRD1-2A-0325-001', 198, 363, 1, 0, 1, 0, 0, 0, NULL, 0, 0, 0, 0, 0, 0, 0, NULL, NULL, NULL, 0.00, 0.00, '50', 'PAR-G', NULL, 'active', 'willy', '2025-03-21 13:16:39', '2025-03-21 13:16:39'),
(301, 'BRD1-2B-0325-001', 0, 412, 3, 0, 0, 0, 0, 0, NULL, 0, 0, 0, 0, 0, 0, 0, NULL, NULL, NULL, 0.00, 0.00, '25', 'PAR-G', NULL, 'active', 'willy', '2025-03-21 13:17:12', '2025-03-21 13:17:12'),
(302, 'BRD1-1A-0325-001', 8, 152, 0, 0, 0, 0, 11, 10, NULL, 2, 3, 0, 16, 0, 0, 0, NULL, NULL, NULL, 99000.00, 99000.00, '15', 'PAR-L', NULL, 'inactive', 'willy', '2025-03-22 13:01:35', '2025-03-28 09:04:57'),
(303, 'BRD1-1B-0325-001', 12, 52, 1, 0, 0, 0, 10, 9, NULL, 3, 2, 0, 14, 0, 0, 0, NULL, NULL, NULL, 66000.00, 66000.00, '10', 'PAR-L', NULL, 'inactive', 'willy', '2025-03-22 13:02:31', '2025-03-28 09:04:57'),
(304, 'BRD1-1C-0325-001', 12, 107, 1, 0, 0, 0, 20, 8, NULL, 4, 3, 0, 21, 0, 0, 0, NULL, NULL, NULL, 72600.00, 72600.00, '11', 'PAR-L', NULL, 'inactive', 'willy', '2025-03-22 13:04:26', '2025-03-28 09:04:57'),
(305, 'BRD1-1D-0325-001', 12, 130, 0, 0, 0, 0, 19, 8, NULL, 2, 1, 0, 24, 0, 0, 0, NULL, NULL, NULL, 92400.00, 92400.00, '14', 'PAR-L', NULL, 'inactive', 'willy', '2025-03-22 13:05:09', '2025-03-28 09:04:57'),
(306, 'BRD1-2A-0325-001', 198, 362, 1, 0, 0, 0, 0, 0, NULL, 0, 0, 0, 0, 0, 0, 0, NULL, NULL, NULL, 0.00, 0.00, '50', 'PAR-G', NULL, 'active', 'willy', '2025-03-22 13:05:49', '2025-03-22 13:05:49'),
(307, 'BRD1-2B-0325-001', 0, 411, 1, 0, 0, 0, 0, 0, NULL, 0, 0, 0, 0, 0, 0, 0, NULL, NULL, NULL, 0.00, 0.00, '25', 'PAR-G', NULL, 'active', 'willy', '2025-03-22 13:06:22', '2025-03-22 13:06:22'),
(308, 'BRD1-1A-0325-001', 8, 152, 0, 0, 0, 0, 16, 10, NULL, 1, 2, 0, 23, 0, 0, 0, NULL, NULL, NULL, 99000.00, 99000.00, '15', 'PAR-L', NULL, 'inactive', 'willy', '2025-03-23 13:57:29', '2025-03-28 09:04:57'),
(309, 'BRD1-1B-0325-001', 10, 52, 0, 0, 2, 0, 15, 4, NULL, 2, 1, 0, 16, 0, 0, 0, NULL, NULL, NULL, 66000.00, 66000.00, '10', 'PAR-L', NULL, 'inactive', 'willy', '2025-03-23 13:58:16', '2025-03-28 09:04:57'),
(310, 'BRD1-1C-0325-001', 12, 107, 0, 0, 0, 0, 15, 6, NULL, 1, 3, 0, 17, 0, 0, 0, NULL, NULL, NULL, 92400.00, 92400.00, '14', 'PAR-L', NULL, 'inactive', 'willy', '2025-03-23 14:01:22', '2025-03-28 09:04:57'),
(311, 'BRD1-1D-0325-001', 12, 129, 1, 0, 0, 0, 19, 6, NULL, 1, 2, 0, 22, 0, 0, 0, NULL, NULL, NULL, 72600.00, 72600.00, '11', 'PAR-L', NULL, 'inactive', 'willy', '2025-03-23 14:05:03', '2025-03-28 09:04:57'),
(312, 'BRD1-2A-0325-001', 198, 361, 1, 0, 0, 0, 0, 0, NULL, 0, 0, 0, 0, 0, 0, 0, NULL, NULL, NULL, 0.00, 0.00, '50', 'PAR-G', NULL, 'active', 'willy', '2025-03-23 14:06:04', '2025-03-23 14:06:04'),
(313, 'BRD1-2B-0325-001', 0, 410, 1, 0, 0, 0, 0, 0, NULL, 0, 0, 0, 0, 0, 0, 0, NULL, NULL, NULL, 0.00, 0.00, '25', 'PAR-G', NULL, 'active', 'willy', '2025-03-23 14:07:04', '2025-03-23 14:07:04'),
(314, 'BRD1-1B-0325-001', 10, 17, 0, 35, 0, 0, 10, 7, NULL, 2, 3, 0, 12, 0, 0, 0, NULL, NULL, NULL, 66000.00, 66000.00, '10', 'PAR-L', NULL, 'active', 'willy', '2025-03-24 11:26:15', '2025-03-24 11:26:15'),
(315, 'BRD1-1C-0325-001', 11, 107, 0, 0, 1, 0, 15, 8, NULL, 1, 2, 0, 20, 0, 0, 0, NULL, NULL, NULL, 72600.00, 72600.00, '11', 'PAR-L', NULL, 'inactive', 'willy', '2025-03-24 11:27:48', '2025-04-08 09:42:20'),
(316, 'BRD1-1D-0325-001', 12, 129, 0, 0, 0, 0, 19, 8, NULL, 2, 2, 0, 23, 0, 0, 0, NULL, NULL, NULL, 92400.00, 92400.00, '14', 'PAR-L', NULL, 'inactive', 'willy', '2025-03-24 11:29:02', '2025-04-08 09:42:20'),
(317, 'BRD1-2A-0325-001', 198, 360, 1, 0, 0, 0, 0, 0, NULL, 0, 0, 0, 0, 0, 0, 0, NULL, NULL, NULL, 0.00, 0.00, '50', 'PAR-G', NULL, 'active', 'willy', '2025-03-24 11:29:47', '2025-03-24 11:29:47'),
(318, 'BRD1-2B-0325-001', 0, 407, 3, 0, 0, 0, 0, 0, NULL, 0, 0, 0, 0, 0, 0, 0, NULL, NULL, NULL, 0.00, 0.00, '25', 'PAR-G', NULL, 'active', 'willy', '2025-03-24 11:30:33', '2025-03-24 11:30:33'),
(319, 'BRD1-1A-0325-001', 8, 151, 1, 0, 0, 0, 15, 8, NULL, 2, 1, 0, 20, 0, 0, 0, NULL, NULL, NULL, 99000.00, 99000.00, '15', 'PAR-L', NULL, 'active', 'willy', '2025-03-24 11:32:46', '2025-03-24 11:32:46'),
(320, 'BRD1-1A-0325-001', 8, 150, 1, 0, 0, 0, 14, 9, NULL, 1, 2, 0, 20, 0, 0, 0, NULL, NULL, NULL, 99000.00, 99000.00, '15', 'PAR-L', NULL, 'active', 'willy', '2025-03-25 12:43:55', '2025-03-25 12:43:55'),
(321, 'BRD1-1B-0325-001', 10, 1, 0, 16, 0, 0, 0, 0, NULL, 0, 0, 0, 0, 0, 0, 0, NULL, NULL, NULL, 0.00, 0.00, '10', 'PAR-L', NULL, 'active', 'willy', '2025-03-25 12:44:42', '2025-03-25 12:44:42'),
(322, 'BRD1-1D-0325-001', 12, 125, 0, 4, 0, 0, 14, 10, NULL, 2, 2, 0, 20, 0, 0, 0, NULL, NULL, NULL, 92400.00, 92400.00, '14', 'PAR-L', NULL, 'inactive', 'willy', '2025-03-25 12:45:30', '2025-04-08 09:42:20'),
(323, 'BRD1-1C-0325-001', 11, 106, 1, 0, 0, 0, 25, 16, NULL, 3, 3, 0, 35, 0, 0, 0, NULL, NULL, NULL, 72600.00, 72600.00, '11', 'PAR-L', NULL, 'inactive', 'willy', '2025-03-25 12:47:26', '2025-04-08 09:42:20'),
(324, 'BRD1-2A-0325-001', 196, 360, 0, 0, 2, 0, 0, 0, NULL, 0, 0, 0, 0, 0, 0, 0, NULL, NULL, NULL, 0.00, 0.00, '50', 'PAR-G', NULL, 'active', 'willy', '2025-03-25 12:48:18', '2025-03-25 12:48:18'),
(325, 'BRD1-2B-0325-001', 0, 404, 3, 0, 0, 0, 0, 0, NULL, 0, 0, 0, 0, 0, 0, 0, NULL, NULL, NULL, 0.00, 0.00, '25', 'PAR-L', NULL, 'active', 'willy', '2025-03-25 12:49:10', '2025-03-25 12:49:10'),
(326, 'BRD1-1A-0325-001', 8, 149, 1, 0, 0, 0, 15, 8, NULL, 1, 2, 0, 20, 0, 0, 0, NULL, NULL, NULL, 59400.00, 59400.00, '9', 'PAR-L', NULL, 'active', 'willy', '2025-03-26 16:41:17', '2025-03-26 16:41:17'),
(327, 'BRD1-1B-0325-001', 10, 1, 0, 0, 0, 0, 0, 0, NULL, 0, 0, 0, 0, 0, 0, 0, NULL, NULL, NULL, 0.00, 0.00, '4', 'PAR-L', NULL, 'active', 'willy', '2025-03-26 16:41:52', '2025-03-26 16:41:52'),
(328, 'BRD1-1C-0325-001', 11, 103, 3, 0, 0, 0, 20, 6, NULL, 2, 1, 0, 23, 0, 0, 0, NULL, NULL, NULL, 52800.00, 52800.00, '8', 'PAR-L', NULL, 'inactive', 'willy', '2025-03-26 16:42:33', '2025-04-08 09:42:20'),
(329, 'BRD1-1D-0325-001', 11, 125, 0, 0, 1, 0, 25, 17, NULL, 2, 3, 0, 37, 0, 0, 0, NULL, NULL, NULL, 59400.00, 59400.00, '9', 'PAR-L', NULL, 'inactive', 'willy', '2025-03-26 16:44:51', '2025-04-08 09:42:20'),
(330, 'BRD1-2A-0325-001', 196, 358, 2, 0, 0, 0, 0, 0, NULL, 0, 0, 0, 0, 0, 0, 0, NULL, NULL, NULL, 0.00, 0.00, '25', 'PAR-G', NULL, 'active', 'willy', '2025-03-26 16:45:39', '2025-03-26 16:45:39'),
(331, 'BRD1-2B-0325-001', 0, 401, 3, 0, 0, 0, 0, 0, NULL, 0, 0, 0, 0, 0, 0, 0, NULL, NULL, NULL, 0.00, 0.00, '15', 'PAR-G', NULL, 'active', 'willy', '2025-03-26 16:46:22', '2025-03-26 16:46:22'),
(332, 'BRD1-1A-0325-001', 8, 148, 1, 0, 0, 0, 19, 5, NULL, 2, 1, 0, 21, 0, 0, 0, NULL, NULL, NULL, 59400.00, 59400.00, '9', 'PAR-L', NULL, 'active', 'willy', '2025-03-27 08:45:33', '2025-03-27 08:45:33'),
(333, 'BRD1-1C-0325-001', 11, 102, 1, 0, 0, 0, 15, 10, NULL, 2, 1, 0, 22, 0, 0, 0, NULL, NULL, NULL, 52800.00, 52800.00, '8', 'PAR-L', NULL, 'inactive', 'willy', '2025-03-27 08:48:09', '2025-04-08 09:42:20'),
(334, 'BRD1-1D-0325-001', 11, 124, 1, 0, 0, 0, 25, 11, NULL, 2, 2, 0, 32, 0, 0, 0, NULL, NULL, NULL, 59400.00, 59400.00, '9', 'PAR-L', NULL, 'inactive', 'willy', '2025-03-27 08:49:18', '2025-04-08 09:42:20'),
(335, 'BRD1-2A-0325-001', 196, 358, 0, 0, 0, 0, 0, 0, NULL, 0, 0, 0, 0, 0, 0, 0, NULL, NULL, NULL, 0.00, 0.00, '25', 'PAR-G', NULL, 'active', 'willy', '2025-03-27 08:51:12', '2025-03-27 08:51:12'),
(336, 'BRD1-2B-0325-001', 0, 400, 1, 0, 0, 0, 0, 0, NULL, 0, 0, 0, 0, 0, 0, 0, NULL, NULL, NULL, 0.00, 0.00, '15', 'PAR-G', NULL, 'active', 'willy', '2025-03-27 08:51:57', '2025-03-27 08:51:57'),
(337, 'BRD1-1A-0325-001', 0, 0, 1, 0, 0, 0, 0, 0, NULL, 0, 0, 0, 0, 33, 1, 0, NULL, NULL, NULL, 0.00, 0.00, '0', 'PHP-C', NULL, 'active', 'willy', '2025-04-05 08:34:31', '2025-04-07 08:39:13'),
(338, 'BRD1-1B-0325-001', 0, 0, 0, 0, 0, 0, 0, 0, NULL, 0, 0, 0, 0, 33, 9, 1, NULL, NULL, NULL, 0.00, 0.00, '0', 'SB-100', NULL, 'active', 'willy', '2025-04-05 08:38:57', '2025-04-07 08:38:57'),
(339, 'BRD1-1C-0325-001', 17, 246, 0, 0, 0, 0, 0, 0, NULL, 0, 0, 0, 0, 0, 0, 0, NULL, NULL, NULL, 0.00, 0.00, '0', 'PAR-L', NULL, 'inactive', 'willy', '2025-04-05 09:44:35', '2025-04-08 09:42:20'),
(340, 'BRD1-1D-0325-001', 20, 128, 0, 0, 0, 0, 0, 0, NULL, 0, 0, 0, 0, 0, 0, 0, NULL, NULL, NULL, 0.00, 0.00, '0', 'PAR-L', NULL, 'inactive', 'willy', '2025-04-05 09:45:08', '2025-04-08 09:42:20'),
(341, 'BRD1-3A-0425-001', 200, 200, 0, 0, 0, 0, 0, 0, NULL, 0, 0, 0, 0, 0, 0, 0, NULL, NULL, NULL, 0.00, 0.00, '0', 'PAR-L', NULL, 'active', 'willy', '2025-04-05 09:47:28', '2025-04-07 09:47:28'),
(342, 'BRD1-1C-0325-001', 17, 246, 0, 0, 0, 0, 109, 0, NULL, 15, 11, 0, 83, 0, 0, 0, NULL, NULL, NULL, 448800.00, 448800.00, '68', 'PAR-L', NULL, 'inactive', 'kaila user', '2025-04-01 08:42:17', '2025-04-08 09:42:20'),
(343, 'BRD1-1A-0325-001', 0, 0, 0, 0, 0, 0, 0, 0, NULL, 0, 0, 0, 0, 0, 0, 0, NULL, NULL, NULL, 0.00, 0.00, '0', 'PAR-L', NULL, 'active', 'kaila user', '2025-04-01 08:44:42', '2025-04-08 08:44:42'),
(344, 'BRD1-1B-0325-001', 0, 0, 0, 0, 0, 0, 0, 0, NULL, 0, 0, 0, 0, 0, 0, 0, NULL, NULL, NULL, 0.00, 0.00, '0', 'PAR-L', NULL, 'active', 'kaila user', '2025-04-01 08:45:11', '2025-04-08 08:45:11'),
(345, 'BRD1-1D-0325-001', 20, 128, 0, 0, 0, 0, 85, 0, NULL, 5, 4, 0, 76, 0, 0, 0, NULL, NULL, NULL, 343200.00, 343200.00, '52', 'PAR-L', NULL, 'inactive', 'kaila user', '2025-04-01 08:48:02', '2025-04-08 09:42:20'),
(346, 'BRD1-2A-0325-001', 194, 355, 3, 0, 2, 0, 0, 0, NULL, 0, 0, 0, 0, 0, 0, 0, NULL, NULL, NULL, 0.00, 0.00, '120', 'PAR-G', NULL, 'active', 'kaila user', '2025-04-01 08:52:04', '2025-04-08 08:52:04'),
(347, 'BRD1-2B-0325-001', 0, 397, 3, 0, 0, 0, 0, 0, NULL, 0, 0, 0, 0, 0, 0, 0, NULL, NULL, NULL, 0.00, 0.00, '80', 'PAR-G', NULL, 'active', 'kaila user', '2025-04-01 08:54:21', '2025-04-08 08:54:21'),
(348, 'BRD1-3A-0425-001', 200, 195, 5, 0, 0, 0, 0, 0, NULL, 0, 0, 0, 0, 0, 0, 0, NULL, NULL, NULL, 0.00, 0.00, '40', 'PAR-G', NULL, 'active', 'kaila user', '2025-04-01 08:57:16', '2025-04-08 08:57:16'),
(349, 'BRD1-1C-0325-001', 16, 240, 6, 0, 1, 0, 113, 0, NULL, 19, 11, 0, 83, 0, 0, 0, NULL, NULL, NULL, 910800.00, 910800.00, '138', 'PAR-L', NULL, 'inactive', 'kaila user', '2025-04-06 00:59:20', '2025-04-10 02:44:56'),
(350, 'BRD1-1D-0325-001', 18, 127, 1, 0, 2, 0, 167, 0, NULL, 15, 9, 0, 143, 0, 0, 0, NULL, NULL, NULL, 673200.00, 673200.00, '102', 'PAR-L', NULL, 'inactive', 'kaila user', '2025-04-06 09:18:21', '2025-04-10 02:44:56'),
(351, 'BRD1-2A-0325-001', 191, 351, 4, 0, 3, 0, 0, 0, NULL, 0, 0, 0, 0, 0, 0, 0, NULL, NULL, NULL, 0.00, 0.00, '240', 'PAR-G', NULL, 'active', 'kaila user', '2025-04-05 17:00:00', '2025-04-09 09:19:13'),
(352, 'BRD1-2B-0325-001', 0, 392, 5, 0, 0, 0, 0, 0, NULL, 0, 0, 0, 0, 0, 0, 0, NULL, NULL, NULL, 0.00, 0.00, '180', 'PAR-G', NULL, 'active', 'kaila user', '2025-01-06 09:29:39', '2025-04-09 09:24:33'),
(353, 'BRD1-3A-0425-001', 200, 198, 2, 0, 0, 0, 0, 0, NULL, 0, 0, 0, 0, 0, 0, 0, NULL, NULL, NULL, 0.00, 0.00, '120', 'PAR-G', NULL, 'active', 'kaila user', '2025-01-05 17:00:00', '2025-04-09 09:25:14'),
(354, 'BRD1-1C-0325-001', 16, 239, 1, 0, 0, 0, 23, 0, NULL, 3, 1, 0, 19, 0, 0, 0, NULL, NULL, NULL, 132000.00, 132000.00, '20', 'PAR-L', NULL, 'inactive', 'kaila user', '2025-04-07 09:55:23', '2025-04-09 09:55:23'),
(355, 'BRD1-1D-0325-001', 17, 126, 1, 0, 1, 0, 26, 0, NULL, 2, 2, 0, 22, 0, 0, 0, NULL, NULL, NULL, 132000.00, 132000.00, '20', 'PAR-L', NULL, 'active', 'kaila user', '2025-04-07 09:56:16', '2025-04-09 09:56:16'),
(356, 'BRD1-2A-0325-001', 191, 349, 2, 0, 0, 0, 0, 0, NULL, 0, 0, 0, 0, 0, 0, 0, NULL, NULL, NULL, 0.00, 0.00, '50', 'PAR-L', NULL, 'active', 'kaila user', '2025-04-07 09:57:17', '2025-04-09 09:57:17'),
(357, 'BRD1-2B-0325-001', 0, 396, 1, 0, 0, 0, 0, 0, NULL, 0, 0, 0, 0, 0, 0, 0, NULL, NULL, NULL, 0.00, 0.00, '30', 'PAR-L', NULL, 'active', 'kaila user', '2025-04-07 09:57:45', '2025-04-09 09:57:45'),
(358, 'BRD1-3A-0425-001', 200, 199, 1, 0, 0, 0, 0, 0, NULL, 0, 0, 0, 0, 0, 0, 0, NULL, NULL, NULL, 0.00, 0.00, '15', 'PAR-G', NULL, 'active', 'kaila user', '2025-04-07 09:58:16', '2025-04-09 09:58:16'),
(359, 'BRD1-1C-0325-001', 31, 354, 3, 0, 1, 0, 24, 0, NULL, 2, 1, 0, 21, 0, 0, 0, NULL, NULL, NULL, 132000.00, 132000.00, '20', 'PAR-L', NULL, 'active', 'kaila user', '2025-04-08 00:56:21', '2025-04-10 00:56:21'),
(360, 'BRD1-1D-0325-001', 0, 0, 0, 0, 0, 0, 33, 0, NULL, 2, 1, 0, 30, 0, 0, 0, NULL, NULL, NULL, 66000.00, 66000.00, '10', 'PAR-L', NULL, 'active', 'kaila user', '2025-04-08 00:57:10', '2025-04-10 00:57:10'),
(361, 'BRD1-2A-0325-001', 176, 349, 1, 0, 1, 0, 0, 0, NULL, 0, 0, 0, 0, 0, 0, 0, NULL, NULL, NULL, 0.00, 0.00, '30', 'PAR-L', NULL, 'active', 'kaila user', '2025-04-08 00:57:43', '2025-04-10 00:57:43'),
(362, 'BRD1-2B-0325-001', 0, 391, 1, 0, 0, 0, 0, 0, NULL, 0, 0, 0, 0, 0, 0, 0, NULL, NULL, NULL, 0.00, 0.00, '20', 'PAR-L', NULL, 'active', 'kaila user', '2025-04-08 00:58:15', '2025-04-10 00:58:15'),
(363, 'BRD1-3A-0425-001', 200, 191, 1, 0, 0, 0, 0, 0, NULL, 0, 0, 0, 0, 0, 0, 0, NULL, NULL, NULL, 0.00, 0.00, '15', 'PAR-G', NULL, 'active', 'kaila user', '2025-04-08 00:58:42', '2025-04-10 00:58:42'),
(364, 'BRD1-1C-0325-001', 31, 352, 2, 0, 0, 0, 61, 0, NULL, 5, 3, 0, 53, 0, 0, 0, NULL, NULL, NULL, 165000.00, 165000.00, '25', 'PAR-L', NULL, 'active', 'kaila user', '2025-04-09 04:44:34', '2025-04-10 04:44:34'),
(365, 'BRD1-1D-0325-001', 0, 0, 0, 0, 0, 0, 0, 0, NULL, 0, 0, 0, 0, 0, 0, 0, NULL, NULL, NULL, 0.00, 0.00, '0', 'PAR-L', NULL, 'active', 'kaila user', '2025-04-09 00:00:00', '2025-04-11 07:45:08'),
(367, 'BRD1-2B-0325-001', 0, 340, 1, 50, 0, 0, 0, 0, NULL, 0, 0, 0, 0, 0, 0, 0, NULL, NULL, NULL, 0.00, 0.00, '30', 'PAR-G', NULL, 'active', 'kaila user', '2025-04-09 00:00:00', '2025-04-11 07:59:52'),
(368, 'BRD1-2A-0325-001', 165, 349, 0, 0, 1, 10, 0, 0, NULL, 0, 0, 0, 0, 0, 0, 0, NULL, NULL, NULL, 0.00, 0.00, '50', 'PAR-G', NULL, 'active', 'kaila user', '2025-04-09 00:00:00', '2025-04-11 08:45:54'),
(369, 'BRD1-3A-0425-001', 199, 191, 0, 0, 1, 0, 0, 0, NULL, 0, 0, 0, 0, 0, 0, 0, NULL, NULL, NULL, 0.00, 0.00, '15', 'PAR-G', NULL, 'active', 'kaila user', '2025-04-09 00:00:00', '2025-04-11 08:49:37'),
(370, 'BRD1-1C-0325-001', 31, 350, 2, 0, 0, 0, 59, 0, NULL, 4, 2, 0, 53, 0, 0, 0, NULL, NULL, NULL, 165000.00, 165000.00, '25', 'PAR-L', NULL, 'active', 'kaila user', '2025-04-10 00:00:00', '2025-04-12 12:47:23'),
(371, 'BRD1-2A-0325-001', 164, 348, 1, 0, 1, 0, 0, 0, NULL, 0, 0, 0, 0, 0, 0, 0, NULL, NULL, NULL, 0.00, 0.00, '50', 'PAR-G', NULL, 'active', 'kaila user', '2025-04-10 00:00:00', '2025-04-12 12:48:07'),
(372, 'BRD1-2B-0325-001', 0, 339, 1, 0, 0, 0, 0, 0, NULL, 0, 0, 0, 0, 0, 0, 0, NULL, NULL, NULL, 0.00, 0.00, '30', 'PAR-G', NULL, 'active', 'kaila user', '2025-04-10 00:00:00', '2025-04-12 12:48:52'),
(373, 'BRD1-3A-0425-001', 199, 191, 0, 0, 0, 0, 0, 0, NULL, 0, 0, 0, 0, 0, 0, 0, NULL, NULL, NULL, 0.00, 0.00, '20', 'PAR-G', NULL, 'active', 'kaila user', '2025-04-10 00:00:00', '2025-04-12 12:49:30'),
(374, 'BRD1-1C-0325-001', 31, 348, 2, 0, 0, 0, 55, 0, NULL, 3, 2, 0, 50, 0, 0, 0, NULL, NULL, NULL, 165000.00, 165000.00, '25', 'PAR-L', NULL, 'active', 'kaila user', '2025-04-11 00:00:00', '2025-04-12 13:02:58'),
(375, 'BRD1-2A-0325-001', 163, 346, 2, 0, 1, 0, 0, 0, NULL, 0, 0, 0, 0, 0, 0, 0, NULL, NULL, NULL, 0.00, 0.00, '50', 'PAR-G', NULL, 'active', 'kaila user', '2025-04-11 00:00:00', '2025-04-12 13:03:59'),
(376, 'BRD1-2B-0325-001', 0, 337, 2, 0, 0, 0, 0, 0, NULL, 0, 0, 0, 0, 0, 0, 0, NULL, NULL, NULL, 0.00, 0.00, '30', 'PAR-G', NULL, 'active', 'kaila user', '2025-04-11 00:00:00', '2025-04-12 13:04:30'),
(377, 'BRD1-3A-0425-001', 198, 191, 0, 0, 1, 0, 0, 0, NULL, 0, 0, 0, 0, 0, 0, 0, NULL, NULL, NULL, 0.00, 0.00, '20', 'PAR-G', NULL, 'active', 'kaila user', '2025-04-11 00:00:00', '2025-04-12 13:05:24'),
(378, 'BRD1-1C-0325-001', 31, 346, 2, 0, 0, 0, 58, 0, NULL, 3, 2, 0, 53, 0, 0, 0, NULL, NULL, NULL, 165000.00, 165000.00, '25', 'PAR-L', NULL, 'active', 'kaila user', '2025-04-12 00:00:00', '2025-04-13 14:14:47'),
(379, 'BRD1-2A-0325-001', 162, 345, 1, 0, 1, 0, 0, 0, NULL, 0, 0, 0, 0, 0, 0, 0, NULL, NULL, NULL, 0.00, 0.00, '50', 'PAR-G', NULL, 'active', 'kaila user', '2025-04-12 00:00:00', '2025-04-13 14:15:39'),
(380, 'BRD1-2B-0325-001', 0, 333, 4, 0, 0, 0, 0, 0, NULL, 0, 0, 0, 0, 0, 0, 0, NULL, NULL, NULL, 0.00, 0.00, '30', 'PAR-G', NULL, 'active', 'kaila user', '2025-04-12 00:00:00', '2025-04-13 14:16:33'),
(381, 'BRD1-3A-0425-001', 0, 384, 0, 0, 5, 0, 0, 0, NULL, 0, 0, 0, 0, 0, 0, 0, NULL, NULL, NULL, 0.00, 0.00, '20', 'PAR-G', NULL, 'active', 'kaila user', '2025-04-12 00:00:00', '2025-04-13 14:17:38'),
(382, 'BRD1-1C-0325-001', 30, 345, 1, 0, 1, 0, 61, 0, NULL, 4, 2, 0, 55, 0, 0, 0, NULL, NULL, NULL, 330000.00, 330000.00, '50', 'PAR-L', NULL, 'active', 'kaila user', '2025-04-13 00:00:00', '2025-04-14 03:21:10'),
(383, 'BRD1-2A-0325-001', 162, 344, 1, 0, 0, 0, 0, 0, NULL, 0, 0, 0, 0, 0, 0, 0, NULL, NULL, NULL, 0.00, 0.00, '35', 'PAR-G', NULL, 'active', 'kaila user', '2025-04-13 00:00:00', '2025-04-14 04:47:02'),
(384, 'BRD1-2B-0325-001', 0, 330, 3, 0, 0, 0, 0, 0, NULL, 0, 0, 0, 0, 0, 0, 0, NULL, NULL, NULL, 0.00, 0.00, '25', 'PAR-G', NULL, 'active', 'kaila user', '2025-04-13 00:00:00', '2025-04-14 05:47:16'),
(385, 'BRD1-3A-0425-001', 0, 382, 2, 0, 0, 0, 0, 0, NULL, 0, 0, 0, 0, 0, 0, 0, NULL, NULL, NULL, 0.00, 0.00, '15', 'PAR-G', NULL, 'active', 'kaila user', '2025-04-13 00:00:00', '2025-04-14 05:47:50'),
(386, 'BRD1-1C-0325-001', 30, 343, 2, 0, 0, 0, 56, 0, NULL, 2, 2, 0, 52, 0, 0, 0, NULL, NULL, NULL, 330000.00, 330000.00, '50', 'PAR-L', NULL, 'inactive', 'kaila user', '2025-04-14 00:00:00', '2025-04-15 08:00:13'),
(387, 'BRD1-2A-0325-001', 110, 344, 0, 0, 2, 50, 0, 0, NULL, 0, 0, 0, 0, 0, 0, 0, NULL, NULL, NULL, 238000.00, 238000.00, '35', 'PAR-G', NULL, 'inactive', 'kaila user', '2025-04-14 00:00:00', '2025-04-15 08:04:15'),
(388, 'BRD1-2B-0325-001', 0, 327, 3, 0, 0, 0, 0, 0, NULL, 0, 0, 0, 0, 0, 0, 0, NULL, NULL, NULL, 170000.00, 170000.00, '25', 'PAR-G', NULL, 'inactive', 'kaila user', '2025-04-14 00:00:00', '2025-04-15 08:05:07'),
(389, 'BRD1-3A-0425-001', 0, 380, 2, 0, 0, 0, 0, 0, NULL, 0, 0, 0, 0, 0, 0, 0, NULL, NULL, NULL, 102000.00, 102000.00, '15', 'PAR-G', NULL, 'inactive', 'kaila user', '2025-04-14 00:00:00', '2025-04-15 08:05:51'),
(390, 'BRD1-1C-0325-001', 30, 341, 2, 0, 0, 0, 54, 0, NULL, 3, 2, 0, 49, 0, 0, 0, NULL, NULL, NULL, 330000.00, 330000.00, '50', 'PAR-L', NULL, 'inactive', 'kaila user', '2025-04-15 00:00:00', '2025-04-16 08:13:02'),
(391, 'BRD1-2A-0325-001', 109, 344, 0, 0, 1, 0, 0, 0, NULL, 0, 0, 0, 0, 0, 0, 0, NULL, NULL, NULL, 231000.00, 231000.00, '35', 'PAR-L', NULL, 'inactive', 'kaila user', '2025-04-15 00:00:00', '2025-04-16 08:14:04'),
(392, 'BRD1-2B-0325-001', 0, 325, 2, 0, 0, 0, 0, 0, NULL, 0, 0, 0, 0, 0, 0, 0, NULL, NULL, NULL, 165000.00, 165000.00, '25', 'PAR-L', NULL, 'inactive', 'kaila user', '2025-04-15 00:00:00', '2025-04-16 08:14:52'),
(393, 'BRD1-3A-0425-001', 0, 378, 2, 0, 0, 0, 0, 0, NULL, 0, 0, 0, 0, 0, 0, 0, NULL, NULL, NULL, 99000.00, 99000.00, '15', 'PAR-L', NULL, 'inactive', 'kaila user', '2025-04-15 00:00:00', '2025-04-16 08:15:32'),
(394, 'BRD1-1C-0325-001', 29, 339, 2, 0, 1, 0, 55, 0, NULL, 2, 3, 0, 50, 0, 0, 0, NULL, NULL, NULL, 264000.00, 264000.00, '40', 'PAR-L', NULL, 'inactive', 'kaila user', '2025-04-16 00:00:00', '2025-04-17 03:25:03'),
(395, 'BRD1-2A-0325-001', 62, 343, 1, 0, 0, 47, 0, 0, NULL, 0, 0, 0, 0, 0, 0, 0, NULL, NULL, NULL, 238000.00, 238000.00, '35', 'PAR-G', NULL, 'inactive', 'kaila user', '2025-04-16 00:00:00', '2025-04-17 03:26:21'),
(396, 'BRD1-2B-0325-001', 0, 323, 2, 0, 0, 0, 0, 0, NULL, 0, 0, 0, 0, 0, 0, 0, NULL, NULL, NULL, 170000.00, 170000.00, '25', 'PAR-G', NULL, 'inactive', 'kaila user', '2025-04-16 00:00:00', '2025-04-17 03:27:04'),
(397, 'BRD1-3A-0425-001', 0, 377, 1, 0, 0, 0, 0, 0, NULL, 0, 0, 0, 0, 0, 0, 0, NULL, NULL, NULL, 102000.00, 102000.00, '15', 'PAR-G', NULL, 'inactive', 'kaila user', '2025-04-16 00:00:00', '2025-04-17 03:27:39'),
(398, 'BRD1-1C-0325-001', 29, 337, 2, 0, 0, 0, 54, 0, NULL, 2, 1, 0, 51, 0, 0, 0, NULL, NULL, NULL, 264000.00, 264000.00, '40', 'PAR-L', NULL, 'inactive', 'kaila user', '2025-04-17 00:00:00', '2025-04-18 15:16:57'),
(399, 'BRD1-2A-0325-001', 62, 342, 1, 0, 0, 0, 0, 0, NULL, 0, 0, 0, 0, 0, 0, 0, NULL, NULL, NULL, 238000.00, 238000.00, '35', 'PAR-G', NULL, 'inactive', 'kaila user', '2025-04-17 00:00:00', '2025-04-18 15:18:02'),
(400, 'BRD1-2B-0325-001', 0, 321, 2, 0, 0, 0, 0, 0, NULL, 0, 0, 0, 0, 0, 0, 0, NULL, NULL, NULL, 170000.00, 170000.00, '25', 'PAR-G', NULL, 'inactive', 'kaila user', '2025-04-17 00:00:00', '2025-04-18 15:18:41'),
(401, 'BRD1-3A-0425-001', 0, 376, 1, 0, 0, 0, 0, 0, NULL, 0, 0, 0, 0, 0, 0, 0, NULL, NULL, NULL, 102000.00, 102000.00, '15', 'PAR-G', NULL, 'inactive', 'kaila user', '2025-04-17 00:00:00', '2025-04-18 15:19:19'),
(402, 'BRD1-1C-0325-001', 29, 334, 3, 0, 0, 0, 119, 0, NULL, 5, 3, 0, 111, 0, 0, 0, NULL, NULL, NULL, 594000.00, 594000.00, '90', 'PAR-L', NULL, 'inactive', 'kaila user', '2025-04-19 00:00:00', '2025-04-21 16:31:20'),
(403, 'BRD1-2A-0325-001', 61, 340, 2, 0, 1, 0, 0, 0, NULL, 0, 0, 0, 0, 0, 0, 0, NULL, NULL, NULL, 476000.00, 476000.00, '70', 'PAR-G', NULL, 'inactive', 'kaila user', '2025-04-19 00:00:00', '2025-04-21 16:32:31'),
(404, 'BRD1-2B-0325-001', 65, 255, 1, 0, 0, 0, 0, 0, NULL, 0, 0, 0, 0, 6, 65, 0, NULL, NULL, NULL, 340000.00, 340000.00, '50', 'PAR-G', NULL, 'inactive', 'kaila user', '2025-04-19 00:00:00', '2025-04-21 16:36:05'),
(405, 'BRD1-3A-0425-001', 0, 374, 2, 0, 0, 0, 0, 0, NULL, 0, 0, 0, 0, 0, 0, 0, NULL, NULL, NULL, 204000.00, 204000.00, '30', 'PAR-G', NULL, 'inactive', 'kaila user', '2025-04-19 00:00:00', '2025-04-21 16:37:41'),
(406, 'BRD1-1C-0325-001', 28, 332, 2, 0, 1, 0, 61, 0, NULL, 3, 2, 0, 56, 0, 0, 0, NULL, NULL, NULL, 264000.00, 264000.00, '40', 'PAR-L', NULL, 'inactive', 'kaila user', '2025-04-20 00:00:00', '2025-04-22 03:31:07'),
(407, 'BRD1-2A-0325-001', 60, 339, 1, 0, 1, 0, 0, 0, NULL, 0, 0, 0, 0, 0, 0, 0, NULL, NULL, NULL, 204000.00, 204000.00, '30', 'PAR-G', NULL, 'inactive', 'kaila user', '2025-04-20 00:00:00', '2025-04-22 03:32:12'),
(408, 'BRD1-2B-0325-001', 65, 253, 2, 0, 0, 0, 0, 0, NULL, 0, 0, 0, 0, 0, 0, 0, NULL, NULL, NULL, 136000.00, 136000.00, '20', 'PAR-G', NULL, 'inactive', 'kaila user', '2025-04-20 00:00:00', '2025-04-22 03:33:08'),
(409, 'BRD1-3A-0425-001', 125, 239, 1, 0, 0, 0, 0, 0, NULL, 0, 0, 0, 0, 0, 0, 0, NULL, NULL, NULL, 68000.00, 68000.00, '10', 'PAR-G', NULL, 'inactive', 'kaila user', '2025-04-20 00:00:00', '2025-04-22 03:34:08'),
(410, 'BRD1-1C-0325-001', 28, 330, 2, 0, 0, 0, 59, 0, NULL, 3, 2, 0, 54, 0, 0, 0, NULL, NULL, NULL, 264000.00, 264000.00, '40', 'PAR-L', NULL, 'active', 'kaila user', '2025-04-21 00:00:00', '2025-04-24 15:22:32'),
(411, 'BRD1-2A-0325-001', 59, 338, 1, 0, 1, 0, 0, 0, NULL, 0, 0, 0, 0, 0, 0, 0, NULL, NULL, NULL, 204000.00, 204000.00, '30', 'PAR-G', NULL, 'active', 'kaila user', '2025-04-21 00:00:00', '2025-04-24 15:23:28'),
(412, 'BRD1-2B-0325-001', 64, 317, 1, 0, 1, 0, 0, 0, NULL, 0, 0, 0, 0, 0, 0, 0, NULL, NULL, NULL, 136000.00, 136000.00, '20', 'PAR-G', NULL, 'active', 'kaila user', '2025-04-21 00:00:00', '2025-04-24 15:24:28'),
(413, 'BRD1-3A-0425-001', 125, 238, 1, 0, 0, 0, 0, 0, NULL, 0, 0, 0, 0, 0, 0, 0, NULL, NULL, NULL, 68000.00, 68000.00, '10', 'PAR-G', NULL, 'active', 'kaila user', '2025-04-21 00:00:00', '2025-04-24 15:25:16'),
(414, 'BRD1-1C-0325-001', 27, 329, 1, 0, 1, 0, 60, 0, NULL, 2, 2, 0, 56, 0, 0, 0, NULL, NULL, NULL, 264000.00, 264000.00, '40', 'PAR-L', NULL, 'active', 'kaila user', '2025-04-22 00:00:00', '2025-04-24 15:51:27'),
(415, 'BRD1-2A-0325-001', 59, 337, 1, 0, 0, 0, 4, 0, NULL, 0, 0, 0, 4, 0, 0, 0, NULL, NULL, NULL, 204000.00, 204000.00, '30', 'PAR-G', NULL, 'active', 'kaila user', '2025-04-22 00:00:00', '2025-04-24 15:52:57'),
(416, 'BRD1-2B-0325-001', 64, 381, 1, 0, 0, 0, 0, 0, NULL, 0, 0, 0, 0, 0, 0, 0, NULL, NULL, NULL, 136000.00, 136000.00, '20', 'PAR-G', NULL, 'active', 'kaila user', '2025-04-22 00:00:00', '2025-04-24 15:53:50'),
(417, 'BRD1-3A-0425-001', 125, 238, 0, 0, 0, 0, 0, 0, NULL, 0, 0, 0, 0, 0, 0, 0, NULL, NULL, NULL, 68000.00, 68000.00, '10', 'PAR-G', NULL, 'active', 'kaila user', '2025-04-22 00:00:00', '2025-04-24 15:54:32'),
(418, 'BRD1-1C-0325-001', 27, 315, 2, 12, 0, 0, 62, 0, NULL, 2, 1, 0, 59, 0, 0, 0, NULL, NULL, NULL, 264000.00, 264000.00, '40', 'PAR-L', NULL, 'active', 'kaila user', '2025-04-23 00:00:00', '2025-04-25 03:37:11'),
(419, 'BRD1-2A-0325-001', 58, 336, 1, 0, 1, 0, 10, 0, NULL, 1, 1, 0, 8, 0, 0, 0, NULL, NULL, NULL, 204000.00, 204000.00, '30', 'PAR-G', NULL, 'active', 'kaila user', '2025-04-23 00:00:00', '2025-04-25 03:38:13'),
(420, 'BRD1-2B-0325-001', 64, 445, 1, 0, 0, 0, 0, 0, NULL, 0, 0, 0, 0, 0, 0, 0, NULL, NULL, NULL, 136000.00, 136000.00, '20', 'PAR-G', NULL, 'active', 'kaila user', '2025-04-23 00:00:00', '2025-04-25 03:38:49'),
(421, 'BRD1-3A-0425-001', 123, 238, 0, 0, 2, 0, 0, 0, NULL, 0, 0, 0, 0, 0, 0, 0, NULL, NULL, NULL, 68000.00, 68000.00, '10', 'PAR-G', NULL, 'active', 'kaila user', '2025-04-23 00:00:00', '2025-04-25 03:39:20'),
(422, 'BRD1-1C-0325-001', 27, 303, 0, 12, 0, 0, 62, 0, NULL, 2, 2, 0, 58, 0, 0, 0, NULL, NULL, NULL, 264000.00, 264000.00, '40', 'PAR-L', NULL, 'active', 'kaila user', '2025-04-24 00:00:00', '2025-04-25 08:02:15'),
(423, 'BRD1-2A-0325-001', 58, 335, 1, 0, 0, 0, 12, 0, NULL, 1, 1, 0, 10, 0, 0, 0, NULL, NULL, NULL, 204000.00, 204000.00, '30', 'PAR-G', NULL, 'active', 'kaila user', '2025-04-24 00:00:00', '2025-04-25 08:04:05'),
(424, 'BRD1-2B-0325-001', 63, 510, 0, 0, 1, 0, 0, 0, NULL, 0, 0, 0, 0, 0, 0, 0, NULL, NULL, NULL, 136000.00, 136000.00, '20', 'PAR-G', NULL, 'active', 'kaila user', '2025-04-24 00:00:00', '2025-04-25 08:06:59'),
(425, 'BRD1-1C-0325-001', 27, 301, 2, 0, 0, 0, 64, 0, NULL, 2, 3, 0, 59, 0, 0, 0, NULL, NULL, NULL, 264000.00, 264000.00, '40', 'PAR-L', NULL, 'active', 'kaila user', '2025-04-25 00:00:00', '2025-04-28 00:53:16'),
(426, 'BRD1-2A-0325-001', 57, 334, 1, 0, 1, 0, 10, 0, NULL, 1, 1, 0, 8, 0, 0, 0, NULL, NULL, NULL, 204000.00, 204000.00, '30', 'PAR-G', NULL, 'active', 'kaila user', '2025-04-25 00:00:00', '2025-04-28 00:54:14'),
(427, 'BRD1-2B-0325-001', 63, 574, 1, 0, 0, 0, 0, 0, NULL, 0, 0, 0, 0, 0, 0, 0, NULL, NULL, NULL, 136000.00, 136000.00, '20', 'PAR-G', NULL, 'active', 'kaila user', '2025-04-25 00:00:00', '2025-04-28 00:55:12'),
(428, 'BRD1-3A-0425-001', 122, 238, 0, 0, 1, 0, 0, 0, NULL, 0, 0, 0, 0, 0, 0, 0, NULL, NULL, NULL, 68000.00, 68000.00, '10', 'PAR-G', NULL, 'active', 'kaila user', '2025-04-25 00:00:00', '2025-04-28 00:56:06'),
(429, 'BRD1-1C-0325-001', 27, 300, 1, 0, 0, 0, 62, 0, NULL, 1, 2, 0, 59, 0, 0, 0, NULL, NULL, NULL, 264000.00, 264000.00, '40', 'PAR-L', NULL, 'active', 'kaila user', '2025-04-26 00:00:00', '2025-04-28 01:19:15'),
(430, 'BRD1-2A-0325-001', 57, 333, 1, 0, 0, 0, 11, 0, NULL, 0, 3, 0, 8, 0, 0, 0, NULL, NULL, NULL, 204000.00, 204000.00, '30', 'PAR-G', NULL, 'active', 'kaila user', '2025-04-26 00:00:00', '2025-04-28 01:20:22'),
(431, 'BRD1-2B-0325-001', 63, 639, 0, 0, 0, 0, 0, 0, NULL, 0, 0, 0, 0, 0, 0, 0, NULL, NULL, NULL, 136000.00, 136000.00, '20', 'PAR-G', NULL, 'active', 'kaila user', '2025-04-26 00:00:00', '2025-04-28 01:22:39'),
(432, 'BRD1-3A-0425-001', 122, 237, 1, 0, 0, 0, 0, 0, NULL, 0, 0, 0, 0, 0, 0, 0, NULL, NULL, NULL, 68000.00, 68000.00, '10', 'PAR-G', NULL, 'active', 'kaila user', '2025-04-26 00:00:00', '2025-04-28 01:23:27'),
(433, 'BRD1-1C-0325-001', 27, 298, 2, 0, 0, 0, 60, 0, NULL, 0, 2, 0, 58, 0, 0, 0, NULL, NULL, NULL, 264000.00, 264000.00, '40', 'PAR-L', NULL, 'active', 'kaila user', '2025-04-27 00:00:00', '2025-04-28 01:54:45'),
(434, 'BRD1-2A-0325-001', 56, 333, 0, 0, 1, 0, 10, 0, NULL, 0, 2, 0, 8, 0, 0, 0, NULL, NULL, NULL, 204000.00, 204000.00, '30', 'PAR-G', NULL, 'active', 'kaila user', '2025-04-27 00:00:00', '2025-04-28 01:55:52'),
(435, 'BRD1-2B-0325-001', 63, 703, 1, 0, 0, 0, 0, 0, NULL, 0, 0, 0, 0, 0, 0, 0, NULL, NULL, NULL, 136000.00, 136000.00, '20', 'PAR-G', NULL, 'active', 'kaila user', '2025-04-27 00:00:00', '2025-04-28 01:56:55'),
(436, 'BRD1-3A-0425-001', 122, 236, 1, 0, 0, 0, 0, 0, NULL, 0, 0, 0, 0, 0, 0, 0, NULL, NULL, NULL, 68000.00, 68000.00, '10', 'PAR-G', NULL, 'active', 'kaila user', '2025-04-27 00:00:00', '2025-04-28 01:57:29');

-- --------------------------------------------------------

--
-- Table structure for table `cache`
--

CREATE TABLE `cache` (
  `key` varchar(255) NOT NULL,
  `value` mediumtext NOT NULL,
  `expiration` int(11) NOT NULL
) ENGINE=InnoDB DEFAULT CHARSET=utf8mb4 COLLATE=utf8mb4_unicode_ci;

-- --------------------------------------------------------

--
-- Table structure for table `cache_locks`
--

CREATE TABLE `cache_locks` (
  `key` varchar(255) NOT NULL,
  `owner` varchar(255) NOT NULL,
  `expiration` int(11) NOT NULL
) ENGINE=InnoDB DEFAULT CHARSET=utf8mb4 COLLATE=utf8mb4_unicode_ci;

-- --------------------------------------------------------

--
-- Table structure for table `chicken_sizes`
--

CREATE TABLE `chicken_sizes` (
  `id` bigint(20) UNSIGNED NOT NULL,
  `size` varchar(255) NOT NULL,
  `harga` decimal(15,2) NOT NULL,
  `created_at` timestamp NULL DEFAULT NULL,
  `updated_at` timestamp NULL DEFAULT NULL
) ENGINE=InnoDB DEFAULT CHARSET=utf8mb4 COLLATE=utf8mb4_unicode_ci;

--
-- Dumping data for table `chicken_sizes`
--

INSERT INTO `chicken_sizes` (`id`, `size`, `harga`, `created_at`, `updated_at`) VALUES
(1, '1.0 (Residence/Reseller)', 55000.00, '2025-03-08 05:02:53', '2025-04-22 08:16:40'),
(2, '1.1 (Restaurant)', 50000.00, '2025-04-22 08:14:26', '2025-04-22 08:16:14'),
(3, '1.15(Reseller)', 50000.00, '2025-04-22 08:15:50', '2025-04-22 08:16:54'),
(4, '1.2 (Restaurant)', 65000.00, '2025-04-22 08:17:15', '2025-04-22 08:17:15');

-- --------------------------------------------------------

--
-- Table structure for table `commercials`
--

CREATE TABLE `commercials` (
  `id_commercial` varchar(255) NOT NULL,
  `id_pen` bigint(20) UNSIGNED DEFAULT NULL,
  `entryDate` date DEFAULT NULL,
  `entry_population` int(11) DEFAULT NULL,
  `last_population` int(11) DEFAULT NULL,
  `age` int(11) DEFAULT NULL,
  `total_cost` decimal(15,2) DEFAULT NULL,
  `unit_Cost` decimal(15,2) DEFAULT NULL,
  `cost_total` decimal(15,2) DEFAULT NULL,
  `cost_unit` decimal(15,2) DEFAULT NULL,
  `move_to` varchar(255) DEFAULT NULL,
  `inputBy` varchar(255) NOT NULL,
  `status` varchar(255) DEFAULT 'active',
  `created_at` timestamp NULL DEFAULT NULL,
  `updated_at` timestamp NULL DEFAULT NULL
) ENGINE=InnoDB DEFAULT CHARSET=utf8mb4 COLLATE=utf8mb4_unicode_ci;

--
-- Dumping data for table `commercials`
--

INSERT INTO `commercials` (`id_commercial`, `id_pen`, `entryDate`, `entry_population`, `last_population`, `age`, `total_cost`, `unit_Cost`, `cost_total`, `cost_unit`, `move_to`, `inputBy`, `status`, `created_at`, `updated_at`) VALUES
('CMR1-01A-0325-001', 13, NULL, 694, 0, NULL, 321055.11, 29292.10, NULL, NULL, NULL, 'user', 'inactive', '2025-03-10 10:18:15', '2025-03-18 09:19:57'),
('CMR1-01A-0425-002', 13, '2025-03-24', 550, 468, 0, 1277750.00, 1277750.00, NULL, NULL, NULL, 'kaila user', 'active', '2025-04-08 09:37:50', '2025-04-28 01:58:13'),
('CMR1-01B-0325-001', 14, NULL, 183, 0, NULL, NULL, NULL, NULL, NULL, NULL, 'user', 'inactive', '2025-03-10 10:18:15', '2025-03-10 10:18:15'),
('CMR1-01B-0425-002', 14, '2025-04-03', 385, 312, 0, 1006600.00, 1006600.00, NULL, NULL, NULL, 'kaila user', 'active', '2025-04-08 09:38:09', '2025-04-28 01:59:25'),
('CMR1-02A-0325-001', 15, NULL, 813, 0, NULL, 921259.77, 0.00, NULL, NULL, NULL, 'user', 'inactive', '2025-03-10 10:18:15', '2025-04-09 09:30:17'),
('CMR1-02A-0425-002', 15, '2025-04-07', 350, 313, 0, 639218.68, 639218.68, NULL, NULL, NULL, 'kaila user', 'active', '2025-04-10 02:01:00', '2025-04-28 02:00:03'),
('CMR1-02B-0325-001', 16, NULL, 629, 0, NULL, 1065758.98, 0.00, NULL, NULL, NULL, 'user', 'inactive', '2025-03-10 10:18:15', '2025-04-09 09:30:49'),
('CMR1-02B-0425-002', 16, '2025-04-14', 335, 301, 0, 2985350.00, 345350.00, NULL, NULL, NULL, 'kaila user', 'active', '2025-04-15 08:09:33', '2025-04-28 02:00:51'),
('CMR1-03A-0325-001', 17, NULL, 498, 0, NULL, 2492654.26, 31600.00, NULL, NULL, NULL, 'user', 'inactive', '2025-03-10 10:18:15', '2025-04-18 15:00:45'),
('CMR1-03A-0425-002', 17, '2025-04-21', 315, 304, 0, 1498500.00, 152100.00, NULL, NULL, NULL, 'kaila user', 'active', '2025-04-24 15:19:03', '2025-04-28 02:01:18'),
('CMR1-03B-0325-001', 18, NULL, 388, 0, NULL, 1163927.11, -635373.59, NULL, NULL, NULL, 'user', 'inactive', '2025-03-10 10:18:16', '2025-04-11 08:54:44'),
('CMR1-04A-0325-001', 19, NULL, 461, 166, NULL, 3889626.58, 2426541.72, NULL, NULL, NULL, 'user', 'active', '2025-03-10 10:18:16', '2025-04-28 02:01:46'),
('CMR1-04B-0325-001', 20, NULL, 540, 307, NULL, 3803749.98, 3326427.09, NULL, NULL, NULL, 'user', 'active', '2025-03-10 10:18:17', '2025-04-28 02:02:15'),
('CMR1-05A-0325-001', 21, NULL, 562, 377, NULL, 3969352.28, 3969352.28, NULL, NULL, NULL, 'user', 'active', '2025-03-10 10:18:17', '2025-04-28 02:02:50'),
('CMR1-05B-0325-001', 22, NULL, 571, 371, NULL, 3777398.26, 3777398.26, NULL, NULL, NULL, 'user', 'active', '2025-03-10 10:18:17', '2025-04-28 02:03:21'),
('CMR1-06A-0325-001', 23, NULL, 561, 338, NULL, 3638487.34, 3638487.34, NULL, NULL, NULL, 'user', 'active', '2025-03-10 10:18:17', '2025-04-28 02:03:49'),
('CMR1-06B-0325-001', 24, NULL, 644, 421, NULL, 3404228.27, 3404228.27, NULL, NULL, NULL, 'user', 'active', '2025-03-10 10:18:17', '2025-04-28 02:04:27'),
('CMR1-07A-0325-001', 25, NULL, 586, 424, NULL, 3276323.18, 3276323.18, NULL, NULL, NULL, 'user', 'active', '2025-03-10 10:18:17', '2025-04-28 01:29:16'),
('CMR1-07B-0325-001', 26, NULL, 703, 505, NULL, 3217569.68, 3217569.68, NULL, NULL, NULL, 'user', 'active', '2025-03-10 10:18:17', '2025-04-28 01:47:34'),
('CMR1-08A-0325-001', 27, NULL, 730, 462, NULL, 3171261.36, 3171261.36, NULL, NULL, NULL, 'user', 'active', '2025-03-10 10:18:17', '2025-04-28 01:48:30'),
('CMR1-08B-0325-001', 28, NULL, 765, 548, NULL, 2774194.35, 2774194.35, NULL, NULL, NULL, 'user', 'active', '2025-03-10 10:18:17', '2025-04-28 01:49:23'),
('CMR1-09A-0325-001', 29, NULL, 805, 559, NULL, 2804388.23, 2804388.23, NULL, NULL, NULL, 'user', 'active', '2025-03-10 10:18:17', '2025-04-28 01:50:01'),
('CMR1-09B-0325-001', 30, NULL, 760, 551, NULL, 2680541.79, 2680541.79, NULL, NULL, NULL, 'user', 'active', '2025-03-10 10:18:17', '2025-04-28 01:50:36'),
('CMR1-10A-0325-001', 31, '2025-03-10', 657, 496, 0, 2292564.42, 2292564.42, NULL, NULL, NULL, 'user', 'active', '2025-03-11 06:33:04', '2025-04-28 01:51:21'),
('CMR1-10B-0325-001', 32, '2025-03-17', 595, 452, 0, 1648708.11, 1648708.11, NULL, NULL, NULL, 'user', 'active', '2025-03-18 07:54:35', '2025-04-28 01:51:53'),
('CMR1-PURCHASE-0425-001', 37, '2025-04-09', 20, 0, 2700, NULL, NULL, NULL, NULL, NULL, 'kaila user', 'inactive', '2025-04-09 09:45:29', '2025-04-11 09:45:39');

-- --------------------------------------------------------

--
-- Table structure for table `commercial_breeding_vaccine`
--

CREATE TABLE `commercial_breeding_vaccine` (
  `id` bigint(20) UNSIGNED NOT NULL,
  `id_commercial` varchar(255) DEFAULT NULL,
  `id_breeding` varchar(255) DEFAULT NULL,
  `vaccine_id` bigint(20) UNSIGNED NOT NULL,
  `created_at` timestamp NULL DEFAULT NULL,
  `updated_at` timestamp NULL DEFAULT NULL
) ENGINE=InnoDB DEFAULT CHARSET=utf8mb4 COLLATE=utf8mb4_unicode_ci;

-- --------------------------------------------------------

--
-- Table structure for table `commercial_details`
--

CREATE TABLE `commercial_details` (
  `id` bigint(20) UNSIGNED NOT NULL,
  `id_commercial` varchar(255) NOT NULL,
  `date` date DEFAULT NULL,
  `begining_population` int(11) DEFAULT NULL,
  `last_population` int(11) DEFAULT NULL,
  `depreciation_die` int(11) DEFAULT NULL,
  `depreciation_afkir` int(11) DEFAULT NULL,
  `depreciation_panen` int(11) DEFAULT NULL,
  `move_to` int(11) DEFAULT NULL,
  `total_move` int(11) DEFAULT NULL,
  `recieve_from` int(11) DEFAULT NULL,
  `total_recieve` int(11) DEFAULT NULL,
  `feed` int(11) DEFAULT NULL,
  `feed_name` varchar(255) DEFAULT NULL,
  `remark` varchar(255) DEFAULT NULL,
  `inputBy` varchar(255) NOT NULL,
  `id_vaksin` varchar(255) DEFAULT NULL,
  `created_at` timestamp NULL DEFAULT NULL,
  `updated_at` timestamp NULL DEFAULT NULL
) ENGINE=InnoDB DEFAULT CHARSET=utf8mb4 COLLATE=utf8mb4_unicode_ci;

--
-- Dumping data for table `commercial_details`
--

INSERT INTO `commercial_details` (`id`, `id_commercial`, `date`, `begining_population`, `last_population`, `depreciation_die`, `depreciation_afkir`, `depreciation_panen`, `move_to`, `total_move`, `recieve_from`, `total_recieve`, `feed`, `feed_name`, `remark`, `inputBy`, `id_vaksin`, `created_at`, `updated_at`) VALUES
(1, 'CMR1-01A-0325-001', NULL, 694, 689, 2, 0, 0, 0, 0, 0, 0, 17, 'SB-100', NULL, 'user', NULL, '2025-01-30 17:00:00', '2025-03-10 10:18:17'),
(2, 'CMR1-01A-0325-001', NULL, 694, 688, 1, 0, 0, 0, 0, 0, 0, 17, 'SB-100', NULL, 'user', NULL, '2025-01-31 17:00:00', '2025-03-10 10:18:17'),
(3, 'CMR1-01A-0325-001', NULL, 694, 686, 2, 0, 0, 0, 0, 0, 0, 17, 'SB-100', NULL, 'user', NULL, '2025-02-01 17:00:00', '2025-03-10 10:18:17'),
(4, 'CMR1-01A-0325-001', NULL, 694, 683, 3, 0, 0, 0, 0, 0, 0, 17, 'SB-100', NULL, 'user', NULL, '2025-02-02 17:00:00', '2025-03-10 10:18:17'),
(5, 'CMR1-01A-0325-001', NULL, 694, 680, 3, 0, 0, 0, 0, 0, 0, 17, 'SB-100', NULL, 'user', NULL, '2025-02-03 17:00:00', '2025-03-10 10:18:17'),
(6, 'CMR1-01A-0325-001', NULL, 694, 578, 2, 0, 100, 0, 0, 0, 0, 17, 'SB-100', NULL, 'user', NULL, '2025-02-04 17:00:00', '2025-03-10 10:18:17'),
(7, 'CMR1-01A-0325-001', NULL, 694, 576, 2, 0, 0, 0, 0, 0, 0, 17, 'SB-100', NULL, 'user', NULL, '2025-02-05 17:00:00', '2025-03-10 10:18:17'),
(8, 'CMR1-01A-0325-001', NULL, 694, 573, 3, 0, 0, 0, 0, 0, 0, 17, 'SB-100', NULL, 'user', NULL, '2025-02-06 17:00:00', '2025-03-10 10:18:17'),
(9, 'CMR1-01A-0325-001', NULL, 694, 571, 2, 0, 0, 0, 0, 0, 0, 17, 'SB-100', NULL, 'user', NULL, '2025-02-07 17:00:00', '2025-03-10 10:18:17'),
(10, 'CMR1-01A-0325-001', NULL, 694, 569, 2, 0, 0, 0, 0, 0, 0, 17, 'SB-100', NULL, 'user', NULL, '2025-02-08 17:00:00', '2025-03-10 10:18:17'),
(11, 'CMR1-01A-0325-001', NULL, 694, 547, 2, 0, 0, 0, 0, 0, 0, 17, 'SB-100', NULL, 'user', NULL, '2025-02-09 17:00:00', '2025-03-10 10:18:18'),
(12, 'CMR1-01A-0325-001', NULL, 694, 503, 0, 0, 54, 0, 0, 0, 0, 17, 'SB-100', NULL, 'user', NULL, '2025-02-10 17:00:00', '2025-03-10 10:18:18'),
(13, 'CMR1-01A-0325-001', NULL, 694, 469, 2, 0, 32, 0, 0, 0, 0, 17, 'SB-100', NULL, 'user', NULL, '2025-02-11 17:00:00', '2025-03-10 10:18:18'),
(14, 'CMR1-01A-0325-001', NULL, 694, 468, 1, 0, 32, 0, 0, 0, 0, 17, 'SB-100', NULL, 'user', NULL, '2025-02-12 17:00:00', '2025-03-10 10:18:18'),
(15, 'CMR1-01A-0325-001', NULL, 694, 467, 1, 0, 32, 0, 0, 0, 0, 17, 'SB-100', NULL, 'user', NULL, '2025-02-13 17:00:00', '2025-03-10 10:18:18'),
(16, 'CMR1-01A-0325-001', NULL, 694, 465, 2, 0, 32, 0, 0, 0, 0, 17, 'SB-100', NULL, 'user', NULL, '2025-02-14 17:00:00', '2025-03-10 10:18:18'),
(17, 'CMR1-01A-0325-001', NULL, 694, 434, 1, 0, 30, 0, 0, 0, 0, 17, 'SB-100', NULL, 'user', NULL, '2025-02-15 17:00:00', '2025-03-10 10:18:18'),
(18, 'CMR1-01A-0325-001', NULL, 694, 431, 3, 0, 30, 0, 0, 0, 0, 17, 'SB-100', NULL, 'user', NULL, '2025-02-16 17:00:00', '2025-03-10 10:18:18'),
(19, 'CMR1-01A-0325-001', NULL, 694, 429, 2, 0, 0, 0, 0, 0, 0, 21, 'SB-100', NULL, 'user', NULL, '2025-02-17 17:00:00', '2025-03-10 10:18:18'),
(20, 'CMR1-01A-0325-001', NULL, 694, 283, 3, 143, 0, 0, 0, 0, 0, 21, 'SB-100', NULL, 'user', NULL, '2025-02-18 17:00:00', '2025-03-10 10:18:18'),
(21, 'CMR1-01A-0325-001', NULL, 694, 282, 1, 0, 0, 0, 0, 0, 0, 15, 'SB-100', NULL, 'user', NULL, '2025-02-19 17:00:00', '2025-03-10 10:18:18'),
(22, 'CMR1-01A-0325-001', NULL, 694, 280, 2, 0, 0, 0, 0, 0, 0, 17, 'SB-100', NULL, 'user', NULL, '2025-02-20 17:00:00', '2025-03-10 10:18:18'),
(23, 'CMR1-01A-0325-001', NULL, 694, 268, 2, 0, 10, 0, 0, 0, 0, 14, 'SB-100', NULL, 'user', NULL, '2025-02-21 17:00:00', '2025-03-10 10:18:18'),
(24, 'CMR1-01A-0325-001', NULL, 694, 265, 3, 0, 0, 0, 0, 0, 0, 14, 'SB-100', NULL, 'user', NULL, '2025-02-22 17:00:00', '2025-03-10 10:18:18'),
(25, 'CMR1-01A-0325-001', NULL, 694, 263, 2, 0, 0, 0, 0, 0, 0, 20, 'SB-100', NULL, 'user', NULL, '2025-02-23 17:00:00', '2025-03-10 10:18:18'),
(26, 'CMR1-01A-0325-001', NULL, 694, 260, 3, 0, 0, 0, 0, 0, 0, 25, 'B11A', NULL, 'user', NULL, '2025-02-24 17:00:00', '2025-03-10 10:18:18'),
(27, 'CMR1-01A-0325-001', NULL, 694, 156, 0, 0, 104, 0, 0, 0, 0, 25, 'B11A', NULL, 'user', NULL, '2025-02-25 17:00:00', '2025-03-10 10:18:18'),
(28, 'CMR1-01A-0325-001', NULL, 694, 154, 2, 0, 0, 0, 0, 0, 0, 25, 'B11A', NULL, 'user', NULL, '2025-02-26 17:00:00', '2025-03-10 10:18:18'),
(29, 'CMR1-01A-0325-001', NULL, 694, 131, 3, 0, 20, 0, 0, 0, 0, 25, 'B11A', NULL, 'user', NULL, '2025-02-27 17:00:00', '2025-03-10 10:18:18'),
(30, 'CMR1-01A-0325-001', NULL, 694, 128, 3, 0, 0, 0, 0, 0, 0, 12, 'B11A', NULL, 'user', NULL, '2025-02-28 17:00:00', '2025-03-10 10:18:18'),
(31, 'CMR1-01A-0325-001', NULL, 694, 126, 2, 0, 0, 0, 0, 0, 0, 12, 'B11A', NULL, 'user', NULL, '2025-03-01 17:00:00', '2025-03-10 10:18:18'),
(32, 'CMR1-01A-0325-001', NULL, 694, 124, 2, 0, 0, 0, 0, 0, 0, 12, 'B11A', NULL, 'user', NULL, '2025-03-02 17:00:00', '2025-03-10 10:18:18'),
(33, 'CMR1-01A-0325-001', NULL, 694, 121, 3, 0, 0, 0, 0, 0, 0, 8, 'B11A', NULL, 'user', NULL, '2025-03-03 17:00:00', '2025-03-10 10:18:18'),
(34, 'CMR1-01A-0325-001', NULL, 694, 109, 2, 0, 10, 0, 0, 0, 0, 8, 'B11A', NULL, 'user', NULL, '2025-03-04 17:00:00', '2025-03-10 10:18:18'),
(35, 'CMR1-01A-0325-001', NULL, 694, 107, 2, 0, 0, 0, 0, 0, 0, 8, 'B11A', NULL, 'user', NULL, '2025-03-05 17:00:00', '2025-03-10 10:18:18'),
(36, 'CMR1-01A-0325-001', NULL, 694, 105, 2, 0, 0, 0, 0, 0, 0, 15, 'PHP-C', NULL, 'user', NULL, '2025-03-06 17:00:00', '2025-03-10 10:18:19'),
(37, 'CMR1-01A-0325-001', NULL, 694, 103, 2, 0, 0, 0, 0, 0, 0, 15, 'PHP-C', NULL, 'user', NULL, '2025-03-07 17:00:00', '2025-03-10 10:18:19'),
(38, 'CMR1-01A-0325-001', NULL, 694, 94, 1, 0, 20, 0, 0, 0, 0, 15, 'PHP-C', NULL, 'user', NULL, '2025-03-08 17:00:00', '2025-03-10 10:18:19'),
(39, 'CMR1-01B-0325-001', NULL, 183, 179, 2, 0, 0, 0, 0, 0, 0, 17, 'SB-100 ', NULL, 'user', NULL, '2025-01-30 17:00:00', '2025-03-10 10:18:19'),
(40, 'CMR1-01B-0325-001', NULL, 183, 178, 1, 0, 0, 0, 0, 0, 0, 17, 'SB-100 ', NULL, 'user', NULL, '2025-01-31 17:00:00', '2025-03-10 10:18:19'),
(41, 'CMR1-01B-0325-001', NULL, 183, 176, 2, 0, 0, 0, 0, 0, 0, 17, 'SB-100 ', NULL, 'user', NULL, '2025-02-01 17:00:00', '2025-03-10 10:18:19'),
(42, 'CMR1-01B-0325-001', NULL, 183, 172, 3, 0, 0, 0, 0, 0, 0, 17, 'SB-100 ', NULL, 'user', NULL, '2025-02-02 17:00:00', '2025-03-10 10:18:19'),
(43, 'CMR1-01B-0325-001', NULL, 183, 169, 3, 0, 0, 0, 0, 0, 0, 17, 'SB-100 ', NULL, 'user', NULL, '2025-02-03 17:00:00', '2025-03-10 10:18:19'),
(44, 'CMR1-01B-0325-001', NULL, 183, 113, 3, 0, 53, 0, 0, 0, 0, 17, 'SB-100 ', NULL, 'user', NULL, '2025-02-04 17:00:00', '2025-03-10 10:18:19'),
(45, 'CMR1-01B-0325-001', NULL, 183, 110, 3, 0, 0, 0, 0, 0, 0, 17, 'SB-100 ', NULL, 'user', NULL, '2025-02-05 17:00:00', '2025-03-10 10:18:19'),
(46, 'CMR1-01B-0325-001', NULL, 183, 110, 3, 0, 0, 0, 0, 0, 0, 17, 'SB-100 ', NULL, 'user', NULL, '2025-02-06 17:00:00', '2025-03-10 10:18:19'),
(47, 'CMR1-01B-0325-001', NULL, 183, 108, 2, 0, 0, 0, 0, 0, 0, 17, 'SB-100 ', NULL, 'user', NULL, '2025-02-07 17:00:00', '2025-03-10 10:18:19'),
(48, 'CMR1-01B-0325-001', NULL, 183, 106, 2, 0, 0, 0, 0, 0, 0, 17, 'SB-100 ', NULL, 'user', NULL, '2025-02-08 17:00:00', '2025-03-10 10:18:19'),
(49, 'CMR1-01B-0325-001', NULL, 183, 102, 4, 0, 0, 0, 0, 0, 0, 17, 'SB-100 ', NULL, 'user', NULL, '2025-02-09 17:00:00', '2025-03-10 10:18:19'),
(50, 'CMR1-01B-0325-001', NULL, 183, 100, 2, 0, 0, 0, 0, 0, 0, 17, 'SB-100 ', NULL, 'user', NULL, '2025-02-10 17:00:00', '2025-03-10 10:18:19'),
(51, 'CMR1-01B-0325-001', NULL, 183, 96, 4, 0, 0, 0, 0, 0, 0, 17, 'SB-100 ', NULL, 'user', NULL, '2025-02-11 17:00:00', '2025-03-10 10:18:19'),
(52, 'CMR1-01B-0325-001', NULL, 183, 72, 3, 0, 21, 0, 0, 0, 0, 17, 'SB-100 ', NULL, 'user', NULL, '2025-02-12 17:00:00', '2025-03-10 10:18:19'),
(53, 'CMR1-01B-0325-001', NULL, 183, 70, 2, 0, 21, 0, 0, 0, 0, 17, 'SB-100 ', NULL, 'user', NULL, '2025-02-13 17:00:00', '2025-03-10 10:18:19'),
(54, 'CMR1-01B-0325-001', NULL, 183, 68, 2, 0, 21, 0, 0, 0, 0, 17, 'SB-100 ', NULL, 'user', NULL, '2025-02-14 17:00:00', '2025-03-10 10:18:19'),
(55, 'CMR1-01B-0325-001', NULL, 183, 66, 2, 0, 21, 0, 0, 0, 0, 17, 'SB-100 ', NULL, 'user', NULL, '2025-02-15 17:00:00', '2025-03-10 10:18:19'),
(56, 'CMR1-01B-0325-001', NULL, 183, 44, 2, 0, 20, 0, 0, 0, 0, 17, 'SB-100 ', NULL, 'user', NULL, '2025-02-16 17:00:00', '2025-03-10 10:18:19'),
(57, 'CMR1-01B-0325-001', NULL, 183, 39, 3, 0, 0, 0, 0, 0, 0, 3, 'SB-100 ', NULL, 'user', NULL, '2025-02-17 17:00:00', '2025-03-10 10:18:19'),
(58, 'CMR1-01B-0325-001', NULL, 183, 0, 1, 0, 0, 0, 0, 0, 0, 0, 'SB-100 ', NULL, 'user', NULL, '2025-02-18 17:00:00', '2025-03-10 10:18:19'),
(59, 'CMR1-02A-0325-001', NULL, 813, 808, 3, 0, 0, 0, 0, 0, 0, 17, 'SB-100 ', NULL, 'user', NULL, '2025-01-30 17:00:00', '2025-03-10 10:18:19'),
(60, 'CMR1-02A-0325-001', NULL, 813, 805, 3, 0, 0, 0, 0, 0, 0, 17, 'SB-100 ', NULL, 'user', NULL, '2025-01-31 17:00:00', '2025-03-10 10:18:19'),
(61, 'CMR1-02A-0325-001', NULL, 813, 801, 4, 0, 0, 0, 0, 0, 0, 17, 'SB-100 ', NULL, 'user', NULL, '2025-02-01 17:00:00', '2025-03-10 10:18:19'),
(62, 'CMR1-02A-0325-001', NULL, 813, 799, 2, 0, 0, 0, 0, 0, 0, 17, 'SB-100 ', NULL, 'user', NULL, '2025-02-02 17:00:00', '2025-03-10 10:18:19'),
(63, 'CMR1-02A-0325-001', NULL, 813, 797, 2, 0, 0, 0, 0, 0, 0, 17, 'SB-100 ', NULL, 'user', NULL, '2025-02-03 17:00:00', '2025-03-10 10:18:19'),
(64, 'CMR1-02A-0325-001', NULL, 813, 793, 4, 0, 0, 0, 0, 0, 0, 17, 'SB-100 ', NULL, 'user', NULL, '2025-02-04 17:00:00', '2025-03-10 10:18:20'),
(65, 'CMR1-02A-0325-001', NULL, 813, 790, 3, 0, 0, 0, 0, 0, 0, 17, 'SB-100 ', NULL, 'user', NULL, '2025-02-05 17:00:00', '2025-03-10 10:18:20'),
(66, 'CMR1-02A-0325-001', NULL, 813, 789, 1, 0, 0, 0, 0, 0, 0, 17, 'SB-100 ', NULL, 'user', NULL, '2025-02-06 17:00:00', '2025-03-10 10:18:20'),
(67, 'CMR1-02A-0325-001', NULL, 813, 786, 3, 0, 0, 0, 0, 0, 0, 17, 'SB-100 ', NULL, 'user', NULL, '2025-02-07 17:00:00', '2025-03-10 10:18:20'),
(68, 'CMR1-02A-0325-001', NULL, 813, 783, 3, 0, 0, 0, 0, 0, 0, 17, 'SB-100 ', NULL, 'user', NULL, '2025-02-08 17:00:00', '2025-03-10 10:18:20'),
(69, 'CMR1-02A-0325-001', NULL, 813, 780, 3, 0, 0, 0, 0, 0, 0, 17, 'SB-100 ', NULL, 'user', NULL, '2025-02-09 17:00:00', '2025-03-10 10:18:20'),
(70, 'CMR1-02A-0325-001', NULL, 813, 720, 0, 0, 60, 0, 0, 0, 0, 17, 'SB-100 ', NULL, 'user', NULL, '2025-02-10 17:00:00', '2025-03-10 10:18:20'),
(71, 'CMR1-02A-0325-001', NULL, 813, 658, 2, 0, 60, 0, 0, 0, 0, 17, 'SB-100 ', NULL, 'user', NULL, '2025-02-11 17:00:00', '2025-03-10 10:18:20'),
(72, 'CMR1-02A-0325-001', NULL, 813, 657, 1, 0, 60, 0, 0, 0, 0, 17, 'SB-100 ', NULL, 'user', NULL, '2025-02-12 17:00:00', '2025-03-10 10:18:20'),
(73, 'CMR1-02A-0325-001', NULL, 813, 656, 1, 0, 60, 0, 0, 0, 0, 17, 'SB-100 ', NULL, 'user', NULL, '2025-02-13 17:00:00', '2025-03-10 10:18:20'),
(74, 'CMR1-02A-0325-001', NULL, 813, 654, 2, 0, 60, 0, 0, 0, 0, 17, 'SB-100 ', NULL, 'user', NULL, '2025-02-14 17:00:00', '2025-03-10 10:18:20'),
(75, 'CMR1-02A-0325-001', NULL, 813, 623, 1, 0, 30, 0, 0, 0, 0, 17, 'SB-100 ', NULL, 'user', NULL, '2025-02-15 17:00:00', '2025-03-10 10:18:20'),
(76, 'CMR1-02A-0325-001', NULL, 813, 613, 10, 0, 30, 0, 0, 0, 0, 17, 'SB-100 ', NULL, 'user', NULL, '2025-02-16 17:00:00', '2025-03-10 10:18:20'),
(77, 'CMR1-02A-0325-001', NULL, 813, 608, 2, 0, 5, 0, 0, 0, 0, 25, 'SB-100 ', NULL, 'user', NULL, '2025-02-17 17:00:00', '2025-03-10 10:18:20'),
(78, 'CMR1-02A-0325-001', NULL, 813, 563, 2, 0, 43, 0, 0, 0, 0, 25, 'SB-100 ', NULL, 'user', NULL, '2025-02-18 17:00:00', '2025-03-10 10:18:20'),
(79, 'CMR1-02A-0325-001', NULL, 813, 562, 1, 0, 0, 0, 0, 0, 0, 25, 'SB-100 ', NULL, 'user', NULL, '2025-02-19 17:00:00', '2025-03-10 10:18:20'),
(80, 'CMR1-02A-0325-001', NULL, 813, 659, 3, 0, 0, 0, 0, 0, 0, 23, 'SB-100 ', NULL, 'user', NULL, '2025-02-20 17:00:00', '2025-03-10 10:18:20'),
(81, 'CMR1-02A-0325-001', NULL, 813, 658, 1, 0, 0, 0, 0, 0, 0, 17, 'SB-100 ', NULL, 'user', NULL, '2025-02-21 17:00:00', '2025-03-10 10:18:20'),
(82, 'CMR1-02A-0325-001', NULL, 813, 655, 3, 0, 0, 0, 0, 0, 0, 16, 'SB-100 ', NULL, 'user', NULL, '2025-02-22 17:00:00', '2025-03-10 10:18:20'),
(83, 'CMR1-02A-0325-001', NULL, 813, 653, 2, 0, 0, 0, 0, 0, 0, 19, 'SB-100 ', NULL, 'user', NULL, '2025-02-23 17:00:00', '2025-03-10 10:18:20'),
(84, 'CMR1-02A-0325-001', NULL, 813, 651, 2, 0, 0, 0, 0, 0, 0, 19, 'PHP-C ', NULL, 'user', NULL, '2025-02-24 17:00:00', '2025-03-10 10:18:20'),
(85, 'CMR1-02A-0325-001', NULL, 813, 600, 1, 0, 50, 0, 0, 0, 0, 20, 'PHP-C ', NULL, 'user', NULL, '2025-02-25 17:00:00', '2025-03-10 10:18:20'),
(86, 'CMR1-02A-0325-001', NULL, 813, 597, 3, 0, 0, 0, 0, 0, 0, 17, 'B11A ', NULL, 'user', NULL, '2025-02-26 17:00:00', '2025-03-10 10:18:20'),
(87, 'CMR1-02A-0325-001', NULL, 813, 563, 4, 0, 30, 0, 0, 0, 0, 17, 'B11A ', NULL, 'user', NULL, '2025-02-27 17:00:00', '2025-03-10 10:18:20'),
(88, 'CMR1-02A-0325-001', NULL, 813, 560, 3, 0, 0, 0, 0, 0, 0, 20, 'B11A ', NULL, 'user', NULL, '2025-02-28 17:00:00', '2025-03-10 10:18:20'),
(89, 'CMR1-02A-0325-001', NULL, 813, 557, 3, 0, 0, 0, 0, 0, 0, 20, 'B11A ', NULL, 'user', NULL, '2025-03-01 17:00:00', '2025-03-10 10:18:20'),
(90, 'CMR1-02A-0325-001', NULL, 813, 554, 3, 0, 0, 0, 0, 0, 0, 20, 'B11A ', NULL, 'user', NULL, '2025-03-02 17:00:00', '2025-03-10 10:18:20'),
(91, 'CMR1-02A-0325-001', NULL, 813, 552, 2, 0, 40, 0, 0, 0, 0, 9, 'B11A ', NULL, 'user', NULL, '2025-03-03 17:00:00', '2025-03-10 10:18:21'),
(92, 'CMR1-02A-0325-001', NULL, 813, 531, 1, 0, 20, 0, 0, 0, 0, 9, 'B11A ', NULL, 'user', NULL, '2025-03-04 17:00:00', '2025-03-10 10:18:21'),
(93, 'CMR1-02A-0325-001', NULL, 813, 530, 1, 0, 20, 0, 0, 0, 0, 9, 'B11A ', NULL, 'user', NULL, '2025-03-05 17:00:00', '2025-03-10 10:18:21'),
(94, 'CMR1-02A-0325-001', NULL, 813, 528, 2, 0, 20, 0, 0, 0, 0, 20, 'PHP-C ', NULL, 'user', NULL, '2025-03-06 17:00:00', '2025-03-10 10:18:21'),
(95, 'CMR1-02A-0325-001', NULL, 813, 504, 2, 0, 20, 0, 0, 0, 0, 20, 'PHP-C ', NULL, 'user', NULL, '2025-03-07 17:00:00', '2025-03-10 10:18:21'),
(96, 'CMR1-02A-0325-001', NULL, 813, 239, 2, 0, 25, 0, 0, 0, 0, 20, 'PHP-C ', NULL, 'user', NULL, '2025-03-08 17:00:00', '2025-03-10 10:18:21'),
(97, 'CMR1-02B-0325-001', NULL, 629, 623, 3, 0, 0, 0, 0, 0, 0, 17, 'SB-100 ', NULL, 'user', NULL, '2025-01-30 17:00:00', '2025-03-10 10:18:21'),
(98, 'CMR1-02B-0325-001', NULL, 629, 621, 2, 0, 0, 0, 0, 0, 0, 17, 'SB-100 ', NULL, 'user', NULL, '2025-01-31 17:00:00', '2025-03-10 10:18:21'),
(99, 'CMR1-02B-0325-001', NULL, 629, 620, 1, 0, 0, 0, 0, 0, 0, 17, 'SB-100 ', NULL, 'user', NULL, '2025-02-01 17:00:00', '2025-03-10 10:18:21'),
(100, 'CMR1-02B-0325-001', NULL, 629, 617, 3, 0, 0, 0, 0, 0, 0, 17, 'SB-100 ', NULL, 'user', NULL, '2025-02-02 17:00:00', '2025-03-10 10:18:21'),
(101, 'CMR1-02B-0325-001', NULL, 629, 615, 2, 0, 0, 0, 0, 0, 0, 17, 'SB-100 ', NULL, 'user', NULL, '2025-02-03 17:00:00', '2025-03-10 10:18:21'),
(102, 'CMR1-02B-0325-001', NULL, 629, 613, 2, 0, 0, 0, 0, 0, 0, 17, 'SB-100 ', NULL, 'user', NULL, '2025-02-04 17:00:00', '2025-03-10 10:18:21'),
(103, 'CMR1-02B-0325-001', NULL, 629, 613, 2, 0, 0, 0, 0, 0, 0, 17, 'SB-100 ', NULL, 'user', NULL, '2025-02-05 17:00:00', '2025-03-10 10:18:21'),
(104, 'CMR1-02B-0325-001', NULL, 629, 613, 2, 0, 0, 0, 0, 0, 0, 17, 'SB-100 ', NULL, 'user', NULL, '2025-02-06 17:00:00', '2025-03-10 10:18:21'),
(105, 'CMR1-02B-0325-001', NULL, 629, 609, 4, 0, 0, 0, 0, 0, 0, 17, 'SB-100 ', NULL, 'user', NULL, '2025-02-07 17:00:00', '2025-03-10 10:18:21'),
(106, 'CMR1-02B-0325-001', NULL, 629, 607, 2, 0, 0, 0, 0, 0, 0, 17, 'SB-100 ', NULL, 'user', NULL, '2025-02-08 17:00:00', '2025-03-10 10:18:21'),
(107, 'CMR1-02B-0325-001', NULL, 629, 692, 3, 0, 0, 0, 0, 0, 0, 17, 'SB-100 ', NULL, 'user', NULL, '2025-02-09 17:00:00', '2025-03-10 10:18:21'),
(108, 'CMR1-02B-0325-001', NULL, 629, 689, 3, 0, 0, 0, 0, 0, 0, 17, 'SB-100 ', NULL, 'user', NULL, '2025-02-10 17:00:00', '2025-03-10 10:18:21'),
(109, 'CMR1-02B-0325-001', NULL, 629, 679, 10, 0, 0, 0, 0, 0, 0, 17, 'SB-100 ', NULL, 'user', NULL, '2025-02-11 17:00:00', '2025-03-10 10:18:21'),
(110, 'CMR1-02B-0325-001', NULL, 629, 676, 3, 0, 0, 0, 0, 0, 0, 17, 'SB-100 ', NULL, 'user', NULL, '2025-02-12 17:00:00', '2025-03-10 10:18:21'),
(111, 'CMR1-02B-0325-001', NULL, 629, 667, 2, 0, 7, 0, 0, 0, 0, 17, 'SB-100 ', NULL, 'user', NULL, '2025-02-13 17:00:00', '2025-03-10 10:18:21'),
(112, 'CMR1-02B-0325-001', NULL, 629, 664, 3, 0, 0, 0, 0, 0, 0, 17, 'SB-100 ', NULL, 'user', NULL, '2025-02-14 17:00:00', '2025-03-10 10:18:21'),
(113, 'CMR1-02B-0325-001', NULL, 629, 661, 3, 0, 0, 0, 0, 0, 0, 17, 'SB-100 ', NULL, 'user', NULL, '2025-02-15 17:00:00', '2025-03-10 10:18:21'),
(114, 'CMR1-02B-0325-001', NULL, 629, 659, 2, 0, 0, 0, 0, 0, 0, 17, 'SB-100 ', NULL, 'user', NULL, '2025-02-16 17:00:00', '2025-03-10 10:18:21'),
(115, 'CMR1-02B-0325-001', NULL, 629, 637, 2, 0, 20, 0, 0, 0, 0, 17, 'SB-100 ', NULL, 'user', NULL, '2025-02-17 17:00:00', '2025-03-10 10:18:21'),
(116, 'CMR1-02B-0325-001', NULL, 629, 634, 3, 0, 20, 0, 0, 0, 0, 17, 'SB-100 ', NULL, 'user', NULL, '2025-02-18 17:00:00', '2025-03-10 10:18:22'),
(117, 'CMR1-02B-0325-001', NULL, 629, 632, 2, 0, 0, 0, 0, 0, 0, 28, 'SB-100 ', NULL, 'user', NULL, '2025-02-19 17:00:00', '2025-03-10 10:18:22'),
(118, 'CMR1-02B-0325-001', NULL, 629, 590, 2, 0, 40, 0, 0, 0, 0, 28, 'SB-100 ', NULL, 'user', NULL, '2025-02-20 17:00:00', '2025-03-10 10:18:22'),
(119, 'CMR1-02B-0325-001', NULL, 629, 586, 2, 0, 0, 0, 0, 0, 0, 24, 'SB-100 ', NULL, 'user', NULL, '2025-02-21 17:00:00', '2025-03-10 10:18:22'),
(120, 'CMR1-02B-0325-001', NULL, 629, 584, 2, 0, 0, 0, 0, 0, 0, 18, 'SB-100 ', NULL, 'user', NULL, '2025-02-22 17:00:00', '2025-03-10 10:18:22'),
(121, 'CMR1-02B-0325-001', NULL, 629, 582, 2, 0, 0, 0, 0, 0, 0, 19, 'SB-100 ', NULL, 'user', NULL, '2025-02-23 17:00:00', '2025-03-10 10:18:22'),
(122, 'CMR1-02B-0325-001', NULL, 629, 580, 2, 0, 0, 0, 0, 0, 0, 14, 'SB-100 ', NULL, 'user', NULL, '2025-02-24 17:00:00', '2025-03-10 10:18:23'),
(123, 'CMR1-02B-0325-001', NULL, 629, 578, 2, 0, 0, 0, 0, 0, 0, 14, 'PHP-C ', NULL, 'user', NULL, '2025-02-25 17:00:00', '2025-03-10 10:18:23'),
(124, 'CMR1-02B-0325-001', NULL, 629, 545, 3, 0, 30, 0, 0, 0, 0, 22, 'PHP-C ', NULL, 'user', NULL, '2025-02-26 17:00:00', '2025-03-10 10:18:23'),
(125, 'CMR1-02B-0325-001', NULL, 629, 543, 2, 0, 0, 0, 0, 0, 0, 20, 'B11A ', NULL, 'user', NULL, '2025-02-27 17:00:00', '2025-03-10 10:18:23'),
(126, 'CMR1-02B-0325-001', NULL, 629, 541, 2, 0, 0, 0, 0, 0, 0, 24, 'B11A ', NULL, 'user', NULL, '2025-02-28 17:00:00', '2025-03-10 10:18:23'),
(127, 'CMR1-02B-0325-001', NULL, 629, 539, 2, 0, 0, 0, 0, 0, 0, 24, 'B11A ', NULL, 'user', NULL, '2025-03-01 17:00:00', '2025-03-10 10:18:23'),
(128, 'CMR1-02B-0325-001', NULL, 629, 537, 2, 0, 0, 0, 0, 0, 0, 24, 'B11A ', NULL, 'user', NULL, '2025-03-02 17:00:00', '2025-03-10 10:18:23'),
(129, 'CMR1-02B-0325-001', NULL, 629, 510, 7, 0, 20, 0, 0, 0, 0, 8, 'B11A ', NULL, 'user', NULL, '2025-03-03 17:00:00', '2025-03-10 10:18:23'),
(130, 'CMR1-02B-0325-001', NULL, 629, 478, 2, 0, 30, 0, 0, 0, 0, 8, 'B11A ', NULL, 'user', NULL, '2025-03-04 17:00:00', '2025-03-10 10:18:23'),
(131, 'CMR1-02B-0325-001', NULL, 629, 475, 3, 0, 30, 0, 0, 0, 0, 8, 'B11A ', NULL, 'user', NULL, '2025-03-05 17:00:00', '2025-03-10 10:18:23'),
(132, 'CMR1-02B-0325-001', NULL, 629, 473, 2, 0, 30, 0, 0, 0, 0, 16, 'B11A ', NULL, 'user', NULL, '2025-03-06 17:00:00', '2025-03-10 10:18:23'),
(133, 'CMR1-02B-0325-001', NULL, 629, 462, 1, 0, 10, 0, 0, 0, 0, 16, 'B11A ', NULL, 'user', NULL, '2025-03-07 17:00:00', '2025-03-10 10:18:23'),
(134, 'CMR1-02B-0325-001', NULL, 629, 346, 1, 0, 15, 0, 0, 0, 0, 16, 'B11A ', NULL, 'user', NULL, '2025-03-08 17:00:00', '2025-03-10 10:18:23'),
(135, 'CMR1-03A-0325-001', NULL, 498, 496, 1, 0, 0, 0, 0, 0, 0, 17, 'SB-100 ', NULL, 'user', NULL, '2025-01-30 17:00:00', '2025-03-10 10:18:23'),
(136, 'CMR1-03A-0325-001', NULL, 498, 493, 3, 0, 0, 0, 0, 0, 0, 17, 'SB-100 ', NULL, 'user', NULL, '2025-01-31 17:00:00', '2025-03-10 10:18:23'),
(137, 'CMR1-03A-0325-001', NULL, 498, 490, 3, 0, 0, 0, 0, 0, 0, 17, 'SB-100 ', NULL, 'user', NULL, '2025-02-01 17:00:00', '2025-03-10 10:18:23'),
(138, 'CMR1-03A-0325-001', NULL, 498, 489, 1, 0, 0, 0, 0, 0, 0, 17, 'SB-100 ', NULL, 'user', NULL, '2025-02-02 17:00:00', '2025-03-10 10:18:23'),
(139, 'CMR1-03A-0325-001', NULL, 498, 486, 3, 0, 0, 0, 0, 0, 0, 17, 'SB-100 ', NULL, 'user', NULL, '2025-02-03 17:00:00', '2025-03-10 10:18:23'),
(140, 'CMR1-03A-0325-001', NULL, 498, 486, 0, 0, 0, 0, 0, 0, 0, 17, 'SB-100 ', NULL, 'user', NULL, '2025-02-04 17:00:00', '2025-03-10 10:18:23'),
(141, 'CMR1-03A-0325-001', NULL, 498, 486, 0, 0, 0, 0, 0, 0, 0, 17, 'SB-100 ', NULL, 'user', NULL, '2025-02-05 17:00:00', '2025-03-10 10:18:23'),
(142, 'CMR1-03A-0325-001', NULL, 498, 486, 0, 0, 0, 0, 0, 0, 0, 17, 'SB-100 ', NULL, 'user', NULL, '2025-02-06 17:00:00', '2025-03-10 10:18:23'),
(143, 'CMR1-03A-0325-001', NULL, 498, 485, 1, 0, 0, 0, 0, 0, 0, 17, 'SB-100 ', NULL, 'user', NULL, '2025-02-07 17:00:00', '2025-03-10 10:18:24'),
(144, 'CMR1-03A-0325-001', NULL, 498, 482, 3, 0, 0, 0, 0, 0, 0, 17, 'SB-100 ', NULL, 'user', NULL, '2025-02-08 17:00:00', '2025-03-10 10:18:24'),
(145, 'CMR1-03A-0325-001', NULL, 498, 480, 2, 0, 0, 0, 0, 0, 0, 17, 'SB-100 ', NULL, 'user', NULL, '2025-02-09 17:00:00', '2025-03-10 10:18:24'),
(146, 'CMR1-03A-0325-001', NULL, 498, 480, 2, 0, 0, 0, 0, 0, 0, 17, 'SB-100 ', NULL, 'user', NULL, '2025-02-10 17:00:00', '2025-03-10 10:18:24'),
(147, 'CMR1-03A-0325-001', NULL, 498, 480, 2, 0, 0, 0, 0, 0, 0, 17, 'SB-100 ', NULL, 'user', NULL, '2025-02-11 17:00:00', '2025-03-10 10:18:24'),
(148, 'CMR1-03A-0325-001', NULL, 498, 480, 2, 0, 0, 0, 0, 0, 0, 17, 'SB-100 ', NULL, 'user', NULL, '2025-02-12 17:00:00', '2025-03-10 10:18:24'),
(149, 'CMR1-03A-0325-001', NULL, 498, 479, 1, 0, 0, 0, 0, 0, 0, 17, 'SB-100 ', NULL, 'user', NULL, '2025-02-13 17:00:00', '2025-03-10 10:18:24'),
(150, 'CMR1-03A-0325-001', NULL, 498, 477, 2, 0, 0, 0, 0, 0, 0, 17, 'SB-100 ', NULL, 'user', NULL, '2025-02-14 17:00:00', '2025-03-10 10:18:24'),
(151, 'CMR1-03A-0325-001', NULL, 498, 476, 1, 0, 0, 0, 0, 0, 0, 17, 'SB-100 ', NULL, 'user', NULL, '2025-02-15 17:00:00', '2025-03-10 10:18:24'),
(152, 'CMR1-03A-0325-001', NULL, 498, 475, 1, 0, 0, 0, 0, 0, 0, 17, 'SB-100 ', NULL, 'user', NULL, '2025-02-16 17:00:00', '2025-03-10 10:18:24'),
(153, 'CMR1-03A-0325-001', NULL, 498, 473, 2, 0, 0, 0, 0, 0, 0, 17, 'SB-100 ', NULL, 'user', NULL, '2025-02-17 17:00:00', '2025-03-10 10:18:24'),
(154, 'CMR1-03A-0325-001', NULL, 498, 471, 2, 0, 0, 0, 0, 0, 0, 17, 'SB-100 ', NULL, 'user', NULL, '2025-02-18 17:00:00', '2025-03-10 10:18:24'),
(155, 'CMR1-03A-0325-001', NULL, 498, 470, 1, 0, 0, 0, 0, 0, 0, 26, 'SB-100 ', NULL, 'user', NULL, '2025-02-19 17:00:00', '2025-03-10 10:18:24'),
(156, 'CMR1-03A-0325-001', NULL, 498, 467, 3, 0, 0, 0, 0, 0, 0, 26, 'SB-100 ', NULL, 'user', NULL, '2025-02-20 17:00:00', '2025-03-10 10:18:24'),
(157, 'CMR1-03A-0325-001', NULL, 498, 464, 1, 0, 0, 0, 0, 0, 0, 23, 'SB-100 ', NULL, 'user', NULL, '2025-02-21 17:00:00', '2025-03-10 10:18:24'),
(158, 'CMR1-03A-0325-001', NULL, 498, 448, 1, 0, 15, 0, 0, 0, 0, 18, 'SB-100 ', NULL, 'user', NULL, '2025-02-22 17:00:00', '2025-03-10 10:18:24'),
(159, 'CMR1-03A-0325-001', NULL, 498, 446, 2, 0, 0, 0, 0, 0, 0, 16, 'SB-100 ', NULL, 'user', NULL, '2025-02-23 17:00:00', '2025-03-10 10:18:24'),
(160, 'CMR1-03A-0325-001', NULL, 498, 436, 3, 0, 7, 0, 0, 0, 0, 16, 'SB-100 ', NULL, 'user', NULL, '2025-02-24 17:00:00', '2025-03-10 10:18:24'),
(161, 'CMR1-03A-0325-001', NULL, 498, 433, 3, 0, 0, 0, 0, 0, 0, 16, 'SB-100 ', NULL, 'user', NULL, '2025-02-25 17:00:00', '2025-03-10 10:18:24'),
(162, 'CMR1-03A-0325-001', NULL, 498, 431, 2, 0, 0, 0, 0, 0, 0, 24, 'SB-100 ', NULL, 'user', NULL, '2025-02-26 17:00:00', '2025-03-10 10:18:24'),
(163, 'CMR1-03A-0325-001', NULL, 498, 427, 4, 0, 0, 0, 0, 0, 0, 30, 'SB-100 ', NULL, 'user', NULL, '2025-02-27 17:00:00', '2025-03-10 10:18:24'),
(164, 'CMR1-03A-0325-001', NULL, 498, 426, 1, 0, 0, 0, 0, 0, 0, 27, 'B11A ', NULL, 'user', NULL, '2025-02-28 17:00:00', '2025-03-10 10:18:24'),
(165, 'CMR1-03A-0325-001', NULL, 498, 425, 1, 0, 0, 0, 0, 0, 0, 27, 'B11A ', NULL, 'user', NULL, '2025-03-01 17:00:00', '2025-03-10 10:18:24'),
(166, 'CMR1-03A-0325-001', NULL, 498, 423, 2, 0, 0, 0, 0, 0, 0, 27, 'B11A ', NULL, 'user', NULL, '2025-03-02 17:00:00', '2025-03-10 10:18:24'),
(167, 'CMR1-03A-0325-001', NULL, 498, 421, 2, 0, 0, 0, 0, 0, 0, 7, 'B11A ', NULL, 'user', NULL, '2025-03-03 17:00:00', '2025-03-10 10:18:24'),
(168, 'CMR1-03A-0325-001', NULL, 498, 388, 3, 0, 30, 0, 0, 0, 0, 7, 'B11A ', NULL, 'user', NULL, '2025-03-04 17:00:00', '2025-03-10 10:18:24'),
(169, 'CMR1-03A-0325-001', NULL, 498, 386, 2, 0, 30, 0, 0, 0, 0, 7, 'B11A ', NULL, 'user', NULL, '2025-03-05 17:00:00', '2025-03-10 10:18:24'),
(170, 'CMR1-03A-0325-001', NULL, 498, 385, 1, 0, 30, 0, 0, 0, 0, 17, 'B11A ', NULL, 'user', NULL, '2025-03-06 17:00:00', '2025-03-10 10:18:24'),
(171, 'CMR1-03A-0325-001', NULL, 498, 382, 3, 0, 0, 0, 0, 0, 0, 17, 'B11A ', NULL, 'user', NULL, '2025-03-07 17:00:00', '2025-03-10 10:18:25'),
(172, 'CMR1-03A-0325-001', NULL, 498, 412, 2, 0, 0, 0, 0, 0, 0, 17, 'B11A ', NULL, 'user', NULL, '2025-03-08 17:00:00', '2025-03-10 10:18:25'),
(173, 'CMR1-03B-0325-001', NULL, 388, 386, 2, 0, 0, 0, 0, 0, 0, 17, 'SB-100 ', NULL, 'user', NULL, '2025-01-30 17:00:00', '2025-03-10 10:18:25'),
(174, 'CMR1-03B-0325-001', NULL, 388, 385, 1, 0, 0, 0, 0, 0, 0, 17, 'SB-100 ', NULL, 'user', NULL, '2025-01-31 17:00:00', '2025-03-10 10:18:25'),
(175, 'CMR1-03B-0325-001', NULL, 388, 385, 1, 0, 0, 0, 0, 0, 0, 17, 'SB-100 ', NULL, 'user', NULL, '2025-02-01 17:00:00', '2025-03-10 10:18:25'),
(176, 'CMR1-03B-0325-001', NULL, 388, 383, 2, 0, 0, 0, 0, 0, 0, 17, 'SB-100 ', NULL, 'user', NULL, '2025-02-02 17:00:00', '2025-03-10 10:18:25'),
(177, 'CMR1-03B-0325-001', NULL, 388, 381, 2, 0, 0, 0, 0, 0, 0, 17, 'SB-100 ', NULL, 'user', NULL, '2025-02-03 17:00:00', '2025-03-10 10:18:25'),
(178, 'CMR1-03B-0325-001', NULL, 388, 377, 4, 0, 0, 0, 0, 0, 0, 17, 'SB-100 ', NULL, 'user', NULL, '2025-02-04 17:00:00', '2025-03-10 10:18:25'),
(179, 'CMR1-03B-0325-001', NULL, 388, 375, 2, 0, 0, 0, 0, 0, 0, 17, 'SB-100 ', NULL, 'user', NULL, '2025-02-05 17:00:00', '2025-03-10 10:18:25'),
(180, 'CMR1-03B-0325-001', NULL, 388, 375, 0, 0, 0, 0, 0, 0, 0, 17, 'SB-100 ', NULL, 'user', NULL, '2025-02-06 17:00:00', '2025-03-10 10:18:25'),
(181, 'CMR1-03B-0325-001', NULL, 388, 375, 0, 0, 0, 0, 0, 0, 0, 17, 'SB-100 ', NULL, 'user', NULL, '2025-02-07 17:00:00', '2025-03-10 10:18:25'),
(182, 'CMR1-03B-0325-001', NULL, 388, 371, 4, 0, 0, 0, 0, 0, 0, 17, 'SB-100 ', NULL, 'user', NULL, '2025-02-08 17:00:00', '2025-03-10 10:18:25'),
(183, 'CMR1-03B-0325-001', NULL, 388, 371, 0, 0, 0, 0, 0, 0, 0, 17, 'SB-100 ', NULL, 'user', NULL, '2025-02-09 17:00:00', '2025-03-10 10:18:25'),
(184, 'CMR1-03B-0325-001', NULL, 388, 368, 2, 0, 0, 0, 0, 0, 0, 17, 'SB-100 ', NULL, 'user', NULL, '2025-02-10 17:00:00', '2025-03-10 10:18:25'),
(185, 'CMR1-03B-0325-001', NULL, 388, 366, 2, 0, 0, 0, 0, 0, 0, 17, 'SB-100 ', NULL, 'user', NULL, '2025-02-11 17:00:00', '2025-03-10 10:18:25'),
(186, 'CMR1-03B-0325-001', NULL, 388, 365, 1, 0, 0, 0, 0, 0, 0, 17, 'SB-100 ', NULL, 'user', NULL, '2025-02-12 17:00:00', '2025-03-10 10:18:25'),
(187, 'CMR1-03B-0325-001', NULL, 388, 363, 2, 0, 0, 0, 0, 0, 0, 17, 'SB-100 ', NULL, 'user', NULL, '2025-02-13 17:00:00', '2025-03-10 10:18:25'),
(188, 'CMR1-03B-0325-001', NULL, 388, 363, 0, 0, 0, 0, 0, 0, 0, 17, 'SB-100 ', NULL, 'user', NULL, '2025-02-14 17:00:00', '2025-03-10 10:18:25'),
(189, 'CMR1-03B-0325-001', NULL, 388, 360, 3, 0, 0, 0, 0, 0, 0, 17, 'SB-100 ', NULL, 'user', NULL, '2025-02-15 17:00:00', '2025-03-10 10:18:25'),
(190, 'CMR1-03B-0325-001', NULL, 388, 358, 2, 0, 0, 0, 0, 0, 0, 17, 'SB-100 ', NULL, 'user', NULL, '2025-02-16 17:00:00', '2025-03-10 10:18:25'),
(191, 'CMR1-03B-0325-001', NULL, 388, 357, 1, 0, 0, 0, 0, 0, 0, 25, 'SB-100 ', NULL, 'user', NULL, '2025-02-17 17:00:00', '2025-03-10 10:18:25'),
(192, 'CMR1-03B-0325-001', NULL, 388, 354, 3, 0, 0, 0, 0, 0, 0, 25, 'SB-100 ', NULL, 'user', NULL, '2025-02-18 17:00:00', '2025-03-10 10:18:25'),
(193, 'CMR1-03B-0325-001', NULL, 388, 353, 1, 0, 0, 0, 0, 0, 0, 25, 'SB-100 ', NULL, 'user', NULL, '2025-02-19 17:00:00', '2025-03-10 10:18:25'),
(194, 'CMR1-03B-0325-001', NULL, 388, 352, 1, 0, 0, 0, 0, 0, 0, 18, 'SB-100 ', NULL, 'user', NULL, '2025-02-20 17:00:00', '2025-03-10 10:18:25'),
(195, 'CMR1-03B-0325-001', NULL, 388, 349, 3, 0, 0, 0, 0, 0, 0, 14, 'SB-100 ', NULL, 'user', NULL, '2025-02-21 17:00:00', '2025-03-10 10:18:25'),
(196, 'CMR1-03B-0325-001', NULL, 388, 347, 2, 0, 0, 0, 0, 0, 0, 21, 'SB-100 ', NULL, 'user', NULL, '2025-02-22 17:00:00', '2025-03-10 10:18:25'),
(197, 'CMR1-03B-0325-001', NULL, 388, 343, 4, 0, 0, 0, 0, 0, 0, 13, 'SB-100 ', NULL, 'user', NULL, '2025-02-23 17:00:00', '2025-03-10 10:18:25'),
(198, 'CMR1-03B-0325-001', NULL, 388, 339, 4, 0, 0, 0, 0, 0, 0, 13, 'SB-100 ', NULL, 'user', NULL, '2025-02-24 17:00:00', '2025-03-10 10:18:26'),
(199, 'CMR1-03B-0325-001', NULL, 388, 335, 4, 0, 0, 0, 0, 0, 0, 13, 'SB-100 ', NULL, 'user', NULL, '2025-02-25 17:00:00', '2025-03-10 10:18:26'),
(200, 'CMR1-03B-0325-001', NULL, 388, 333, 2, 0, 0, 0, 0, 0, 0, 19, 'SB-100 ', NULL, 'user', NULL, '2025-02-26 17:00:00', '2025-03-10 10:18:26'),
(201, 'CMR1-03B-0325-001', NULL, 388, 329, 4, 0, 0, 0, 0, 0, 0, 19, 'SB-100 ', NULL, 'user', NULL, '2025-02-27 17:00:00', '2025-03-10 10:18:26'),
(202, 'CMR1-03B-0325-001', NULL, 388, 326, 2, 0, 0, 0, 0, 0, 0, 20, 'B11A ', NULL, 'user', NULL, '2025-02-28 17:00:00', '2025-03-10 10:18:26'),
(203, 'CMR1-03B-0325-001', NULL, 388, 323, 3, 0, 0, 0, 0, 0, 0, 20, 'B11A ', NULL, 'user', NULL, '2025-03-01 17:00:00', '2025-03-10 10:18:26'),
(204, 'CMR1-03B-0325-001', NULL, 388, 320, 3, 0, 0, 0, 0, 0, 0, 20, 'B11A ', NULL, 'user', NULL, '2025-03-02 17:00:00', '2025-03-10 10:18:26'),
(205, 'CMR1-03B-0325-001', NULL, 388, 317, 3, 0, 0, 0, 0, 0, 0, 7, 'B11A ', NULL, 'user', NULL, '2025-03-03 17:00:00', '2025-03-10 10:18:26'),
(206, 'CMR1-03B-0325-001', NULL, 388, 315, 2, 0, 0, 0, 0, 0, 0, 7, 'B11A ', NULL, 'user', NULL, '2025-03-04 17:00:00', '2025-03-10 10:18:26'),
(207, 'CMR1-03B-0325-001', NULL, 388, 312, 3, 0, 0, 0, 0, 0, 0, 7, 'B11A ', NULL, 'user', NULL, '2025-03-05 17:00:00', '2025-03-10 10:18:26'),
(208, 'CMR1-03B-0325-001', NULL, 388, 311, 1, 0, 0, 0, 0, 0, 0, 15, 'B11A ', NULL, 'user', NULL, '2025-03-06 17:00:00', '2025-03-10 10:18:26'),
(209, 'CMR1-03B-0325-001', NULL, 388, 309, 2, 0, 0, 0, 0, 0, 0, 15, 'B11A ', NULL, 'user', NULL, '2025-03-07 17:00:00', '2025-03-10 10:18:26'),
(210, 'CMR1-03B-0325-001', NULL, 388, 310, 3, 0, 0, 0, 0, 0, 0, 15, 'B11A ', NULL, 'user', NULL, '2025-03-08 17:00:00', '2025-03-10 10:18:26'),
(211, 'CMR1-04A-0325-001', NULL, 461, 460, 1, 0, 0, 0, 0, 0, 0, 17, 'SB-100 ', NULL, 'user', NULL, '2025-01-30 17:00:00', '2025-03-10 10:18:26'),
(212, 'CMR1-04A-0325-001', NULL, 461, 458, 2, 0, 0, 0, 0, 0, 0, 17, 'SB-100 ', NULL, 'user', NULL, '2025-01-31 17:00:00', '2025-03-10 10:18:26'),
(213, 'CMR1-04A-0325-001', NULL, 461, 457, 1, 0, 0, 0, 0, 0, 0, 17, 'SB-100 ', NULL, 'user', NULL, '2025-02-01 17:00:00', '2025-03-10 10:18:26'),
(214, 'CMR1-04A-0325-001', NULL, 461, 456, 1, 0, 0, 0, 0, 0, 0, 17, 'SB-100 ', NULL, 'user', NULL, '2025-02-02 17:00:00', '2025-03-10 10:18:26'),
(215, 'CMR1-04A-0325-001', NULL, 461, 455, 1, 0, 0, 0, 0, 0, 0, 17, 'SB-100 ', NULL, 'user', NULL, '2025-02-03 17:00:00', '2025-03-10 10:18:26'),
(216, 'CMR1-04A-0325-001', NULL, 461, 452, 3, 0, 0, 0, 0, 0, 0, 17, 'SB-100 ', NULL, 'user', NULL, '2025-02-04 17:00:00', '2025-03-10 10:18:26'),
(217, 'CMR1-04A-0325-001', NULL, 461, 450, 2, 0, 0, 0, 0, 0, 0, 17, 'SB-100 ', NULL, 'user', NULL, '2025-02-05 17:00:00', '2025-03-10 10:18:26'),
(218, 'CMR1-04A-0325-001', NULL, 461, 448, 2, 0, 0, 0, 0, 0, 0, 17, 'SB-100 ', NULL, 'user', NULL, '2025-02-06 17:00:00', '2025-03-10 10:18:26'),
(219, 'CMR1-04A-0325-001', NULL, 461, 442, 6, 0, 0, 0, 0, 0, 0, 17, 'SB-100 ', NULL, 'user', NULL, '2025-02-07 17:00:00', '2025-03-10 10:18:26'),
(220, 'CMR1-04A-0325-001', NULL, 461, 441, 1, 0, 0, 0, 0, 0, 0, 17, 'SB-100 ', NULL, 'user', NULL, '2025-02-08 17:00:00', '2025-03-10 10:18:26'),
(221, 'CMR1-04A-0325-001', NULL, 461, 439, 2, 0, 0, 0, 0, 0, 0, 17, 'SB-100 ', NULL, 'user', NULL, '2025-02-09 17:00:00', '2025-03-10 10:18:26'),
(222, 'CMR1-04A-0325-001', NULL, 461, 438, 1, 0, 0, 0, 0, 0, 0, 17, 'SB-100 ', NULL, 'user', NULL, '2025-02-10 17:00:00', '2025-03-10 10:18:26'),
(223, 'CMR1-04A-0325-001', NULL, 461, 435, 3, 0, 0, 0, 0, 0, 0, 17, 'SB-100 ', NULL, 'user', NULL, '2025-02-11 17:00:00', '2025-03-10 10:18:26'),
(224, 'CMR1-04A-0325-001', NULL, 461, 433, 2, 0, 0, 0, 0, 0, 0, 17, 'SB-100 ', NULL, 'user', NULL, '2025-02-12 17:00:00', '2025-03-10 10:18:26'),
(225, 'CMR1-04A-0325-001', NULL, 461, 431, 2, 0, 0, 0, 0, 0, 0, 17, 'SB-100 ', NULL, 'user', NULL, '2025-02-13 17:00:00', '2025-03-10 10:18:26'),
(226, 'CMR1-04A-0325-001', NULL, 461, 431, 0, 0, 0, 0, 0, 0, 0, 17, 'SB-100 ', NULL, 'user', NULL, '2025-02-14 17:00:00', '2025-03-10 10:18:27'),
(227, 'CMR1-04A-0325-001', NULL, 461, 429, 2, 0, 0, 0, 0, 0, 0, 17, 'SB-100 ', NULL, 'user', NULL, '2025-02-15 17:00:00', '2025-03-10 10:18:27'),
(228, 'CMR1-04A-0325-001', NULL, 461, 428, 1, 0, 0, 0, 0, 0, 0, 17, 'SB-100 ', NULL, 'user', NULL, '2025-02-16 17:00:00', '2025-03-10 10:18:27'),
(229, 'CMR1-04A-0325-001', NULL, 461, 425, 3, 0, 0, 0, 0, 0, 0, 21, 'SB-100 ', NULL, 'user', NULL, '2025-02-17 17:00:00', '2025-03-10 10:18:27'),
(230, 'CMR1-04A-0325-001', NULL, 461, 423, 2, 0, 0, 0, 0, 0, 0, 21, 'SB-100 ', NULL, 'user', NULL, '2025-02-18 17:00:00', '2025-03-10 10:18:27'),
(231, 'CMR1-04A-0325-001', NULL, 461, 421, 2, 0, 0, 0, 0, 0, 0, 21, 'SB-100 ', NULL, 'user', NULL, '2025-02-19 17:00:00', '2025-03-10 10:18:27'),
(232, 'CMR1-04A-0325-001', NULL, 461, 419, 2, 0, 0, 0, 0, 0, 0, 19, 'SB-100 ', NULL, 'user', NULL, '2025-02-20 17:00:00', '2025-03-10 10:18:27'),
(233, 'CMR1-04A-0325-001', NULL, 461, 416, 3, 0, 0, 0, 0, 0, 0, 16, 'SB-100 ', NULL, 'user', NULL, '2025-02-21 17:00:00', '2025-03-10 10:18:27'),
(234, 'CMR1-04A-0325-001', NULL, 461, 415, 1, 0, 0, 0, 0, 0, 0, 20, 'SB-100 ', NULL, 'user', NULL, '2025-02-22 17:00:00', '2025-03-10 10:18:27'),
(235, 'CMR1-04A-0325-001', NULL, 461, 413, 2, 0, 0, 0, 0, 0, 0, 20, 'SB-100 ', NULL, 'user', NULL, '2025-02-23 17:00:00', '2025-03-10 10:18:27'),
(236, 'CMR1-04A-0325-001', NULL, 461, 405, 8, 0, 0, 0, 0, 0, 0, 20, 'SB-100 ', NULL, 'user', NULL, '2025-02-24 17:00:00', '2025-03-10 10:18:27'),
(237, 'CMR1-04A-0325-001', NULL, 461, 403, 2, 0, 0, 0, 0, 0, 0, 20, 'SB-100 ', NULL, 'user', NULL, '2025-02-25 17:00:00', '2025-03-10 10:18:27'),
(238, 'CMR1-04A-0325-001', NULL, 461, 402, 1, 0, 0, 0, 0, 0, 0, 25, 'SB-100 ', NULL, 'user', NULL, '2025-02-26 17:00:00', '2025-03-10 10:18:27'),
(239, 'CMR1-04A-0325-001', NULL, 461, 400, 2, 0, 0, 0, 0, 0, 0, 25, 'SB-100 ', NULL, 'user', NULL, '2025-02-27 17:00:00', '2025-03-10 10:18:27'),
(240, 'CMR1-04A-0325-001', NULL, 461, 395, 3, 0, 0, 0, 0, 0, 0, 21, 'B11A ', NULL, 'user', NULL, '2025-02-28 17:00:00', '2025-03-10 10:18:27'),
(241, 'CMR1-04A-0325-001', NULL, 461, 390, 5, 0, 0, 0, 0, 0, 0, 21, 'B11A ', NULL, 'user', NULL, '2025-03-01 17:00:00', '2025-03-10 10:18:27'),
(242, 'CMR1-04A-0325-001', NULL, 461, 386, 4, 0, 0, 0, 0, 0, 0, 21, 'B11A ', NULL, 'user', NULL, '2025-03-02 17:00:00', '2025-03-10 10:18:27'),
(243, 'CMR1-04A-0325-001', NULL, 461, 383, 3, 0, 0, 0, 0, 0, 0, 8, 'B11A ', NULL, 'user', NULL, '2025-03-03 17:00:00', '2025-03-10 10:18:27'),
(244, 'CMR1-04A-0325-001', NULL, 461, 381, 2, 0, 0, 0, 0, 0, 0, 8, 'B11A ', NULL, 'user', NULL, '2025-03-04 17:00:00', '2025-03-10 10:18:27'),
(245, 'CMR1-04A-0325-001', NULL, 461, 379, 2, 0, 0, 0, 0, 0, 0, 8, 'B11A ', NULL, 'user', NULL, '2025-03-05 17:00:00', '2025-03-10 10:18:27'),
(246, 'CMR1-04A-0325-001', NULL, 461, 377, 2, 0, 0, 0, 0, 0, 0, 9, 'B11A ', NULL, 'user', NULL, '2025-03-06 17:00:00', '2025-03-10 10:18:27'),
(247, 'CMR1-04A-0325-001', NULL, 461, 375, 2, 0, 0, 0, 0, 0, 0, 9, 'B11A ', NULL, 'user', NULL, '2025-03-07 17:00:00', '2025-03-10 10:18:27'),
(248, 'CMR1-04A-0325-001', NULL, 461, 377, 2, 0, 0, 0, 0, 0, 0, 9, 'B11A ', NULL, 'user', NULL, '2025-03-08 17:00:00', '2025-03-10 10:18:27'),
(249, 'CMR1-04B-0325-001', NULL, 540, 533, 4, 0, 0, 0, 0, 0, 0, 17, 'GF-511', NULL, 'user', NULL, '2025-01-30 17:00:00', '2025-03-10 10:18:27'),
(250, 'CMR1-04B-0325-001', NULL, 540, 530, 3, 0, 0, 0, 0, 0, 0, 17, 'GF-511', NULL, 'user', NULL, '2025-01-31 17:00:00', '2025-03-10 10:18:28'),
(251, 'CMR1-04B-0325-001', NULL, 540, 529, 1, 0, 0, 0, 0, 0, 0, 17, 'GF-511', NULL, 'user', NULL, '2025-02-01 17:00:00', '2025-03-10 10:18:28'),
(252, 'CMR1-04B-0325-001', NULL, 540, 526, 3, 0, 0, 0, 0, 0, 0, 17, 'GF-511', NULL, 'user', NULL, '2025-02-02 17:00:00', '2025-03-10 10:18:29'),
(253, 'CMR1-04B-0325-001', NULL, 540, 524, 2, 0, 0, 0, 0, 0, 0, 17, 'GF-511', NULL, 'user', NULL, '2025-02-03 17:00:00', '2025-03-10 10:18:29'),
(254, 'CMR1-04B-0325-001', NULL, 540, 522, 2, 0, 0, 0, 0, 0, 0, 17, 'GF-511', NULL, 'user', NULL, '2025-02-04 17:00:00', '2025-03-10 10:18:29'),
(255, 'CMR1-04B-0325-001', NULL, 540, 521, 1, 0, 0, 0, 0, 0, 0, 17, 'GF-511', NULL, 'user', NULL, '2025-02-05 17:00:00', '2025-03-10 10:18:29'),
(256, 'CMR1-04B-0325-001', NULL, 540, 519, 2, 0, 0, 0, 0, 0, 0, 17, 'GF-511', NULL, 'user', NULL, '2025-02-06 17:00:00', '2025-03-10 10:18:29'),
(257, 'CMR1-04B-0325-001', NULL, 540, 516, 3, 0, 0, 0, 0, 0, 0, 17, 'GF-511', NULL, 'user', NULL, '2025-02-07 17:00:00', '2025-03-10 10:18:29'),
(258, 'CMR1-04B-0325-001', NULL, 540, 515, 1, 0, 0, 0, 0, 0, 0, 17, 'GF-511', NULL, 'user', NULL, '2025-02-08 17:00:00', '2025-03-10 10:18:29'),
(259, 'CMR1-04B-0325-001', NULL, 540, 512, 3, 0, 0, 0, 0, 0, 0, 17, 'GF-511', NULL, 'user', NULL, '2025-02-09 17:00:00', '2025-03-10 10:18:29'),
(260, 'CMR1-04B-0325-001', NULL, 540, 509, 3, 0, 0, 0, 0, 0, 0, 17, 'GF-511', NULL, 'user', NULL, '2025-02-10 17:00:00', '2025-03-10 10:18:29'),
(261, 'CMR1-04B-0325-001', NULL, 540, 508, 1, 0, 0, 0, 0, 0, 0, 17, 'GF-511', NULL, 'user', NULL, '2025-02-11 17:00:00', '2025-03-10 10:18:29'),
(262, 'CMR1-04B-0325-001', NULL, 540, 507, 1, 0, 0, 0, 0, 0, 0, 17, 'GF-511', NULL, 'user', NULL, '2025-02-12 17:00:00', '2025-03-10 10:18:29'),
(263, 'CMR1-04B-0325-001', NULL, 540, 506, 1, 0, 0, 0, 0, 0, 0, 17, 'GF-511', NULL, 'user', NULL, '2025-02-13 17:00:00', '2025-03-10 10:18:29'),
(264, 'CMR1-04B-0325-001', NULL, 540, 504, 2, 0, 0, 0, 0, 0, 0, 17, 'GF-511', NULL, 'user', NULL, '2025-02-14 17:00:00', '2025-03-10 10:18:29'),
(265, 'CMR1-04B-0325-001', NULL, 540, 502, 2, 0, 0, 0, 0, 0, 0, 17, 'GF-511', NULL, 'user', NULL, '2025-02-15 17:00:00', '2025-03-10 10:18:29'),
(266, 'CMR1-04B-0325-001', NULL, 540, 500, 2, 0, 0, 0, 0, 0, 0, 17, 'GF-511', NULL, 'user', NULL, '2025-02-16 17:00:00', '2025-03-10 10:18:29'),
(267, 'CMR1-04B-0325-001', NULL, 540, 496, 1, 0, 0, 0, 0, 0, 0, 25, 'GF-511', NULL, 'user', NULL, '2025-02-17 17:00:00', '2025-03-10 10:18:29'),
(268, 'CMR1-04B-0325-001', NULL, 540, 495, 1, 0, 0, 0, 0, 0, 0, 25, 'GF-511', NULL, 'user', NULL, '2025-02-18 17:00:00', '2025-03-10 10:18:29'),
(269, 'CMR1-04B-0325-001', NULL, 540, 494, 1, 0, 0, 0, 0, 0, 0, 25, 'GF-511', NULL, 'user', NULL, '2025-02-19 17:00:00', '2025-03-10 10:18:29'),
(270, 'CMR1-04B-0325-001', NULL, 540, 492, 2, 0, 0, 0, 0, 0, 0, 12, 'GF-511', NULL, 'user', NULL, '2025-02-20 17:00:00', '2025-03-10 10:18:29'),
(271, 'CMR1-04B-0325-001', NULL, 540, 490, 2, 0, 0, 0, 0, 0, 0, 9, 'GF-511', NULL, 'user', NULL, '2025-02-21 17:00:00', '2025-03-10 10:18:29'),
(272, 'CMR1-04B-0325-001', NULL, 540, 487, 3, 0, 0, 0, 0, 0, 0, 9, 'GF-511', NULL, 'user', NULL, '2025-02-22 17:00:00', '2025-03-10 10:18:29'),
(273, 'CMR1-04B-0325-001', NULL, 540, 486, 1, 0, 0, 0, 0, 0, 0, 8, 'GF-511', NULL, 'user', NULL, '2025-02-23 17:00:00', '2025-03-10 10:18:29'),
(274, 'CMR1-04B-0325-001', NULL, 540, 475, 11, 0, 0, 0, 0, 0, 0, 10, 'GF-511', NULL, 'user', NULL, '2025-02-24 17:00:00', '2025-03-10 10:18:29'),
(275, 'CMR1-04B-0325-001', NULL, 540, 472, 3, 0, 0, 0, 0, 0, 0, 10, 'GF-511', NULL, 'user', NULL, '2025-02-25 17:00:00', '2025-03-10 10:18:29'),
(276, 'CMR1-04B-0325-001', NULL, 540, 470, 2, 0, 0, 0, 0, 0, 0, 10, 'GF-511', NULL, 'user', NULL, '2025-02-26 17:00:00', '2025-03-10 10:18:29'),
(277, 'CMR1-04B-0325-001', NULL, 540, 469, 1, 0, 0, 0, 0, 0, 0, 10, 'GF-511', NULL, 'user', NULL, '2025-02-27 17:00:00', '2025-03-10 10:18:29'),
(278, 'CMR1-04B-0325-001', NULL, 540, 464, 5, 0, 0, 0, 0, 0, 0, 9, 'GF-511', NULL, 'user', NULL, '2025-02-28 17:00:00', '2025-03-10 10:18:29'),
(279, 'CMR1-04B-0325-001', NULL, 540, 461, 3, 0, 0, 0, 0, 0, 0, 9, 'GF-511', NULL, 'user', NULL, '2025-03-01 17:00:00', '2025-03-10 10:18:29'),
(280, 'CMR1-04B-0325-001', NULL, 540, 460, 1, 0, 0, 0, 0, 0, 0, 9, 'GF-511', NULL, 'user', NULL, '2025-03-02 17:00:00', '2025-03-10 10:18:30'),
(281, 'CMR1-04B-0325-001', NULL, 540, 458, 2, 0, 0, 0, 0, 0, 0, 8, 'GF-511', NULL, 'user', NULL, '2025-03-03 17:00:00', '2025-03-10 10:18:30'),
(282, 'CMR1-04B-0325-001', NULL, 540, 457, 1, 0, 0, 0, 0, 0, 0, 8, 'GF-511', NULL, 'user', NULL, '2025-03-04 17:00:00', '2025-03-10 10:18:30'),
(283, 'CMR1-04B-0325-001', NULL, 540, 455, 2, 0, 0, 0, 0, 0, 0, 8, 'GF-511', NULL, 'user', NULL, '2025-03-05 17:00:00', '2025-03-10 10:18:30'),
(284, 'CMR1-04B-0325-001', NULL, 540, 452, 3, 0, 0, 0, 0, 0, 0, 7, 'B11A', NULL, 'user', NULL, '2025-03-06 17:00:00', '2025-03-10 10:18:30'),
(285, 'CMR1-04B-0325-001', NULL, 540, 450, 2, 0, 0, 0, 0, 0, 0, 7, 'B11A', NULL, 'user', NULL, '2025-03-07 17:00:00', '2025-03-10 10:18:30'),
(286, 'CMR1-04B-0325-001', NULL, 540, 449, 2, 0, 0, 0, 0, 0, 0, 7, 'B11A', NULL, 'user', NULL, '2025-03-08 17:00:00', '2025-03-10 10:18:30'),
(287, 'CMR1-05A-0325-001', NULL, 562, 557, 2, 0, 0, 0, 0, 0, 0, 17, 'GF-511', NULL, 'user', NULL, '2025-01-30 17:00:00', '2025-03-10 10:18:30'),
(288, 'CMR1-05A-0325-001', NULL, 562, 553, 4, 0, 0, 0, 0, 0, 0, 17, 'GF-511', NULL, 'user', NULL, '2025-01-31 17:00:00', '2025-03-10 10:18:30'),
(289, 'CMR1-05A-0325-001', NULL, 562, 550, 3, 0, 0, 0, 0, 0, 0, 17, 'GF-511', NULL, 'user', NULL, '2025-02-01 17:00:00', '2025-03-10 10:18:30'),
(290, 'CMR1-05A-0325-001', NULL, 562, 546, 3, 0, 0, 0, 0, 0, 0, 17, 'GF-511', NULL, 'user', NULL, '2025-02-02 17:00:00', '2025-03-10 10:18:30'),
(291, 'CMR1-05A-0325-001', NULL, 562, 545, 1, 0, 0, 0, 0, 0, 0, 17, 'GF-511', NULL, 'user', NULL, '2025-02-03 17:00:00', '2025-03-10 10:18:30'),
(292, 'CMR1-05A-0325-001', NULL, 562, 542, 3, 0, 0, 0, 0, 0, 0, 17, 'GF-511', NULL, 'user', NULL, '2025-02-04 17:00:00', '2025-03-10 10:18:30'),
(293, 'CMR1-05A-0325-001', NULL, 562, 539, 3, 0, 0, 0, 0, 0, 0, 17, 'GF-511', NULL, 'user', NULL, '2025-02-05 17:00:00', '2025-03-10 10:18:30'),
(294, 'CMR1-05A-0325-001', NULL, 562, 539, 0, 0, 0, 0, 0, 0, 0, 17, 'GF-511', NULL, 'user', NULL, '2025-02-06 17:00:00', '2025-03-10 10:18:30'),
(295, 'CMR1-05A-0325-001', NULL, 562, 538, 1, 0, 0, 0, 0, 0, 0, 17, 'GF-511', NULL, 'user', NULL, '2025-02-07 17:00:00', '2025-03-10 10:18:30'),
(296, 'CMR1-05A-0325-001', NULL, 562, 537, 1, 0, 0, 0, 0, 0, 0, 17, 'GF-511', NULL, 'user', NULL, '2025-02-08 17:00:00', '2025-03-10 10:18:30'),
(297, 'CMR1-05A-0325-001', NULL, 562, 535, 2, 0, 0, 0, 0, 0, 0, 17, 'GF-511', NULL, 'user', NULL, '2025-02-09 17:00:00', '2025-03-10 10:18:30'),
(298, 'CMR1-05A-0325-001', NULL, 562, 532, 3, 0, 0, 0, 0, 0, 0, 17, 'GF-511', NULL, 'user', NULL, '2025-02-10 17:00:00', '2025-03-10 10:18:30'),
(299, 'CMR1-05A-0325-001', NULL, 562, 530, 2, 0, 0, 0, 0, 0, 0, 17, 'GF-511', NULL, 'user', NULL, '2025-02-11 17:00:00', '2025-03-10 10:18:30'),
(300, 'CMR1-05A-0325-001', NULL, 562, 528, 2, 0, 0, 0, 0, 0, 0, 17, 'GF-511', NULL, 'user', NULL, '2025-02-12 17:00:00', '2025-03-10 10:18:30'),
(301, 'CMR1-05A-0325-001', NULL, 562, 525, 3, 0, 0, 0, 0, 0, 0, 17, 'GF-511', NULL, 'user', NULL, '2025-02-13 17:00:00', '2025-03-10 10:18:30'),
(302, 'CMR1-05A-0325-001', NULL, 562, 525, 0, 0, 0, 0, 0, 0, 0, 17, 'GF-511', NULL, 'user', NULL, '2025-02-14 17:00:00', '2025-03-10 10:18:30'),
(303, 'CMR1-05A-0325-001', NULL, 562, 522, 3, 0, 0, 0, 0, 0, 0, 17, 'GF-511', NULL, 'user', NULL, '2025-02-15 17:00:00', '2025-03-10 10:18:30'),
(304, 'CMR1-05A-0325-001', NULL, 562, 518, 4, 0, 0, 0, 0, 0, 0, 17, 'GF-511', NULL, 'user', NULL, '2025-02-16 17:00:00', '2025-03-10 10:18:30'),
(305, 'CMR1-05A-0325-001', NULL, 562, 517, 1, 0, 0, 0, 0, 0, 0, 23, 'GF-511', NULL, 'user', NULL, '2025-02-17 17:00:00', '2025-03-10 10:18:30'),
(306, 'CMR1-05A-0325-001', NULL, 562, 515, 2, 0, 0, 0, 0, 0, 0, 23, 'GF-511', NULL, 'user', NULL, '2025-02-18 17:00:00', '2025-03-10 10:18:30'),
(307, 'CMR1-05A-0325-001', NULL, 562, 512, 3, 0, 0, 0, 0, 0, 0, 23, 'GF-511', NULL, 'user', NULL, '2025-02-19 17:00:00', '2025-03-10 10:18:30'),
(308, 'CMR1-05A-0325-001', NULL, 562, 509, 3, 0, 0, 0, 0, 0, 0, 11, 'GF-511', NULL, 'user', NULL, '2025-02-20 17:00:00', '2025-03-10 10:18:31'),
(309, 'CMR1-05A-0325-001', NULL, 562, 508, 1, 0, 0, 0, 0, 0, 0, 8, 'GF-511', NULL, 'user', NULL, '2025-02-21 17:00:00', '2025-03-10 10:18:31'),
(310, 'CMR1-05A-0325-001', NULL, 562, 505, 3, 0, 0, 0, 0, 0, 0, 8, 'GF-511', NULL, 'user', NULL, '2025-02-22 17:00:00', '2025-03-10 10:18:31'),
(311, 'CMR1-05A-0325-001', NULL, 562, 503, 2, 0, 0, 0, 0, 0, 0, 7, 'GF-511', NULL, 'user', NULL, '2025-02-23 17:00:00', '2025-03-10 10:18:31'),
(312, 'CMR1-05A-0325-001', NULL, 562, 500, 3, 0, 0, 0, 0, 0, 0, 9, 'GF-511', NULL, 'user', NULL, '2025-02-24 17:00:00', '2025-03-10 10:18:31'),
(313, 'CMR1-05A-0325-001', NULL, 562, 497, 3, 0, 0, 0, 0, 0, 0, 9, 'GF-511', NULL, 'user', NULL, '2025-02-25 17:00:00', '2025-03-10 10:18:31'),
(314, 'CMR1-05A-0325-001', NULL, 562, 495, 2, 0, 0, 0, 0, 0, 0, 9, 'GF-511', NULL, 'user', NULL, '2025-02-26 17:00:00', '2025-03-10 10:18:31'),
(315, 'CMR1-05A-0325-001', NULL, 562, 492, 3, 0, 0, 0, 0, 0, 0, 9, 'GF-511', NULL, 'user', NULL, '2025-02-27 17:00:00', '2025-03-10 10:18:31'),
(316, 'CMR1-05A-0325-001', NULL, 562, 488, 4, 0, 0, 0, 0, 0, 0, 9, 'GF-511', NULL, 'user', NULL, '2025-02-28 17:00:00', '2025-03-10 10:18:31'),
(317, 'CMR1-05A-0325-001', NULL, 562, 485, 3, 0, 0, 0, 0, 0, 0, 9, 'GF-511', NULL, 'user', NULL, '2025-03-01 17:00:00', '2025-03-10 10:18:31'),
(318, 'CMR1-05A-0325-001', NULL, 562, 482, 3, 0, 0, 0, 0, 0, 0, 9, 'GF-511', NULL, 'user', NULL, '2025-03-02 17:00:00', '2025-03-10 10:18:31'),
(319, 'CMR1-05A-0325-001', NULL, 562, 479, 3, 0, 0, 0, 0, 0, 0, 8, 'GF-511', NULL, 'user', NULL, '2025-03-03 17:00:00', '2025-03-10 10:18:31'),
(320, 'CMR1-05A-0325-001', NULL, 562, 477, 2, 0, 0, 0, 0, 0, 0, 8, 'GF-511', NULL, 'user', NULL, '2025-03-04 17:00:00', '2025-03-10 10:18:31'),
(321, 'CMR1-05A-0325-001', NULL, 562, 477, 2, 0, 0, 0, 0, 0, 0, 8, 'GF-511', NULL, 'user', NULL, '2025-03-05 17:00:00', '2025-03-10 10:18:31'),
(322, 'CMR1-05A-0325-001', NULL, 562, 474, 3, 0, 0, 0, 0, 0, 0, 7, 'B11A', NULL, 'user', NULL, '2025-03-06 17:00:00', '2025-03-10 10:18:31'),
(323, 'CMR1-05A-0325-001', NULL, 562, 471, 3, 0, 0, 0, 0, 0, 0, 7, 'B11A', NULL, 'user', NULL, '2025-03-07 17:00:00', '2025-03-10 10:18:31'),
(324, 'CMR1-05A-0325-001', NULL, 562, 466, 2, 0, 0, 0, 0, 0, 0, 7, 'B11A', NULL, 'user', NULL, '2025-03-08 17:00:00', '2025-03-10 10:18:31'),
(325, 'CMR1-05B-0325-001', NULL, 571, 568, 2, 0, 0, 0, 0, 0, 0, 17, 'GF-511', NULL, 'user', NULL, '2025-01-30 17:00:00', '2025-03-10 10:18:31'),
(326, 'CMR1-05B-0325-001', NULL, 571, 565, 3, 0, 0, 0, 0, 0, 0, 17, 'GF-511', NULL, 'user', NULL, '2025-01-31 17:00:00', '2025-03-10 10:18:31'),
(327, 'CMR1-05B-0325-001', NULL, 571, 561, 4, 0, 0, 0, 0, 0, 0, 17, 'GF-511', NULL, 'user', NULL, '2025-02-01 17:00:00', '2025-03-10 10:18:31'),
(328, 'CMR1-05B-0325-001', NULL, 571, 558, 3, 0, 0, 0, 0, 0, 0, 17, 'GF-511', NULL, 'user', NULL, '2025-02-02 17:00:00', '2025-03-10 10:18:31'),
(329, 'CMR1-05B-0325-001', NULL, 571, 556, 2, 0, 0, 0, 0, 0, 0, 17, 'GF-511', NULL, 'user', NULL, '2025-02-03 17:00:00', '2025-03-10 10:18:31'),
(330, 'CMR1-05B-0325-001', NULL, 571, 554, 2, 0, 0, 0, 0, 0, 0, 17, 'GF-511', NULL, 'user', NULL, '2025-02-04 17:00:00', '2025-03-10 10:18:31'),
(331, 'CMR1-05B-0325-001', NULL, 571, 551, 3, 0, 0, 0, 0, 0, 0, 17, 'GF-511', NULL, 'user', NULL, '2025-02-05 17:00:00', '2025-03-10 10:18:31'),
(332, 'CMR1-05B-0325-001', NULL, 571, 549, 2, 0, 0, 0, 0, 0, 0, 17, 'GF-511', NULL, 'user', NULL, '2025-02-06 17:00:00', '2025-03-10 10:18:31'),
(333, 'CMR1-05B-0325-001', NULL, 571, 546, 3, 0, 0, 0, 0, 0, 0, 17, 'GF-511', NULL, 'user', NULL, '2025-02-07 17:00:00', '2025-03-10 10:18:31'),
(334, 'CMR1-05B-0325-001', NULL, 571, 543, 3, 0, 0, 0, 0, 0, 0, 17, 'GF-511', NULL, 'user', NULL, '2025-02-08 17:00:00', '2025-03-10 10:18:31'),
(335, 'CMR1-05B-0325-001', NULL, 571, 539, 4, 0, 0, 0, 0, 0, 0, 17, 'GF-511', NULL, 'user', NULL, '2025-02-09 17:00:00', '2025-03-10 10:18:32'),
(336, 'CMR1-05B-0325-001', NULL, 571, 536, 3, 0, 0, 0, 0, 0, 0, 17, 'GF-511', NULL, 'user', NULL, '2025-02-10 17:00:00', '2025-03-10 10:18:32'),
(337, 'CMR1-05B-0325-001', NULL, 571, 534, 2, 0, 0, 0, 0, 0, 0, 17, 'GF-511', NULL, 'user', NULL, '2025-02-11 17:00:00', '2025-03-10 10:18:32'),
(338, 'CMR1-05B-0325-001', NULL, 571, 531, 3, 0, 0, 0, 0, 0, 0, 17, 'GF-511', NULL, 'user', NULL, '2025-02-12 17:00:00', '2025-03-10 10:18:32'),
(339, 'CMR1-05B-0325-001', NULL, 571, 526, 5, 0, 0, 0, 0, 0, 0, 17, 'GF-511', NULL, 'user', NULL, '2025-02-13 17:00:00', '2025-03-10 10:18:32'),
(340, 'CMR1-05B-0325-001', NULL, 571, 524, 2, 0, 0, 0, 0, 0, 0, 17, 'GF-511', NULL, 'user', NULL, '2025-02-14 17:00:00', '2025-03-10 10:18:32'),
(341, 'CMR1-05B-0325-001', NULL, 571, 521, 3, 0, 0, 0, 0, 0, 0, 17, 'GF-511', NULL, 'user', NULL, '2025-02-15 17:00:00', '2025-03-10 10:18:32'),
(342, 'CMR1-05B-0325-001', NULL, 571, 518, 3, 0, 0, 0, 0, 0, 0, 17, 'GF-511', NULL, 'user', NULL, '2025-02-16 17:00:00', '2025-03-10 10:18:32'),
(343, 'CMR1-05B-0325-001', NULL, 571, 517, 1, 0, 0, 0, 0, 0, 0, 13, 'GF-511', NULL, 'user', NULL, '2025-02-17 17:00:00', '2025-03-10 10:18:32'),
(344, 'CMR1-05B-0325-001', NULL, 571, 513, 4, 0, 0, 0, 0, 0, 0, 13, 'GF-511', NULL, 'user', NULL, '2025-02-18 17:00:00', '2025-03-10 10:18:32'),
(345, 'CMR1-05B-0325-001', NULL, 571, 511, 2, 0, 0, 0, 0, 0, 0, 13, 'GF-511', NULL, 'user', NULL, '2025-02-19 17:00:00', '2025-03-10 10:18:32'),
(346, 'CMR1-05B-0325-001', NULL, 571, 509, 2, 0, 0, 0, 0, 0, 0, 10, 'GF-511', NULL, 'user', NULL, '2025-02-20 17:00:00', '2025-03-10 10:18:32'),
(347, 'CMR1-05B-0325-001', NULL, 571, 508, 1, 0, 0, 0, 0, 0, 0, 7, 'GF-511', NULL, 'user', NULL, '2025-02-21 17:00:00', '2025-03-10 10:18:32');
INSERT INTO `commercial_details` (`id`, `id_commercial`, `date`, `begining_population`, `last_population`, `depreciation_die`, `depreciation_afkir`, `depreciation_panen`, `move_to`, `total_move`, `recieve_from`, `total_recieve`, `feed`, `feed_name`, `remark`, `inputBy`, `id_vaksin`, `created_at`, `updated_at`) VALUES
(348, 'CMR1-05B-0325-001', NULL, 571, 506, 2, 0, 0, 0, 0, 0, 0, 7, 'GF-511', NULL, 'user', NULL, '2025-02-22 17:00:00', '2025-03-10 10:18:32'),
(349, 'CMR1-05B-0325-001', NULL, 571, 505, 1, 0, 0, 0, 0, 0, 0, 7, 'GF-511', NULL, 'user', NULL, '2025-02-23 17:00:00', '2025-03-10 10:18:32'),
(350, 'CMR1-05B-0325-001', NULL, 571, 503, 2, 0, 0, 0, 0, 0, 0, 9, 'GF-511', NULL, 'user', NULL, '2025-02-24 17:00:00', '2025-03-10 10:18:32'),
(351, 'CMR1-05B-0325-001', NULL, 571, 499, 4, 0, 0, 0, 0, 0, 0, 9, 'GF-511', NULL, 'user', NULL, '2025-02-25 17:00:00', '2025-03-10 10:18:32'),
(352, 'CMR1-05B-0325-001', NULL, 571, 497, 2, 0, 0, 0, 0, 0, 0, 9, 'GF-511', NULL, 'user', NULL, '2025-02-26 17:00:00', '2025-03-10 10:18:32'),
(353, 'CMR1-05B-0325-001', NULL, 571, 495, 2, 0, 0, 0, 0, 0, 0, 9, 'GF-511', NULL, 'user', NULL, '2025-02-27 17:00:00', '2025-03-10 10:18:32'),
(354, 'CMR1-05B-0325-001', NULL, 571, 493, 2, 0, 0, 0, 0, 0, 0, 8, 'GF-511', NULL, 'user', NULL, '2025-02-28 17:00:00', '2025-03-10 10:18:32'),
(355, 'CMR1-05B-0325-001', NULL, 571, 489, 4, 0, 0, 0, 0, 0, 0, 8, 'GF-511', NULL, 'user', NULL, '2025-03-01 17:00:00', '2025-03-10 10:18:32'),
(356, 'CMR1-05B-0325-001', NULL, 571, 487, 2, 0, 0, 0, 0, 0, 0, 8, 'GF-511', NULL, 'user', NULL, '2025-03-02 17:00:00', '2025-03-10 10:18:32'),
(357, 'CMR1-05B-0325-001', NULL, 571, 484, 3, 0, 0, 0, 0, 0, 0, 8, 'GF-511', NULL, 'user', NULL, '2025-03-03 17:00:00', '2025-03-10 10:18:32'),
(358, 'CMR1-05B-0325-001', NULL, 571, 481, 3, 0, 0, 0, 0, 0, 0, 8, 'GF-511', NULL, 'user', NULL, '2025-03-04 17:00:00', '2025-03-10 10:18:32'),
(359, 'CMR1-05B-0325-001', NULL, 571, 479, 2, 0, 0, 0, 0, 0, 0, 8, 'GF-511', NULL, 'user', NULL, '2025-03-05 17:00:00', '2025-03-10 10:18:32'),
(360, 'CMR1-05B-0325-001', NULL, 571, 477, 2, 0, 0, 0, 0, 0, 0, 7, 'B11A', NULL, 'user', NULL, '2025-03-06 17:00:00', '2025-03-10 10:18:32'),
(361, 'CMR1-05B-0325-001', NULL, 571, 475, 2, 0, 0, 0, 0, 0, 0, 7, 'B11A', NULL, 'user', NULL, '2025-03-07 17:00:00', '2025-03-10 10:18:32'),
(362, 'CMR1-05B-0325-001', NULL, 571, 472, 3, 0, 0, 0, 0, 0, 0, 7, 'B11A', NULL, 'user', NULL, '2025-03-08 17:00:00', '2025-03-10 10:18:33'),
(363, 'CMR1-06A-0325-001', NULL, 561, 552, 4, 0, 0, 0, 0, 0, 0, 17, 'GF-511', NULL, 'user', NULL, '2025-01-30 17:00:00', '2025-03-10 10:18:33'),
(364, 'CMR1-06A-0325-001', NULL, 561, 548, 4, 0, 0, 0, 0, 0, 0, 17, 'GF-511', NULL, 'user', NULL, '2025-01-31 17:00:00', '2025-03-10 10:18:33'),
(365, 'CMR1-06A-0325-001', NULL, 561, 545, 3, 0, 0, 0, 0, 0, 0, 17, 'GF-511', NULL, 'user', NULL, '2025-02-01 17:00:00', '2025-03-10 10:18:33'),
(366, 'CMR1-06A-0325-001', NULL, 561, 541, 4, 0, 0, 0, 0, 0, 0, 17, 'GF-511', NULL, 'user', NULL, '2025-02-02 17:00:00', '2025-03-10 10:18:33'),
(367, 'CMR1-06A-0325-001', NULL, 561, 578, 3, 0, 0, 0, 0, 0, 0, 17, 'GF-511', NULL, 'user', NULL, '2025-02-03 17:00:00', '2025-03-10 10:18:33'),
(368, 'CMR1-06A-0325-001', NULL, 561, 574, 4, 0, 0, 0, 0, 0, 0, 17, 'GF-511', NULL, 'user', NULL, '2025-02-04 17:00:00', '2025-03-10 10:18:33'),
(369, 'CMR1-06A-0325-001', NULL, 561, 573, 1, 0, 0, 0, 0, 0, 0, 17, 'GF-511', NULL, 'user', NULL, '2025-02-05 17:00:00', '2025-03-10 10:18:33'),
(370, 'CMR1-06A-0325-001', NULL, 561, 570, 3, 0, 0, 0, 0, 0, 0, 17, 'GF-511', NULL, 'user', NULL, '2025-02-06 17:00:00', '2025-03-10 10:18:33'),
(371, 'CMR1-06A-0325-001', NULL, 561, 566, 4, 0, 0, 0, 0, 0, 0, 17, 'GF-511', NULL, 'user', NULL, '2025-02-07 17:00:00', '2025-03-10 10:18:33'),
(372, 'CMR1-06A-0325-001', NULL, 561, 564, 2, 0, 0, 0, 0, 0, 0, 17, 'GF-511', NULL, 'user', NULL, '2025-02-08 17:00:00', '2025-03-10 10:18:33'),
(373, 'CMR1-06A-0325-001', NULL, 561, 562, 2, 0, 0, 0, 0, 0, 0, 17, 'GF-511', NULL, 'user', NULL, '2025-02-09 17:00:00', '2025-03-10 10:18:33'),
(374, 'CMR1-06A-0325-001', NULL, 561, 558, 4, 0, 0, 0, 0, 0, 0, 17, 'GF-511', NULL, 'user', NULL, '2025-02-10 17:00:00', '2025-03-10 10:18:33'),
(375, 'CMR1-06A-0325-001', NULL, 561, 556, 2, 0, 0, 0, 0, 0, 0, 17, 'GF-511', NULL, 'user', NULL, '2025-02-11 17:00:00', '2025-03-10 10:18:33'),
(376, 'CMR1-06A-0325-001', NULL, 561, 554, 2, 0, 0, 0, 0, 0, 0, 17, 'GF-511', NULL, 'user', NULL, '2025-02-12 17:00:00', '2025-03-10 10:18:33'),
(377, 'CMR1-06A-0325-001', NULL, 561, 552, 2, 0, 0, 0, 0, 0, 0, 17, 'GF-511', NULL, 'user', NULL, '2025-02-13 17:00:00', '2025-03-10 10:18:33'),
(378, 'CMR1-06A-0325-001', NULL, 561, 549, 3, 0, 0, 0, 0, 0, 0, 17, 'GF-511', NULL, 'user', NULL, '2025-02-14 17:00:00', '2025-03-10 10:18:33'),
(379, 'CMR1-06A-0325-001', NULL, 561, 546, 3, 0, 0, 0, 0, 0, 0, 17, 'GF-511', NULL, 'user', NULL, '2025-02-15 17:00:00', '2025-03-10 10:18:33'),
(380, 'CMR1-06A-0325-001', NULL, 561, 544, 2, 0, 0, 0, 0, 0, 0, 17, 'GF-511', NULL, 'user', NULL, '2025-02-16 17:00:00', '2025-03-10 10:18:33'),
(381, 'CMR1-06A-0325-001', NULL, 561, 542, 2, 0, 0, 0, 0, 0, 0, 10, 'GF-511', NULL, 'user', NULL, '2025-02-17 17:00:00', '2025-03-10 10:18:33'),
(382, 'CMR1-06A-0325-001', NULL, 561, 539, 3, 0, 0, 0, 0, 0, 0, 10, 'GF-511', NULL, 'user', NULL, '2025-02-18 17:00:00', '2025-03-10 10:18:34'),
(383, 'CMR1-06A-0325-001', NULL, 561, 538, 1, 0, 0, 0, 0, 0, 0, 10, 'GF-511', NULL, 'user', NULL, '2025-02-19 17:00:00', '2025-03-10 10:18:34'),
(384, 'CMR1-06A-0325-001', NULL, 561, 537, 1, 0, 0, 0, 0, 0, 0, 10, 'GF-511', NULL, 'user', NULL, '2025-02-20 17:00:00', '2025-03-10 10:18:35'),
(385, 'CMR1-06A-0325-001', NULL, 561, 531, 1, 0, 0, 0, 0, 0, 0, 6, 'GF-511', NULL, 'user', NULL, '2025-02-21 17:00:00', '2025-03-10 10:18:35'),
(386, 'CMR1-06A-0325-001', NULL, 561, 527, 4, 0, 0, 0, 0, 0, 0, 6, 'GF-511', NULL, 'user', NULL, '2025-02-22 17:00:00', '2025-03-10 10:18:35'),
(387, 'CMR1-06A-0325-001', NULL, 561, 525, 2, 0, 0, 0, 0, 0, 0, 6, 'GF-511', NULL, 'user', NULL, '2025-02-23 17:00:00', '2025-03-10 10:18:35'),
(388, 'CMR1-06A-0325-001', NULL, 561, 521, 4, 0, 0, 0, 0, 0, 0, 8, 'GF-511', NULL, 'user', NULL, '2025-02-24 17:00:00', '2025-03-10 10:18:35'),
(389, 'CMR1-06A-0325-001', NULL, 561, 516, 5, 0, 0, 0, 0, 0, 0, 8, 'GF-511', NULL, 'user', NULL, '2025-02-25 17:00:00', '2025-03-10 10:18:35'),
(390, 'CMR1-06A-0325-001', NULL, 561, 513, 3, 0, 0, 0, 0, 0, 0, 8, 'GF-511', NULL, 'user', NULL, '2025-02-26 17:00:00', '2025-03-10 10:18:35'),
(391, 'CMR1-06A-0325-001', NULL, 561, 510, 3, 0, 0, 0, 0, 0, 0, 8, 'GF-511', NULL, 'user', NULL, '2025-02-27 17:00:00', '2025-03-10 10:18:35'),
(392, 'CMR1-06A-0325-001', NULL, 561, 505, 5, 0, 0, 0, 0, 0, 0, 7, 'GF-511', NULL, 'user', NULL, '2025-02-28 17:00:00', '2025-03-10 10:18:35'),
(393, 'CMR1-06A-0325-001', NULL, 561, 502, 3, 0, 0, 0, 0, 0, 0, 7, 'GF-511', NULL, 'user', NULL, '2025-03-01 17:00:00', '2025-03-10 10:18:35'),
(394, 'CMR1-06A-0325-001', NULL, 561, 501, 1, 0, 0, 0, 0, 0, 0, 7, 'GF-511', NULL, 'user', NULL, '2025-03-02 17:00:00', '2025-03-10 10:18:35'),
(395, 'CMR1-06A-0325-001', NULL, 561, 497, 4, 0, 0, 0, 0, 0, 0, 8, 'GF-511', NULL, 'user', NULL, '2025-03-03 17:00:00', '2025-03-10 10:18:35'),
(396, 'CMR1-06A-0325-001', NULL, 561, 496, 1, 0, 0, 0, 0, 0, 0, 8, 'GF-511', NULL, 'user', NULL, '2025-03-04 17:00:00', '2025-03-10 10:18:35'),
(397, 'CMR1-06A-0325-001', NULL, 561, 493, 3, 0, 0, 0, 0, 0, 0, 8, 'GF-511', NULL, 'user', NULL, '2025-03-05 17:00:00', '2025-03-10 10:18:35'),
(398, 'CMR1-06A-0325-001', NULL, 561, 490, 3, 0, 0, 0, 0, 0, 0, 7, 'B11A', NULL, 'user', NULL, '2025-03-06 17:00:00', '2025-03-10 10:18:35'),
(399, 'CMR1-06A-0325-001', NULL, 561, 487, 3, 0, 0, 0, 0, 0, 0, 7, 'B11A', NULL, 'user', NULL, '2025-03-07 17:00:00', '2025-03-10 10:18:35'),
(400, 'CMR1-06A-0325-001', NULL, 561, 451, 1, 0, 0, 0, 0, 0, 0, 7, 'B11A', NULL, 'user', NULL, '2025-03-08 17:00:00', '2025-03-10 10:18:35'),
(401, 'CMR1-06B-0325-001', NULL, 644, 635, 5, 0, 0, 0, 0, 0, 0, 17, 'GF-511', NULL, 'user', NULL, '2025-01-30 17:00:00', '2025-03-10 10:18:35'),
(402, 'CMR1-06B-0325-001', NULL, 644, 630, 5, 0, 0, 0, 0, 0, 0, 17, 'GF-511', NULL, 'user', NULL, '2025-01-31 17:00:00', '2025-03-10 10:18:35'),
(403, 'CMR1-06B-0325-001', NULL, 644, 627, 3, 0, 0, 0, 0, 0, 0, 17, 'GF-511', NULL, 'user', NULL, '2025-02-01 17:00:00', '2025-03-10 10:18:35'),
(404, 'CMR1-06B-0325-001', NULL, 644, 624, 3, 0, 0, 0, 0, 0, 0, 17, 'GF-511', NULL, 'user', NULL, '2025-02-02 17:00:00', '2025-03-10 10:18:35'),
(405, 'CMR1-06B-0325-001', NULL, 644, 620, 4, 0, 0, 0, 0, 0, 0, 17, 'GF-511', NULL, 'user', NULL, '2025-02-03 17:00:00', '2025-03-10 10:18:35'),
(406, 'CMR1-06B-0325-001', NULL, 644, 620, 4, 0, 0, 0, 0, 0, 0, 17, 'GF-511', NULL, 'user', NULL, '2025-02-04 17:00:00', '2025-03-10 10:18:35'),
(407, 'CMR1-06B-0325-001', NULL, 644, 614, 6, 0, 0, 0, 0, 0, 0, 17, 'GF-511', NULL, 'user', NULL, '2025-02-05 17:00:00', '2025-03-10 10:18:35'),
(408, 'CMR1-06B-0325-001', NULL, 644, 612, 2, 0, 0, 0, 0, 0, 0, 17, 'GF-511', NULL, 'user', NULL, '2025-02-06 17:00:00', '2025-03-10 10:18:35'),
(409, 'CMR1-06B-0325-001', NULL, 644, 609, 3, 0, 0, 0, 0, 0, 0, 17, 'GF-511', NULL, 'user', NULL, '2025-02-07 17:00:00', '2025-03-10 10:18:35'),
(410, 'CMR1-06B-0325-001', NULL, 644, 605, 4, 0, 0, 0, 0, 0, 0, 17, 'GF-511', NULL, 'user', NULL, '2025-02-08 17:00:00', '2025-03-10 10:18:35'),
(411, 'CMR1-06B-0325-001', NULL, 644, 602, 3, 0, 0, 0, 0, 0, 0, 17, 'GF-511', NULL, 'user', NULL, '2025-02-09 17:00:00', '2025-03-10 10:18:36'),
(412, 'CMR1-06B-0325-001', NULL, 644, 600, 2, 0, 0, 0, 0, 0, 0, 17, 'GF-511', NULL, 'user', NULL, '2025-02-10 17:00:00', '2025-03-10 10:18:36'),
(413, 'CMR1-06B-0325-001', NULL, 644, 594, 6, 0, 0, 0, 0, 0, 0, 17, 'GF-511', NULL, 'user', NULL, '2025-02-11 17:00:00', '2025-03-10 10:18:36'),
(414, 'CMR1-06B-0325-001', NULL, 644, 590, 4, 0, 0, 0, 0, 0, 0, 17, 'GF-511', NULL, 'user', NULL, '2025-02-12 17:00:00', '2025-03-10 10:18:36'),
(415, 'CMR1-06B-0325-001', NULL, 644, 587, 3, 0, 0, 0, 0, 0, 0, 17, 'GF-511', NULL, 'user', NULL, '2025-02-13 17:00:00', '2025-03-10 10:18:36'),
(416, 'CMR1-06B-0325-001', NULL, 644, 586, 1, 0, 0, 0, 0, 0, 0, 17, 'GF-511', NULL, 'user', NULL, '2025-02-14 17:00:00', '2025-03-10 10:18:36'),
(417, 'CMR1-06B-0325-001', NULL, 644, 578, 4, 0, 0, 0, 0, 0, 0, 17, 'GF-511', NULL, 'user', NULL, '2025-02-15 17:00:00', '2025-03-10 10:18:36'),
(418, 'CMR1-06B-0325-001', NULL, 644, 577, 1, 0, 0, 0, 0, 0, 0, 17, 'GF-511', NULL, 'user', NULL, '2025-02-16 17:00:00', '2025-03-10 10:18:36'),
(419, 'CMR1-06B-0325-001', NULL, 644, 573, 2, 0, 0, 0, 0, 0, 0, 9, 'GF-511', NULL, 'user', NULL, '2025-02-17 17:00:00', '2025-03-10 10:18:36'),
(420, 'CMR1-06B-0325-001', NULL, 644, 570, 3, 0, 0, 0, 0, 0, 0, 9, 'GF-511', NULL, 'user', NULL, '2025-02-18 17:00:00', '2025-03-10 10:18:36'),
(421, 'CMR1-06B-0325-001', NULL, 644, 567, 3, 0, 0, 0, 0, 0, 0, 9, 'GF-511', NULL, 'user', NULL, '2025-02-19 17:00:00', '2025-03-10 10:18:36'),
(422, 'CMR1-06B-0325-001', NULL, 644, 566, 1, 0, 0, 0, 0, 0, 0, 10, 'GF-511', NULL, 'user', NULL, '2025-02-20 17:00:00', '2025-03-10 10:18:36'),
(423, 'CMR1-06B-0325-001', NULL, 644, 562, 4, 0, 0, 0, 0, 0, 0, 5, 'GF-511', NULL, 'user', NULL, '2025-02-21 17:00:00', '2025-03-10 10:18:36'),
(424, 'CMR1-06B-0325-001', NULL, 644, 560, 2, 0, 0, 0, 0, 0, 0, 5, 'GF-511', NULL, 'user', NULL, '2025-02-22 17:00:00', '2025-03-10 10:18:36'),
(425, 'CMR1-06B-0325-001', NULL, 644, 557, 3, 0, 0, 0, 0, 0, 0, 5, 'GF-511', NULL, 'user', NULL, '2025-02-23 17:00:00', '2025-03-10 10:18:36'),
(426, 'CMR1-06B-0325-001', NULL, 644, 554, 3, 0, 0, 0, 0, 0, 0, 6, 'GF-511', NULL, 'user', NULL, '2025-02-24 17:00:00', '2025-03-10 10:18:36'),
(427, 'CMR1-06B-0325-001', NULL, 644, 551, 3, 0, 0, 0, 0, 0, 0, 6, 'GF-511', NULL, 'user', NULL, '2025-02-25 17:00:00', '2025-03-10 10:18:36'),
(428, 'CMR1-06B-0325-001', NULL, 644, 547, 4, 0, 0, 0, 0, 0, 0, 6, 'GF-511', NULL, 'user', NULL, '2025-02-26 17:00:00', '2025-03-10 10:18:36'),
(429, 'CMR1-06B-0325-001', NULL, 644, 542, 5, 0, 0, 0, 0, 0, 0, 6, 'GF-511', NULL, 'user', NULL, '2025-02-27 17:00:00', '2025-03-10 10:18:36'),
(430, 'CMR1-06B-0325-001', NULL, 644, 534, 3, 0, 0, 0, 0, 0, 0, 7, 'GF-511', NULL, 'user', NULL, '2025-02-28 17:00:00', '2025-03-10 10:18:36'),
(431, 'CMR1-06B-0325-001', NULL, 644, 528, 6, 0, 0, 0, 0, 0, 0, 7, 'GF-511', NULL, 'user', NULL, '2025-03-01 17:00:00', '2025-03-10 10:18:36'),
(432, 'CMR1-06B-0325-001', NULL, 644, 525, 3, 0, 0, 0, 0, 0, 0, 7, 'GF-511', NULL, 'user', NULL, '2025-03-02 17:00:00', '2025-03-10 10:18:36'),
(433, 'CMR1-06B-0325-001', NULL, 644, 523, 2, 0, 0, 0, 0, 0, 0, 7, 'GF-511', NULL, 'user', NULL, '2025-03-03 17:00:00', '2025-03-10 10:18:36'),
(434, 'CMR1-06B-0325-001', NULL, 644, 522, 1, 0, 0, 0, 0, 0, 0, 7, 'GF-511', NULL, 'user', NULL, '2025-03-04 17:00:00', '2025-03-10 10:18:36'),
(435, 'CMR1-06B-0325-001', NULL, 644, 520, 2, 0, 0, 0, 0, 0, 0, 7, 'GF-511', NULL, 'user', NULL, '2025-03-05 17:00:00', '2025-03-10 10:18:36'),
(436, 'CMR1-06B-0325-001', NULL, 644, 516, 4, 0, 0, 0, 0, 0, 0, 7, 'B11A', NULL, 'user', NULL, '2025-03-06 17:00:00', '2025-03-10 10:18:36'),
(437, 'CMR1-06B-0325-001', NULL, 644, 512, 4, 0, 0, 0, 0, 0, 0, 7, 'B11A', NULL, 'user', NULL, '2025-03-07 17:00:00', '2025-03-10 10:18:36'),
(438, 'CMR1-06B-0325-001', NULL, 644, 521, 1, 0, 0, 0, 0, 0, 0, 7, 'B11A', NULL, 'user', NULL, '2025-03-08 17:00:00', '2025-03-10 10:18:37'),
(439, 'CMR1-07A-0325-001', NULL, 686, 683, 1, 0, 0, 0, 0, 0, 0, 17, 'GF-511', NULL, 'user', NULL, '2025-01-30 17:00:00', '2025-03-10 10:18:37'),
(440, 'CMR1-07A-0325-001', NULL, 686, 680, 3, 0, 0, 0, 0, 0, 0, 17, 'GF-511', NULL, 'user', NULL, '2025-01-31 17:00:00', '2025-03-10 10:18:37'),
(441, 'CMR1-07A-0325-001', NULL, 686, 673, 7, 0, 0, 0, 0, 0, 0, 17, 'GF-511', NULL, 'user', NULL, '2025-02-01 17:00:00', '2025-03-10 10:18:37'),
(442, 'CMR1-07A-0325-001', NULL, 686, 669, 4, 0, 0, 0, 0, 0, 0, 17, 'GF-511', NULL, 'user', NULL, '2025-02-02 17:00:00', '2025-03-10 10:18:37'),
(443, 'CMR1-07A-0325-001', NULL, 686, 661, 8, 0, 0, 0, 0, 0, 0, 17, 'GF-511', NULL, 'user', NULL, '2025-02-03 17:00:00', '2025-03-10 10:18:37'),
(444, 'CMR1-07A-0325-001', NULL, 686, 658, 3, 0, 0, 0, 0, 0, 0, 17, 'GF-511', NULL, 'user', NULL, '2025-02-04 17:00:00', '2025-03-10 10:18:37'),
(445, 'CMR1-07A-0325-001', NULL, 686, 653, 5, 0, 0, 0, 0, 0, 0, 17, 'GF-511', NULL, 'user', NULL, '2025-02-05 17:00:00', '2025-03-10 10:18:37'),
(446, 'CMR1-07A-0325-001', NULL, 686, 647, 6, 0, 0, 0, 0, 0, 0, 17, 'GF-511', NULL, 'user', NULL, '2025-02-06 17:00:00', '2025-03-10 10:18:37'),
(447, 'CMR1-07A-0325-001', NULL, 686, 643, 4, 0, 0, 0, 0, 0, 0, 17, 'GF-511', NULL, 'user', NULL, '2025-02-07 17:00:00', '2025-03-10 10:18:37'),
(448, 'CMR1-07A-0325-001', NULL, 686, 638, 5, 0, 0, 0, 0, 0, 0, 17, 'GF-511', NULL, 'user', NULL, '2025-02-08 17:00:00', '2025-03-10 10:18:37'),
(449, 'CMR1-07A-0325-001', NULL, 686, 634, 4, 0, 0, 0, 0, 0, 0, 17, 'GF-511', NULL, 'user', NULL, '2025-02-09 17:00:00', '2025-03-10 10:18:37'),
(450, 'CMR1-07A-0325-001', NULL, 686, 630, 4, 0, 0, 0, 0, 0, 0, 17, 'GF-511', NULL, 'user', NULL, '2025-02-10 17:00:00', '2025-03-10 10:18:37'),
(451, 'CMR1-07A-0325-001', NULL, 686, 627, 3, 0, 0, 0, 0, 0, 0, 17, 'GF-511', NULL, 'user', NULL, '2025-02-11 17:00:00', '2025-03-10 10:18:37'),
(452, 'CMR1-07A-0325-001', NULL, 686, 625, 2, 0, 0, 0, 0, 0, 0, 17, 'GF-511', NULL, 'user', NULL, '2025-02-12 17:00:00', '2025-03-10 10:18:37'),
(453, 'CMR1-07A-0325-001', NULL, 686, 624, 1, 0, 0, 0, 0, 0, 0, 17, 'GF-511', NULL, 'user', NULL, '2025-02-13 17:00:00', '2025-03-10 10:18:37'),
(454, 'CMR1-07A-0325-001', NULL, 686, 620, 4, 0, 0, 0, 0, 0, 0, 17, 'GF-511', NULL, 'user', NULL, '2025-02-14 17:00:00', '2025-03-10 10:18:37'),
(455, 'CMR1-07A-0325-001', NULL, 686, 616, 4, 0, 0, 0, 0, 0, 0, 17, 'GF-511', NULL, 'user', NULL, '2025-02-15 17:00:00', '2025-03-10 10:18:37'),
(456, 'CMR1-07A-0325-001', NULL, 686, 614, 2, 0, 0, 0, 0, 0, 0, 17, 'GF-511', NULL, 'user', NULL, '2025-02-16 17:00:00', '2025-03-10 10:18:37'),
(457, 'CMR1-07A-0325-001', NULL, 686, 611, 3, 0, 0, 0, 0, 0, 0, 7, 'GF-511', NULL, 'user', NULL, '2025-02-17 17:00:00', '2025-03-10 10:18:37'),
(458, 'CMR1-07A-0325-001', NULL, 686, 609, 2, 0, 0, 0, 0, 0, 0, 7, 'GF-511', NULL, 'user', NULL, '2025-02-18 17:00:00', '2025-03-10 10:18:37'),
(459, 'CMR1-07A-0325-001', NULL, 686, 607, 2, 0, 0, 0, 0, 0, 0, 7, 'GF-511', NULL, 'user', NULL, '2025-02-19 17:00:00', '2025-03-10 10:18:37'),
(460, 'CMR1-07A-0325-001', NULL, 686, 594, 13, 0, 0, 0, 0, 0, 0, 7, 'GF-511', NULL, 'user', NULL, '2025-02-20 17:00:00', '2025-03-10 10:18:38'),
(461, 'CMR1-07A-0325-001', NULL, 686, 583, 11, 0, 0, 0, 0, 0, 0, 6, 'GF-511', NULL, 'user', NULL, '2025-02-21 17:00:00', '2025-03-10 10:18:38'),
(462, 'CMR1-07A-0325-001', NULL, 686, 580, 3, 0, 0, 0, 0, 0, 0, 6, 'GF-511', NULL, 'user', NULL, '2025-02-22 17:00:00', '2025-03-10 10:18:38'),
(463, 'CMR1-07A-0325-001', NULL, 686, 574, 4, 0, 0, 0, 0, 0, 0, 6, 'GF-511', NULL, 'user', NULL, '2025-02-23 17:00:00', '2025-03-10 10:18:38'),
(464, 'CMR1-07A-0325-001', NULL, 686, 571, 3, 0, 0, 0, 0, 0, 0, 7, 'GF-511', NULL, 'user', NULL, '2025-02-24 17:00:00', '2025-03-10 10:18:38'),
(465, 'CMR1-07A-0325-001', NULL, 686, 567, 4, 0, 0, 0, 0, 0, 0, 7, 'GF-511', NULL, 'user', NULL, '2025-02-25 17:00:00', '2025-03-10 10:18:38'),
(466, 'CMR1-07A-0325-001', NULL, 686, 561, 6, 0, 0, 0, 0, 0, 0, 7, 'GF-511', NULL, 'user', NULL, '2025-02-26 17:00:00', '2025-03-10 10:18:38'),
(467, 'CMR1-07A-0325-001', NULL, 686, 555, 6, 0, 0, 0, 0, 0, 0, 7, 'GF-511', NULL, 'user', NULL, '2025-02-27 17:00:00', '2025-03-10 10:18:38'),
(468, 'CMR1-07A-0325-001', NULL, 686, 558, 7, 0, 0, 0, 0, 0, 0, 7, 'GF-511', NULL, 'user', NULL, '2025-02-28 17:00:00', '2025-03-10 10:18:38'),
(469, 'CMR1-07A-0325-001', NULL, 686, 553, 5, 0, 0, 0, 0, 0, 0, 7, 'GF-511', NULL, 'user', NULL, '2025-03-01 17:00:00', '2025-03-10 10:18:38'),
(470, 'CMR1-07A-0325-001', NULL, 686, 549, 4, 0, 0, 0, 0, 0, 0, 7, 'GF-511', NULL, 'user', NULL, '2025-03-02 17:00:00', '2025-03-10 10:18:38'),
(471, 'CMR1-07A-0325-001', NULL, 686, 544, 5, 0, 0, 0, 0, 0, 0, 7, 'GF-511', NULL, 'user', NULL, '2025-03-03 17:00:00', '2025-03-10 10:18:38'),
(472, 'CMR1-07A-0325-001', NULL, 686, 542, 2, 0, 0, 0, 0, 0, 0, 7, 'GF-511', NULL, 'user', NULL, '2025-03-04 17:00:00', '2025-03-10 10:18:38'),
(473, 'CMR1-07A-0325-001', NULL, 686, 540, 2, 0, 0, 0, 0, 0, 0, 7, 'GF-511', NULL, 'user', NULL, '2025-03-05 17:00:00', '2025-03-10 10:18:38'),
(474, 'CMR1-07A-0325-001', NULL, 686, 537, 3, 0, 0, 0, 0, 0, 0, 13, 'SB-100', NULL, 'user', NULL, '2025-03-06 17:00:00', '2025-03-10 10:18:38'),
(475, 'CMR1-07A-0325-001', NULL, 686, 535, 2, 0, 0, 0, 0, 0, 0, 13, 'SB-100', NULL, 'user', NULL, '2025-03-07 17:00:00', '2025-03-10 10:18:38'),
(476, 'CMR1-07A-0325-001', NULL, 686, 521, 2, 0, 0, 0, 0, 0, 0, 13, 'SB-100', NULL, 'user', NULL, '2025-03-08 17:00:00', '2025-03-10 10:18:38'),
(477, 'CMR1-07B-0325-001', NULL, 0, 0, 0, 0, 0, 0, 0, 0, 0, 0, 'GF-511', NULL, 'user', NULL, '2025-01-30 17:00:00', '2025-03-10 10:18:38'),
(478, 'CMR1-07B-0325-001', NULL, 0, 0, 0, 0, 0, 0, 0, 0, 0, 0, 'GF-511', NULL, 'user', NULL, '2025-01-31 17:00:00', '2025-03-10 10:18:38'),
(479, 'CMR1-07B-0325-001', NULL, 0, 0, 0, 0, 0, 0, 0, 0, 0, 0, 'GF-511', NULL, 'user', NULL, '2025-02-01 17:00:00', '2025-03-10 10:18:38'),
(480, 'CMR1-07B-0325-001', NULL, 703, 703, 0, 0, 0, 0, 0, 0, 0, 17, 'GF-511', NULL, 'user', NULL, '2025-02-02 17:00:00', '2025-03-10 10:18:38'),
(481, 'CMR1-07B-0325-001', NULL, 703, 700, 3, 0, 0, 0, 0, 0, 0, 17, 'GF-511', NULL, 'user', NULL, '2025-02-03 17:00:00', '2025-03-10 10:18:38'),
(482, 'CMR1-07B-0325-001', NULL, 703, 695, 5, 0, 0, 0, 0, 0, 0, 17, 'GF-511', NULL, 'user', NULL, '2025-02-04 17:00:00', '2025-03-10 10:18:38'),
(483, 'CMR1-07B-0325-001', NULL, 703, 693, 2, 0, 0, 0, 0, 0, 0, 17, 'GF-511', NULL, 'user', NULL, '2025-02-05 17:00:00', '2025-03-10 10:18:38'),
(484, 'CMR1-07B-0325-001', NULL, 703, 690, 3, 0, 0, 0, 0, 0, 0, 17, 'GF-511', NULL, 'user', NULL, '2025-02-06 17:00:00', '2025-03-10 10:18:38'),
(485, 'CMR1-07B-0325-001', NULL, 703, 687, 3, 0, 0, 0, 0, 0, 0, 17, 'GF-511', NULL, 'user', NULL, '2025-02-07 17:00:00', '2025-03-10 10:18:38'),
(486, 'CMR1-07B-0325-001', NULL, 703, 687, 2, 0, 0, 0, 0, 0, 0, 17, 'GF-511', NULL, 'user', NULL, '2025-02-08 17:00:00', '2025-03-10 10:18:38'),
(487, 'CMR1-07B-0325-001', NULL, 703, 687, 1, 0, 0, 0, 0, 0, 0, 17, 'GF-511', NULL, 'user', NULL, '2025-02-09 17:00:00', '2025-03-10 10:18:38'),
(488, 'CMR1-07B-0325-001', NULL, 703, 686, 1, 0, 0, 0, 0, 0, 0, 17, 'GF-511', NULL, 'user', NULL, '2025-02-10 17:00:00', '2025-03-10 10:18:39'),
(489, 'CMR1-07B-0325-001', NULL, 703, 685, 1, 0, 0, 0, 0, 0, 0, 17, 'GF-511', NULL, 'user', NULL, '2025-02-11 17:00:00', '2025-03-10 10:18:39'),
(490, 'CMR1-07B-0325-001', NULL, 703, 684, 1, 0, 0, 0, 0, 0, 0, 17, 'GF-511', NULL, 'user', NULL, '2025-02-12 17:00:00', '2025-03-10 10:18:39'),
(491, 'CMR1-07B-0325-001', NULL, 703, 683, 1, 0, 0, 0, 0, 0, 0, 17, 'GF-511', NULL, 'user', NULL, '2025-02-13 17:00:00', '2025-03-10 10:18:39'),
(492, 'CMR1-07B-0325-001', NULL, 703, 681, 2, 0, 0, 0, 0, 0, 0, 17, 'GF-511', NULL, 'user', NULL, '2025-02-14 17:00:00', '2025-03-10 10:18:39'),
(493, 'CMR1-07B-0325-001', NULL, 703, 679, 2, 0, 0, 0, 0, 0, 0, 17, 'GF-511', NULL, 'user', NULL, '2025-02-15 17:00:00', '2025-03-10 10:18:39'),
(494, 'CMR1-07B-0325-001', NULL, 703, 676, 3, 0, 0, 0, 0, 0, 0, 17, 'GF-511', NULL, 'user', NULL, '2025-02-16 17:00:00', '2025-03-10 10:18:39'),
(495, 'CMR1-07B-0325-001', NULL, 703, 675, 1, 0, 0, 0, 0, 0, 0, 5, 'GF-511', NULL, 'user', NULL, '2025-02-17 17:00:00', '2025-03-10 10:18:39'),
(496, 'CMR1-07B-0325-001', NULL, 703, 672, 3, 0, 0, 0, 0, 0, 0, 5, 'GF-511', NULL, 'user', NULL, '2025-02-18 17:00:00', '2025-03-10 10:18:39'),
(497, 'CMR1-07B-0325-001', NULL, 703, 671, 1, 0, 0, 0, 0, 0, 0, 5, 'GF-511', NULL, 'user', NULL, '2025-02-19 17:00:00', '2025-03-10 10:18:39'),
(498, 'CMR1-07B-0325-001', NULL, 703, 669, 2, 0, 0, 0, 0, 0, 0, 6, 'GF-511', NULL, 'user', NULL, '2025-02-20 17:00:00', '2025-03-10 10:18:39'),
(499, 'CMR1-07B-0325-001', NULL, 703, 666, 3, 0, 0, 0, 0, 0, 0, 4, 'GF-511', NULL, 'user', NULL, '2025-02-21 17:00:00', '2025-03-10 10:18:39'),
(500, 'CMR1-07B-0325-001', NULL, 703, 662, 4, 0, 0, 0, 0, 0, 0, 4, 'GF-511', NULL, 'user', NULL, '2025-02-22 17:00:00', '2025-03-10 10:18:39'),
(501, 'CMR1-07B-0325-001', NULL, 703, 659, 3, 0, 0, 0, 0, 0, 0, 4, 'GF-511', NULL, 'user', NULL, '2025-02-23 17:00:00', '2025-03-10 10:18:39'),
(502, 'CMR1-07B-0325-001', NULL, 703, 644, 15, 0, 0, 0, 0, 0, 0, 7, 'GF-511', NULL, 'user', NULL, '2025-02-24 17:00:00', '2025-03-10 10:18:39'),
(503, 'CMR1-07B-0325-001', NULL, 703, 641, 3, 0, 0, 0, 0, 0, 0, 7, 'GF-511', NULL, 'user', NULL, '2025-02-25 17:00:00', '2025-03-10 10:18:39'),
(504, 'CMR1-07B-0325-001', NULL, 703, 637, 4, 0, 0, 0, 0, 0, 0, 7, 'GF-511', NULL, 'user', NULL, '2025-02-26 17:00:00', '2025-03-10 10:18:39'),
(505, 'CMR1-07B-0325-001', NULL, 703, 632, 5, 0, 0, 0, 0, 0, 0, 7, 'GF-511', NULL, 'user', NULL, '2025-02-27 17:00:00', '2025-03-10 10:18:39'),
(506, 'CMR1-07B-0325-001', NULL, 703, 628, 4, 0, 0, 0, 0, 0, 0, 7, 'GF-511', NULL, 'user', NULL, '2025-02-28 17:00:00', '2025-03-10 10:18:39'),
(507, 'CMR1-07B-0325-001', NULL, 703, 618, 10, 0, 0, 0, 0, 0, 0, 7, 'GF-511', NULL, 'user', NULL, '2025-03-01 17:00:00', '2025-03-10 10:18:39'),
(508, 'CMR1-07B-0325-001', NULL, 703, 612, 6, 0, 0, 0, 0, 0, 0, 7, 'GF-511', NULL, 'user', NULL, '2025-03-02 17:00:00', '2025-03-10 10:18:39'),
(509, 'CMR1-07B-0325-001', NULL, 703, 606, 6, 0, 0, 0, 0, 0, 0, 7, 'GF-511', NULL, 'user', NULL, '2025-03-03 17:00:00', '2025-03-10 10:18:39'),
(510, 'CMR1-07B-0325-001', NULL, 703, 604, 2, 0, 0, 0, 0, 0, 0, 7, 'GF-511', NULL, 'user', NULL, '2025-03-04 17:00:00', '2025-03-10 10:18:39'),
(511, 'CMR1-07B-0325-001', NULL, 703, 603, 1, 0, 0, 0, 0, 0, 0, 7, 'GF-511', NULL, 'user', NULL, '2025-03-05 17:00:00', '2025-03-10 10:18:39'),
(512, 'CMR1-07B-0325-001', NULL, 703, 601, 2, 0, 0, 0, 0, 0, 0, 11, 'SB-100', NULL, 'user', NULL, '2025-03-06 17:00:00', '2025-03-10 10:18:40'),
(513, 'CMR1-07B-0325-001', NULL, 703, 598, 3, 0, 0, 0, 0, 0, 0, 11, 'SB-100', NULL, 'user', NULL, '2025-03-07 17:00:00', '2025-03-10 10:18:41'),
(514, 'CMR1-07B-0325-001', NULL, 703, 597, 2, 0, 0, 0, 0, 0, 0, 11, 'SB-100', NULL, 'user', NULL, '2025-03-08 17:00:00', '2025-03-10 10:18:41'),
(515, 'CMR1-08A-0325-001', NULL, 0, 0, 0, 0, 0, 0, 0, 0, 0, 0, 'GF-511', NULL, 'user', NULL, '2025-01-30 17:00:00', '2025-03-10 10:18:41'),
(516, 'CMR1-08A-0325-001', NULL, 0, 0, 0, 0, 0, 0, 0, 0, 0, 0, 'GF-511', NULL, 'user', NULL, '2025-01-31 17:00:00', '2025-03-10 10:18:41'),
(517, 'CMR1-08A-0325-001', NULL, 0, 0, 0, 0, 0, 0, 0, 0, 0, 0, 'GF-511', NULL, 'user', NULL, '2025-02-01 17:00:00', '2025-03-10 10:18:41'),
(518, 'CMR1-08A-0325-001', NULL, 0, 0, 0, 0, 0, 0, 0, 0, 0, 0, 'GF-511', NULL, 'user', NULL, '2025-02-02 17:00:00', '2025-03-10 10:18:41'),
(519, 'CMR1-08A-0325-001', NULL, 0, 0, 0, 0, 0, 0, 0, 0, 0, 0, 'GF-511', NULL, 'user', NULL, '2025-02-03 17:00:00', '2025-03-10 10:18:41'),
(520, 'CMR1-08A-0325-001', NULL, 0, 0, 0, 0, 0, 0, 0, 0, 0, 0, 'GF-511', NULL, 'user', NULL, '2025-02-04 17:00:00', '2025-03-10 10:18:41'),
(521, 'CMR1-08A-0325-001', NULL, 0, 0, 0, 0, 0, 0, 0, 0, 0, 0, 'GF-511', NULL, 'user', NULL, '2025-02-05 17:00:00', '2025-03-10 10:18:41'),
(522, 'CMR1-08A-0325-001', NULL, 0, 0, 0, 0, 0, 0, 0, 0, 0, 0, 'GF-511', NULL, 'user', NULL, '2025-02-06 17:00:00', '2025-03-10 10:18:41'),
(523, 'CMR1-08A-0325-001', NULL, 0, 0, 0, 0, 0, 0, 0, 0, 0, 0, 'GF-511', NULL, 'user', NULL, '2025-02-07 17:00:00', '2025-03-10 10:18:41'),
(524, 'CMR1-08A-0325-001', NULL, 0, 0, 0, 0, 0, 0, 0, 0, 0, 0, 'GF-511', NULL, 'user', NULL, '2025-02-08 17:00:00', '2025-03-10 10:18:41'),
(525, 'CMR1-08A-0325-001', NULL, 0, 0, 0, 0, 0, 0, 0, 0, 0, 0, 'GF-511', NULL, 'user', NULL, '2025-02-09 17:00:00', '2025-03-10 10:18:41'),
(526, 'CMR1-08A-0325-001', NULL, 0, 0, 0, 0, 0, 0, 0, 0, 0, 0, 'GF-511', NULL, 'user', NULL, '2025-02-10 17:00:00', '2025-03-10 10:18:41'),
(527, 'CMR1-08A-0325-001', NULL, 730, 726, 4, 0, 0, 0, 0, 0, 0, 0, 'GF-511', NULL, 'user', NULL, '2025-02-11 17:00:00', '2025-03-10 10:18:41'),
(528, 'CMR1-08A-0325-001', NULL, 730, 723, 3, 0, 0, 0, 0, 0, 0, 0, 'GF-511', NULL, 'user', NULL, '2025-02-12 17:00:00', '2025-03-10 10:18:41'),
(529, 'CMR1-08A-0325-001', NULL, 730, 721, 2, 0, 0, 0, 0, 0, 0, 0, 'GF-511', NULL, 'user', NULL, '2025-02-13 17:00:00', '2025-03-10 10:18:41'),
(530, 'CMR1-08A-0325-001', NULL, 730, 718, 3, 0, 0, 0, 0, 0, 0, 0, 'GF-511', NULL, 'user', NULL, '2025-02-14 17:00:00', '2025-03-10 10:18:41'),
(531, 'CMR1-08A-0325-001', NULL, 730, 715, 3, 0, 0, 0, 0, 0, 0, 0, 'GF-511', NULL, 'user', NULL, '2025-02-15 17:00:00', '2025-03-10 10:18:41'),
(532, 'CMR1-08A-0325-001', NULL, 730, 710, 5, 0, 0, 0, 0, 0, 0, 0, 'GF-511', NULL, 'user', NULL, '2025-02-16 17:00:00', '2025-03-10 10:18:41'),
(533, 'CMR1-08A-0325-001', NULL, 730, 703, 7, 0, 0, 0, 0, 0, 0, 4, 'GF-511', NULL, 'user', NULL, '2025-02-17 17:00:00', '2025-03-10 10:18:41'),
(534, 'CMR1-08A-0325-001', NULL, 730, 702, 1, 0, 0, 0, 0, 0, 0, 4, 'GF-511', NULL, 'user', NULL, '2025-02-18 17:00:00', '2025-03-10 10:18:41'),
(535, 'CMR1-08A-0325-001', NULL, 730, 694, 8, 0, 0, 0, 0, 0, 0, 4, 'GF-511', NULL, 'user', NULL, '2025-02-19 17:00:00', '2025-03-10 10:18:42'),
(536, 'CMR1-08A-0325-001', NULL, 730, 682, 12, 0, 0, 0, 0, 0, 0, 5, 'GF-511', NULL, 'user', NULL, '2025-02-20 17:00:00', '2025-03-10 10:18:42'),
(537, 'CMR1-08A-0325-001', NULL, 730, 672, 10, 0, 0, 0, 0, 0, 0, 3, 'GF-511', NULL, 'user', NULL, '2025-02-21 17:00:00', '2025-03-10 10:18:42'),
(538, 'CMR1-08A-0325-001', NULL, 730, 661, 11, 0, 0, 0, 0, 0, 0, 3, 'GF-511', NULL, 'user', NULL, '2025-02-22 17:00:00', '2025-03-10 10:18:42'),
(539, 'CMR1-08A-0325-001', NULL, 730, 654, 7, 0, 0, 0, 0, 0, 0, 3, 'GF-511', NULL, 'user', NULL, '2025-02-23 17:00:00', '2025-03-10 10:18:42'),
(540, 'CMR1-08A-0325-001', NULL, 730, 651, 3, 0, 0, 0, 0, 0, 0, 7, 'GF-511', NULL, 'user', NULL, '2025-02-24 17:00:00', '2025-03-10 10:18:42'),
(541, 'CMR1-08A-0325-001', NULL, 730, 645, 16, 0, 0, 0, 0, 0, 0, 7, 'GF-511', NULL, 'user', NULL, '2025-02-25 17:00:00', '2025-03-10 10:18:42'),
(542, 'CMR1-08A-0325-001', NULL, 730, 642, 3, 0, 0, 0, 0, 0, 0, 7, 'GF-511', NULL, 'user', NULL, '2025-02-26 17:00:00', '2025-03-10 10:18:42'),
(543, 'CMR1-08A-0325-001', NULL, 730, 640, 2, 0, 0, 0, 0, 0, 0, 7, 'GF-511', NULL, 'user', NULL, '2025-02-27 17:00:00', '2025-03-10 10:18:42'),
(544, 'CMR1-08A-0325-001', NULL, 730, 632, 8, 0, 0, 0, 0, 0, 0, 7, 'GF-511', NULL, 'user', NULL, '2025-02-28 17:00:00', '2025-03-10 10:18:42'),
(545, 'CMR1-08A-0325-001', NULL, 730, 620, 12, 0, 0, 0, 0, 0, 0, 7, 'GF-511', NULL, 'user', NULL, '2025-03-01 17:00:00', '2025-03-10 10:18:42'),
(546, 'CMR1-08A-0325-001', NULL, 730, 614, 6, 0, 0, 0, 0, 0, 0, 7, 'GF-511', NULL, 'user', NULL, '2025-03-02 17:00:00', '2025-03-10 10:18:42'),
(547, 'CMR1-08A-0325-001', NULL, 730, 611, 3, 0, 0, 0, 0, 0, 0, 7, 'GF-511', NULL, 'user', NULL, '2025-03-03 17:00:00', '2025-03-10 10:18:42'),
(548, 'CMR1-08A-0325-001', NULL, 730, 607, 4, 0, 0, 0, 0, 0, 0, 7, 'GF-511', NULL, 'user', NULL, '2025-03-04 17:00:00', '2025-03-10 10:18:42'),
(549, 'CMR1-08A-0325-001', NULL, 730, 602, 5, 0, 0, 0, 0, 0, 0, 7, 'GF-511', NULL, 'user', NULL, '2025-03-05 17:00:00', '2025-03-10 10:18:42'),
(550, 'CMR1-08A-0325-001', NULL, 730, 598, 4, 0, 0, 0, 0, 0, 0, 9, 'SB-100', NULL, 'user', NULL, '2025-03-06 17:00:00', '2025-03-10 10:18:42'),
(551, 'CMR1-08A-0325-001', NULL, 730, 594, 4, 0, 0, 0, 0, 0, 0, 9, 'SB-100', NULL, 'user', NULL, '2025-03-07 17:00:00', '2025-03-10 10:18:42'),
(552, 'CMR1-08A-0325-001', NULL, 730, 576, 4, 0, 0, 0, 0, 0, 0, 9, 'SB-100', NULL, 'user', NULL, '2025-03-08 17:00:00', '2025-03-10 10:18:42'),
(553, 'CMR1-08B-0325-001', NULL, 0, 0, 0, 0, 0, 0, 0, 0, 0, 0, 'GF-511', NULL, 'user', NULL, '2025-01-30 17:00:00', '2025-03-10 10:18:42'),
(554, 'CMR1-08B-0325-001', NULL, 0, 0, 0, 0, 0, 0, 0, 0, 0, 0, 'GF-511', NULL, 'user', NULL, '2025-01-31 17:00:00', '2025-03-10 10:18:42'),
(555, 'CMR1-08B-0325-001', NULL, 0, 0, 0, 0, 0, 0, 0, 0, 0, 0, 'GF-511', NULL, 'user', NULL, '2025-02-01 17:00:00', '2025-03-10 10:18:42'),
(556, 'CMR1-08B-0325-001', NULL, 0, 0, 0, 0, 0, 0, 0, 0, 0, 0, 'GF-511', NULL, 'user', NULL, '2025-02-02 17:00:00', '2025-03-10 10:18:42'),
(557, 'CMR1-08B-0325-001', NULL, 0, 0, 0, 0, 0, 0, 0, 0, 0, 0, 'GF-511', NULL, 'user', NULL, '2025-02-03 17:00:00', '2025-03-10 10:18:42'),
(558, 'CMR1-08B-0325-001', NULL, 0, 0, 0, 0, 0, 0, 0, 0, 0, 0, 'GF-511', NULL, 'user', NULL, '2025-02-04 17:00:00', '2025-03-10 10:18:42'),
(559, 'CMR1-08B-0325-001', NULL, 0, 0, 0, 0, 0, 0, 0, 0, 0, 0, 'GF-511', NULL, 'user', NULL, '2025-02-05 17:00:00', '2025-03-10 10:18:42'),
(560, 'CMR1-08B-0325-001', NULL, 0, 0, 0, 0, 0, 0, 0, 0, 0, 0, 'GF-511', NULL, 'user', NULL, '2025-02-06 17:00:00', '2025-03-10 10:18:42'),
(561, 'CMR1-08B-0325-001', NULL, 0, 0, 0, 0, 0, 0, 0, 0, 0, 0, 'GF-511', NULL, 'user', NULL, '2025-02-07 17:00:00', '2025-03-10 10:18:42'),
(562, 'CMR1-08B-0325-001', NULL, 0, 0, 0, 0, 0, 0, 0, 0, 0, 0, 'GF-511', NULL, 'user', NULL, '2025-02-08 17:00:00', '2025-03-10 10:18:43'),
(563, 'CMR1-08B-0325-001', NULL, 0, 0, 0, 0, 0, 0, 0, 0, 0, 0, 'GF-511', NULL, 'user', NULL, '2025-02-09 17:00:00', '2025-03-10 10:18:43'),
(564, 'CMR1-08B-0325-001', NULL, 0, 0, 0, 0, 0, 0, 0, 0, 0, 0, 'GF-511', NULL, 'user', NULL, '2025-02-10 17:00:00', '2025-03-10 10:18:43'),
(565, 'CMR1-08B-0325-001', NULL, 0, 0, 0, 0, 0, 0, 0, 0, 0, 0, 'GF-511', NULL, 'user', NULL, '2025-02-11 17:00:00', '2025-03-10 10:18:43'),
(566, 'CMR1-08B-0325-001', NULL, 0, 0, 0, 0, 0, 0, 0, 0, 0, 0, 'GF-511', NULL, 'user', NULL, '2025-02-12 17:00:00', '2025-03-10 10:18:43'),
(567, 'CMR1-08B-0325-001', NULL, 0, 0, 0, 0, 0, 0, 0, 0, 0, 0, 'GF-511', NULL, 'user', NULL, '2025-02-13 17:00:00', '2025-03-10 10:18:43'),
(568, 'CMR1-08B-0325-001', NULL, 0, 0, 0, 0, 0, 0, 0, 0, 0, 0, 'GF-511', NULL, 'user', NULL, '2025-02-14 17:00:00', '2025-03-10 10:18:43'),
(569, 'CMR1-08B-0325-001', NULL, 0, 0, 0, 0, 0, 0, 0, 0, 0, 0, 'GF-511', NULL, 'user', NULL, '2025-02-15 17:00:00', '2025-03-10 10:18:43'),
(570, 'CMR1-08B-0325-001', NULL, 765, 765, 0, 0, 0, 0, 0, 0, 0, 0, 'GF-511', NULL, 'user', NULL, '2025-02-16 17:00:00', '2025-03-10 10:18:43'),
(571, 'CMR1-08B-0325-001', NULL, 765, 763, 2, 0, 0, 0, 0, 0, 0, 4, 'GF-511', NULL, 'user', NULL, '2025-02-17 17:00:00', '2025-03-10 10:18:43'),
(572, 'CMR1-08B-0325-001', NULL, 765, 754, 9, 0, 0, 0, 0, 0, 0, 4, 'GF-511', NULL, 'user', NULL, '2025-02-18 17:00:00', '2025-03-10 10:18:43'),
(573, 'CMR1-08B-0325-001', NULL, 765, 753, 1, 0, 0, 0, 0, 0, 0, 4, 'GF-511', NULL, 'user', NULL, '2025-02-19 17:00:00', '2025-03-10 10:18:43'),
(574, 'CMR1-08B-0325-001', NULL, 765, 749, 4, 0, 0, 0, 0, 0, 0, 4, 'GF-511', NULL, 'user', NULL, '2025-02-20 17:00:00', '2025-03-10 10:18:43'),
(575, 'CMR1-08B-0325-001', NULL, 765, 744, 5, 0, 0, 0, 0, 0, 0, 2, 'GF-511', NULL, 'user', NULL, '2025-02-21 17:00:00', '2025-03-10 10:18:43'),
(576, 'CMR1-08B-0325-001', NULL, 765, 739, 5, 0, 0, 0, 0, 0, 0, 2, 'GF-511', NULL, 'user', NULL, '2025-02-22 17:00:00', '2025-03-10 10:18:43'),
(577, 'CMR1-08B-0325-001', NULL, 765, 734, 5, 0, 0, 0, 0, 0, 0, 2, 'GF-511', NULL, 'user', NULL, '2025-02-23 17:00:00', '2025-03-10 10:18:43'),
(578, 'CMR1-08B-0325-001', NULL, 765, 724, 10, 0, 0, 0, 0, 0, 0, 8, 'GF-511', NULL, 'user', NULL, '2025-02-24 17:00:00', '2025-03-10 10:18:43'),
(579, 'CMR1-08B-0325-001', NULL, 765, 722, 2, 0, 0, 0, 0, 0, 0, 8, 'GF-511', NULL, 'user', NULL, '2025-02-25 17:00:00', '2025-03-10 10:18:43'),
(580, 'CMR1-08B-0325-001', NULL, 765, 710, 12, 0, 0, 0, 0, 0, 0, 8, 'GF-511', NULL, 'user', NULL, '2025-02-26 17:00:00', '2025-03-10 10:18:43'),
(581, 'CMR1-08B-0325-001', NULL, 765, 695, 15, 0, 0, 0, 0, 0, 0, 8, 'GF-511', NULL, 'user', NULL, '2025-02-27 17:00:00', '2025-03-10 10:18:43'),
(582, 'CMR1-08B-0325-001', NULL, 765, 685, 10, 0, 0, 0, 0, 0, 0, 8, 'GF-511', NULL, 'user', NULL, '2025-02-28 17:00:00', '2025-03-10 10:18:43'),
(583, 'CMR1-08B-0325-001', NULL, 765, 681, 4, 0, 0, 0, 0, 0, 0, 8, 'GF-511', NULL, 'user', NULL, '2025-03-01 17:00:00', '2025-03-10 10:18:43'),
(584, 'CMR1-08B-0325-001', NULL, 765, 676, 5, 0, 0, 0, 0, 0, 0, 8, 'GF-511', NULL, 'user', NULL, '2025-03-02 17:00:00', '2025-03-10 10:18:43'),
(585, 'CMR1-08B-0325-001', NULL, 765, 671, 5, 0, 0, 0, 0, 0, 0, 8, 'GF-511', NULL, 'user', NULL, '2025-03-03 17:00:00', '2025-03-10 10:18:43'),
(586, 'CMR1-08B-0325-001', NULL, 765, 666, 5, 0, 0, 0, 0, 0, 0, 8, 'GF-511', NULL, 'user', NULL, '2025-03-04 17:00:00', '2025-03-10 10:18:43'),
(587, 'CMR1-08B-0325-001', NULL, 765, 660, 6, 0, 0, 0, 0, 0, 0, 8, 'GF-511', NULL, 'user', NULL, '2025-03-05 17:00:00', '2025-03-10 10:18:43'),
(588, 'CMR1-08B-0325-001', NULL, 765, 657, 3, 0, 0, 0, 0, 0, 0, 7, 'SB-100', NULL, 'user', NULL, '2025-03-06 17:00:00', '2025-03-10 10:18:44'),
(589, 'CMR1-08B-0325-001', NULL, 765, 652, 5, 0, 0, 0, 0, 0, 0, 7, 'SB-100', NULL, 'user', NULL, '2025-03-07 17:00:00', '2025-03-10 10:18:44'),
(590, 'CMR1-08B-0325-001', NULL, 765, 657, 3, 0, 0, 0, 0, 0, 0, 7, 'SB-100', NULL, 'user', NULL, '2025-03-08 17:00:00', '2025-03-10 10:18:44'),
(591, 'CMR1-09A-0325-001', NULL, 0, 0, 0, 0, 0, 0, 0, 0, 0, 0, 'GF-511', NULL, 'user', NULL, '2025-01-30 17:00:00', '2025-03-10 10:18:44'),
(592, 'CMR1-09A-0325-001', NULL, 0, 0, 0, 0, 0, 0, 0, 0, 0, 0, 'GF-511', NULL, 'user', NULL, '2025-01-31 17:00:00', '2025-03-10 10:18:44'),
(593, 'CMR1-09A-0325-001', NULL, 0, 0, 0, 0, 0, 0, 0, 0, 0, 0, 'GF-511', NULL, 'user', NULL, '2025-02-01 17:00:00', '2025-03-10 10:18:44'),
(594, 'CMR1-09A-0325-001', NULL, 0, 0, 0, 0, 0, 0, 0, 0, 0, 0, 'GF-511', NULL, 'user', NULL, '2025-02-02 17:00:00', '2025-03-10 10:18:44'),
(595, 'CMR1-09A-0325-001', NULL, 0, 0, 0, 0, 0, 0, 0, 0, 0, 0, 'GF-511', NULL, 'user', NULL, '2025-02-03 17:00:00', '2025-03-10 10:18:44'),
(596, 'CMR1-09A-0325-001', NULL, 0, 0, 0, 0, 0, 0, 0, 0, 0, 0, 'GF-511', NULL, 'user', NULL, '2025-02-04 17:00:00', '2025-03-10 10:18:44'),
(597, 'CMR1-09A-0325-001', NULL, 0, 0, 0, 0, 0, 0, 0, 0, 0, 0, 'GF-511', NULL, 'user', NULL, '2025-02-05 17:00:00', '2025-03-10 10:18:44'),
(598, 'CMR1-09A-0325-001', NULL, 0, 0, 0, 0, 0, 0, 0, 0, 0, 0, 'GF-511', NULL, 'user', NULL, '2025-02-06 17:00:00', '2025-03-10 10:18:44'),
(599, 'CMR1-09A-0325-001', NULL, 0, 0, 0, 0, 0, 0, 0, 0, 0, 0, 'GF-511', NULL, 'user', NULL, '2025-02-07 17:00:00', '2025-03-10 10:18:44'),
(600, 'CMR1-09A-0325-001', NULL, 0, 0, 0, 0, 0, 0, 0, 0, 0, 0, 'GF-511', NULL, 'user', NULL, '2025-02-08 17:00:00', '2025-03-10 10:18:44'),
(601, 'CMR1-09A-0325-001', NULL, 0, 0, 0, 0, 0, 0, 0, 0, 0, 0, 'GF-511', NULL, 'user', NULL, '2025-02-09 17:00:00', '2025-03-10 10:18:44'),
(602, 'CMR1-09A-0325-001', NULL, 0, 0, 0, 0, 0, 0, 0, 0, 0, 0, 'GF-511', NULL, 'user', NULL, '2025-02-10 17:00:00', '2025-03-10 10:18:44'),
(603, 'CMR1-09A-0325-001', NULL, 0, 0, 0, 0, 0, 0, 0, 0, 0, 0, 'GF-511', NULL, 'user', NULL, '2025-02-11 17:00:00', '2025-03-10 10:18:44'),
(604, 'CMR1-09A-0325-001', NULL, 0, 0, 0, 0, 0, 0, 0, 0, 0, 0, 'GF-511', NULL, 'user', NULL, '2025-02-12 17:00:00', '2025-03-10 10:18:44'),
(605, 'CMR1-09A-0325-001', NULL, 0, 0, 0, 0, 0, 0, 0, 0, 0, 0, 'GF-511', NULL, 'user', NULL, '2025-02-13 17:00:00', '2025-03-10 10:18:44'),
(606, 'CMR1-09A-0325-001', NULL, 0, 0, 0, 0, 0, 0, 0, 0, 0, 0, 'GF-511', NULL, 'user', NULL, '2025-02-14 17:00:00', '2025-03-10 10:18:44'),
(607, 'CMR1-09A-0325-001', NULL, 0, 0, 0, 0, 0, 0, 0, 0, 0, 0, 'GF-511', NULL, 'user', NULL, '2025-02-15 17:00:00', '2025-03-10 10:18:44'),
(608, 'CMR1-09A-0325-001', NULL, 0, 0, 0, 0, 0, 0, 0, 0, 0, 0, 'GF-511', NULL, 'user', NULL, '2025-02-16 17:00:00', '2025-03-10 10:18:44'),
(609, 'CMR1-09A-0325-001', NULL, 0, 0, 0, 0, 0, 0, 0, 0, 0, 0, 'GF-511', NULL, 'user', NULL, '2025-02-17 17:00:00', '2025-03-10 10:18:44'),
(610, 'CMR1-09A-0325-001', NULL, 0, 0, 0, 0, 0, 0, 0, 0, 0, 0, 'GF-511', NULL, 'user', NULL, '2025-02-18 17:00:00', '2025-03-10 10:18:44'),
(611, 'CMR1-09A-0325-001', NULL, 0, 0, 0, 0, 0, 0, 0, 0, 0, 0, 'GF-511', NULL, 'user', NULL, '2025-02-19 17:00:00', '2025-03-10 10:18:44'),
(612, 'CMR1-09A-0325-001', NULL, 0, 0, 0, 0, 0, 0, 0, 0, 0, 0, 'GF-511', NULL, 'user', NULL, '2025-02-20 17:00:00', '2025-03-10 10:18:44'),
(613, 'CMR1-09A-0325-001', NULL, 0, 0, 0, 0, 0, 0, 0, 0, 0, 0, 'GF-511', NULL, 'user', NULL, '2025-02-21 17:00:00', '2025-03-10 10:18:45'),
(614, 'CMR1-09A-0325-001', NULL, 0, 0, 0, 0, 0, 0, 0, 0, 0, 0, 'GF-511', NULL, 'user', NULL, '2025-02-22 17:00:00', '2025-03-10 10:18:45'),
(615, 'CMR1-09A-0325-001', NULL, 805, 805, 0, 0, 0, 0, 0, 0, 0, 0, 'GF-511', NULL, 'user', NULL, '2025-02-23 17:00:00', '2025-03-10 10:18:45'),
(616, 'CMR1-09A-0325-001', NULL, 805, 805, 0, 0, 0, 0, 0, 0, 0, 4, 'GF-511', NULL, 'user', NULL, '2025-02-24 17:00:00', '2025-03-10 10:18:45'),
(617, 'CMR1-09A-0325-001', NULL, 805, 805, 0, 0, 0, 0, 0, 0, 0, 4, 'GF-511', NULL, 'user', NULL, '2025-02-25 17:00:00', '2025-03-10 10:18:45'),
(618, 'CMR1-09A-0325-001', NULL, 805, 802, 3, 0, 0, 0, 0, 0, 0, 4, 'GF-511', NULL, 'user', NULL, '2025-02-26 17:00:00', '2025-03-10 10:18:45'),
(619, 'CMR1-09A-0325-001', NULL, 805, 797, 5, 0, 0, 0, 0, 0, 0, 4, 'GF-511', NULL, 'user', NULL, '2025-02-27 17:00:00', '2025-03-10 10:18:45'),
(620, 'CMR1-09A-0325-001', NULL, 805, 792, 5, 0, 0, 0, 0, 0, 0, 6, 'GF-511', NULL, 'user', NULL, '2025-02-28 17:00:00', '2025-03-10 10:18:45'),
(621, 'CMR1-09A-0325-001', NULL, 805, 787, 5, 0, 0, 0, 0, 0, 0, 6, 'GF-511', NULL, 'user', NULL, '2025-03-01 17:00:00', '2025-03-10 10:18:45'),
(622, 'CMR1-09A-0325-001', NULL, 805, 780, 7, 0, 0, 0, 0, 0, 0, 6, 'GF-511', NULL, 'user', NULL, '2025-03-02 17:00:00', '2025-03-10 10:18:45'),
(623, 'CMR1-09A-0325-001', NULL, 805, 770, 10, 0, 0, 0, 0, 0, 0, 6, 'GF-511', NULL, 'user', NULL, '2025-03-03 17:00:00', '2025-03-10 10:18:45'),
(624, 'CMR1-09A-0325-001', NULL, 805, 751, 26, 0, 0, 0, 0, 0, 0, 7, 'GF-511', NULL, 'user', NULL, '2025-03-04 17:00:00', '2025-03-10 10:18:45'),
(625, 'CMR1-09A-0325-001', NULL, 805, 735, 16, 0, 0, 0, 0, 0, 0, 7, 'GF-511', NULL, 'user', NULL, '2025-03-05 17:00:00', '2025-03-10 10:18:45'),
(626, 'CMR1-09A-0325-001', NULL, 805, 721, 14, 0, 0, 0, 0, 0, 0, 7, 'GF-511', NULL, 'user', NULL, '2025-03-06 17:00:00', '2025-03-10 10:18:45'),
(627, 'CMR1-09A-0325-001', NULL, 805, 710, 11, 0, 0, 0, 0, 0, 0, 5, 'SB-100', NULL, 'user', NULL, '2025-03-07 17:00:00', '2025-03-10 10:18:45'),
(628, 'CMR1-09A-0325-001', NULL, 805, 695, 8, 0, 0, 0, 0, 0, 0, 5, 'SB-100', NULL, 'user', NULL, '2025-03-08 17:00:00', '2025-03-10 10:18:45'),
(629, 'CMR1-09B-0325-001', NULL, 0, 0, 0, 0, 0, 0, 0, 0, 0, 0, 'GF-511', NULL, 'user', NULL, '2025-01-30 17:00:00', '2025-03-10 10:18:45'),
(630, 'CMR1-09B-0325-001', NULL, 0, 0, 0, 0, 0, 0, 0, 0, 0, 0, 'GF-511', NULL, 'user', NULL, '2025-01-31 17:00:00', '2025-03-10 10:18:45'),
(631, 'CMR1-09B-0325-001', NULL, 0, 0, 0, 0, 0, 0, 0, 0, 0, 0, 'GF-511', NULL, 'user', NULL, '2025-02-01 17:00:00', '2025-03-10 10:18:45'),
(632, 'CMR1-09B-0325-001', NULL, 0, 0, 0, 0, 0, 0, 0, 0, 0, 0, 'GF-511', NULL, 'user', NULL, '2025-02-02 17:00:00', '2025-03-10 10:18:45'),
(633, 'CMR1-09B-0325-001', NULL, 0, 0, 0, 0, 0, 0, 0, 0, 0, 0, 'GF-511', NULL, 'user', NULL, '2025-02-03 17:00:00', '2025-03-10 10:18:45'),
(634, 'CMR1-09B-0325-001', NULL, 0, 0, 0, 0, 0, 0, 0, 0, 0, 0, 'GF-511', NULL, 'user', NULL, '2025-02-04 17:00:00', '2025-03-10 10:18:45'),
(635, 'CMR1-09B-0325-001', NULL, 0, 0, 0, 0, 0, 0, 0, 0, 0, 0, 'GF-511', NULL, 'user', NULL, '2025-02-05 17:00:00', '2025-03-10 10:18:45'),
(636, 'CMR1-09B-0325-001', NULL, 0, 0, 0, 0, 0, 0, 0, 0, 0, 0, 'GF-511', NULL, 'user', NULL, '2025-02-06 17:00:00', '2025-03-10 10:18:45'),
(637, 'CMR1-09B-0325-001', NULL, 0, 0, 0, 0, 0, 0, 0, 0, 0, 0, 'GF-511', NULL, 'user', NULL, '2025-02-07 17:00:00', '2025-03-10 10:18:45'),
(638, 'CMR1-09B-0325-001', NULL, 0, 0, 0, 0, 0, 0, 0, 0, 0, 0, 'GF-511', NULL, 'user', NULL, '2025-02-08 17:00:00', '2025-03-10 10:18:45'),
(639, 'CMR1-09B-0325-001', NULL, 0, 0, 0, 0, 0, 0, 0, 0, 0, 0, 'GF-511', NULL, 'user', NULL, '2025-02-09 17:00:00', '2025-03-10 10:18:46'),
(640, 'CMR1-09B-0325-001', NULL, 0, 0, 0, 0, 0, 0, 0, 0, 0, 0, 'GF-511', NULL, 'user', NULL, '2025-02-10 17:00:00', '2025-03-10 10:18:46'),
(641, 'CMR1-09B-0325-001', NULL, 0, 0, 0, 0, 0, 0, 0, 0, 0, 0, 'GF-511', NULL, 'user', NULL, '2025-02-11 17:00:00', '2025-03-10 10:18:46'),
(642, 'CMR1-09B-0325-001', NULL, 0, 0, 0, 0, 0, 0, 0, 0, 0, 0, 'GF-511', NULL, 'user', NULL, '2025-02-12 17:00:00', '2025-03-10 10:18:47'),
(643, 'CMR1-09B-0325-001', NULL, 0, 0, 0, 0, 0, 0, 0, 0, 0, 0, 'GF-511', NULL, 'user', NULL, '2025-02-13 17:00:00', '2025-03-10 10:18:47'),
(644, 'CMR1-09B-0325-001', NULL, 0, 0, 0, 0, 0, 0, 0, 0, 0, 0, 'GF-511', NULL, 'user', NULL, '2025-02-14 17:00:00', '2025-03-10 10:18:47'),
(645, 'CMR1-09B-0325-001', NULL, 0, 0, 0, 0, 0, 0, 0, 0, 0, 0, 'GF-511', NULL, 'user', NULL, '2025-02-15 17:00:00', '2025-03-10 10:18:47'),
(646, 'CMR1-09B-0325-001', NULL, 0, 0, 0, 0, 0, 0, 0, 0, 0, 0, 'GF-511', NULL, 'user', NULL, '2025-02-16 17:00:00', '2025-03-10 10:18:47'),
(647, 'CMR1-09B-0325-001', NULL, 0, 0, 0, 0, 0, 0, 0, 0, 0, 0, 'GF-511', NULL, 'user', NULL, '2025-02-17 17:00:00', '2025-03-10 10:18:47'),
(648, 'CMR1-09B-0325-001', NULL, 0, 0, 0, 0, 0, 0, 0, 0, 0, 0, 'GF-511', NULL, 'user', NULL, '2025-02-18 17:00:00', '2025-03-10 10:18:47'),
(649, 'CMR1-09B-0325-001', NULL, 0, 0, 0, 0, 0, 0, 0, 0, 0, 0, 'GF-511', NULL, 'user', NULL, '2025-02-19 17:00:00', '2025-03-10 10:18:47'),
(650, 'CMR1-09B-0325-001', NULL, 0, 0, 0, 0, 0, 0, 0, 0, 0, 0, 'GF-511', NULL, 'user', NULL, '2025-02-20 17:00:00', '2025-03-10 10:18:47'),
(651, 'CMR1-09B-0325-001', NULL, 0, 0, 0, 0, 0, 0, 0, 0, 0, 0, 'GF-511', NULL, 'user', NULL, '2025-02-21 17:00:00', '2025-03-10 10:18:47'),
(652, 'CMR1-09B-0325-001', NULL, 0, 0, 0, 0, 0, 0, 0, 0, 0, 0, 'GF-511', NULL, 'user', NULL, '2025-02-22 17:00:00', '2025-03-10 10:18:47'),
(653, 'CMR1-09B-0325-001', NULL, 0, 0, 0, 0, 0, 0, 0, 0, 0, 0, 'GF-511', NULL, 'user', NULL, '2025-02-23 17:00:00', '2025-03-10 10:18:47'),
(654, 'CMR1-09B-0325-001', NULL, 0, 0, 0, 0, 0, 0, 0, 0, 0, 0, 'GF-511', NULL, 'user', NULL, '2025-02-24 17:00:00', '2025-03-10 10:18:47'),
(655, 'CMR1-09B-0325-001', NULL, 0, 0, 0, 0, 0, 0, 0, 0, 0, 0, 'GF-511', NULL, 'user', NULL, '2025-02-25 17:00:00', '2025-03-10 10:18:47'),
(656, 'CMR1-09B-0325-001', NULL, 0, 0, 0, 0, 0, 0, 0, 0, 0, 0, 'GF-511', NULL, 'user', NULL, '2025-02-26 17:00:00', '2025-03-10 10:18:47'),
(657, 'CMR1-09B-0325-001', NULL, 0, 0, 0, 0, 0, 0, 0, 0, 0, 0, 'GF-511', NULL, 'user', NULL, '2025-02-27 17:00:00', '2025-03-10 10:18:47'),
(658, 'CMR1-09B-0325-001', NULL, 0, 0, 0, 0, 0, 0, 0, 0, 0, 0, 'GF-511', NULL, 'user', NULL, '2025-02-28 17:00:00', '2025-03-10 10:18:47'),
(659, 'CMR1-09B-0325-001', NULL, 0, 0, 0, 0, 0, 0, 0, 0, 0, 0, 'GF-511', NULL, 'user', NULL, '2025-03-01 17:00:00', '2025-03-10 10:18:47'),
(660, 'CMR1-09B-0325-001', NULL, 760, 760, 0, 0, 0, 0, 0, 0, 0, 0, 'GF-511', NULL, 'user', NULL, '2025-03-02 17:00:00', '2025-03-10 10:18:47'),
(661, 'CMR1-09B-0325-001', NULL, 760, 754, 6, 0, 0, 0, 0, 0, 0, 3, 'GF-511', NULL, 'user', NULL, '2025-03-03 17:00:00', '2025-03-10 10:18:47'),
(662, 'CMR1-09B-0325-001', NULL, 760, 752, 2, 0, 0, 0, 0, 0, 0, 3, 'GF-511', NULL, 'user', NULL, '2025-03-04 17:00:00', '2025-03-10 10:18:47'),
(663, 'CMR1-09B-0325-001', NULL, 760, 751, 1, 0, 0, 0, 0, 0, 0, 3, 'GF-511', NULL, 'user', NULL, '2025-03-05 17:00:00', '2025-03-10 10:18:47'),
(664, 'CMR1-09B-0325-001', NULL, 760, 749, 2, 0, 0, 0, 0, 0, 0, 5, 'SB-100', NULL, 'user', NULL, '2025-03-06 17:00:00', '2025-03-10 10:18:47'),
(665, 'CMR1-09B-0325-001', NULL, 760, 746, 3, 0, 0, 0, 0, 0, 0, 5, 'SB-100', NULL, 'user', NULL, '2025-03-07 17:00:00', '2025-03-10 10:18:47'),
(666, 'CMR1-09B-0325-001', NULL, 760, 743, 3, 0, 0, 0, 0, 0, 0, 5, 'SB-100', NULL, 'user', NULL, '2025-03-08 17:00:00', '2025-03-10 10:18:47'),
(667, 'CMR1-01A-0325-001', NULL, 694, 93, 1, 0, 0, 0, 0, NULL, NULL, 10, 'B11A', NULL, 'user', NULL, '2025-03-10 06:10:25', '2025-03-11 06:10:25'),
(668, 'CMR1-02A-0325-001', NULL, 813, 238, 1, 0, 0, 0, 0, NULL, NULL, 15, 'B11A', NULL, 'user', NULL, '2025-03-10 06:11:31', '2025-03-11 06:11:31'),
(669, 'CMR1-02B-0325-001', NULL, 629, 344, 2, 0, 0, 0, 0, NULL, NULL, 15, 'B11A', NULL, 'user', NULL, '2025-03-10 06:11:58', '2025-03-11 06:11:58'),
(670, 'CMR1-03A-0325-001', NULL, 498, 409, 3, 0, 0, 0, 0, NULL, NULL, 16, 'B11A', NULL, 'user', NULL, '2025-03-10 06:12:32', '2025-03-11 06:12:32'),
(671, 'CMR1-03B-0325-001', NULL, 388, 309, 1, 0, 0, 0, 0, NULL, NULL, 16, 'B11A', NULL, 'user', NULL, '2025-03-10 06:13:00', '2025-03-11 06:13:00'),
(672, 'CMR1-04A-0325-001', NULL, 461, 375, 2, 0, 0, 0, 0, NULL, NULL, 16, 'B11A', NULL, 'user', NULL, '2025-03-10 06:13:47', '2025-03-11 06:13:47'),
(673, 'CMR1-04B-0325-001', NULL, 540, 447, 2, 0, 0, 0, 0, NULL, NULL, 11, 'B11A', NULL, 'user', NULL, '2025-03-10 06:14:07', '2025-03-11 06:14:07'),
(674, 'CMR1-05A-0325-001', NULL, 562, 464, 2, 0, 0, 0, 0, NULL, NULL, 11, 'B11A', NULL, 'user', NULL, '2025-03-10 06:14:22', '2025-03-11 06:14:22'),
(675, 'CMR1-05B-0325-001', NULL, 571, 469, 3, 0, 0, 0, 0, NULL, NULL, 11, 'B11A', NULL, 'user', NULL, '2025-03-10 06:14:45', '2025-03-11 06:14:45'),
(676, 'CMR1-06A-0325-001', NULL, 561, 449, 2, 0, 0, 0, 0, NULL, NULL, 10, 'B11A', NULL, 'user', NULL, '2025-03-10 06:15:07', '2025-03-11 06:15:07'),
(677, 'CMR1-06B-0325-001', NULL, 644, 520, 1, 0, 0, 0, 0, NULL, NULL, 10, 'B11A', NULL, 'user', NULL, '2025-03-10 06:15:26', '2025-03-11 06:15:26'),
(678, 'CMR1-07A-0325-001', NULL, 586, 520, 1, 0, 0, 0, 0, NULL, NULL, 9, 'B11A', NULL, 'user', NULL, '2025-03-10 06:16:10', '2025-03-11 06:16:10'),
(679, 'CMR1-07B-0325-001', NULL, 703, 595, 2, 0, 0, 0, 0, NULL, NULL, 6, 'SB-100', NULL, 'user', NULL, '2025-03-10 06:16:42', '2025-03-11 06:16:42'),
(680, 'CMR1-08A-0325-001', NULL, 730, 573, 3, 0, 0, 0, 0, NULL, NULL, 6, 'SB-100', NULL, 'user', NULL, '2025-03-10 06:17:15', '2025-03-11 06:17:15'),
(681, 'CMR1-08B-0325-001', NULL, 765, 653, 4, 0, 0, 0, 0, NULL, NULL, 5, 'SB-100', NULL, 'user', NULL, '2025-03-10 06:17:40', '2025-03-11 06:17:40'),
(682, 'CMR1-09A-0325-001', NULL, 805, 686, 9, 0, 0, 0, 0, NULL, NULL, 4, 'SB-100', NULL, 'user', NULL, '2025-03-10 06:18:11', '2025-03-11 06:18:11'),
(683, 'CMR1-09B-0325-001', NULL, 760, 739, 4, 0, 0, 0, 0, NULL, NULL, 4, 'SB-100', NULL, 'user', NULL, '2025-03-10 06:18:28', '2025-03-11 06:18:28'),
(684, 'CMR1-10A-0325-001', NULL, 657, 657, 0, 0, 0, 0, 0, NULL, NULL, 2, 'SB-100', NULL, 'user', NULL, '2025-03-10 06:35:22', '2025-03-11 06:35:22'),
(685, 'CMR1-01A-0325-001', NULL, 694, 92, 1, 0, 0, 0, 0, NULL, NULL, 10, 'B11A', NULL, 'willy', NULL, '2025-03-11 10:17:41', '2025-03-11 10:17:41'),
(686, 'CMR1-02A-0325-001', NULL, 813, 236, 2, 0, 0, 0, 0, NULL, NULL, 15, 'B11A', NULL, 'willy', NULL, '2025-03-11 10:18:29', '2025-03-11 10:18:29'),
(687, 'CMR1-02B-0325-001', NULL, 629, 341, 3, 0, 0, 0, 0, NULL, NULL, 15, 'B11A', NULL, 'willy', NULL, '2025-03-11 10:19:02', '2025-03-11 10:19:02'),
(688, 'CMR1-03A-0325-001', NULL, 498, 409, 0, 0, 0, 0, 0, NULL, NULL, 16, 'B11A', NULL, 'willy', NULL, '2025-03-11 10:19:45', '2025-03-11 10:19:45'),
(689, 'CMR1-03B-0325-001', NULL, 388, 308, 1, 0, 0, 0, 0, NULL, NULL, 16, 'B11A', NULL, 'willy', NULL, '2025-03-11 10:20:29', '2025-03-11 10:20:29'),
(690, 'CMR1-04A-0325-001', NULL, 461, 374, 1, 0, 0, 0, 0, NULL, NULL, 16, 'B11A', NULL, 'willy', NULL, '2025-03-11 10:21:06', '2025-03-11 10:21:06'),
(691, 'CMR1-04B-0325-001', NULL, 540, 446, 1, 0, 0, 0, 0, NULL, NULL, 11, 'B11A', NULL, 'willy', NULL, '2025-03-11 10:22:36', '2025-03-11 10:22:36'),
(692, 'CMR1-05A-0325-001', NULL, 562, 461, 3, 0, 0, 0, 0, NULL, NULL, 11, 'B11A', NULL, 'willy', NULL, '2025-03-11 10:23:13', '2025-03-11 10:23:13'),
(693, 'CMR1-05B-0325-001', NULL, 571, 467, 2, 0, 0, 0, 0, NULL, NULL, 11, 'B11A', NULL, 'willy', NULL, '2025-03-11 10:23:54', '2025-03-11 10:23:54'),
(694, 'CMR1-06A-0325-001', NULL, 561, 447, 2, 0, 0, 0, 0, NULL, NULL, 10, 'B11A', NULL, 'willy', NULL, '2025-03-11 10:24:41', '2025-03-11 10:24:41'),
(695, 'CMR1-06B-0325-001', NULL, 644, 517, 3, 0, 0, 0, 0, NULL, NULL, 10, 'B11A', NULL, 'willy', NULL, '2025-03-11 10:25:17', '2025-03-11 10:25:17'),
(696, 'CMR1-07A-0325-001', NULL, 586, 517, 3, 0, 0, 0, 0, NULL, NULL, 9, 'B11A', NULL, 'willy', NULL, '2025-03-11 10:26:16', '2025-03-11 10:26:16'),
(697, 'CMR1-07B-0325-001', NULL, 703, 591, 4, 0, 0, 0, 0, NULL, NULL, 6, 'SB-100', NULL, 'willy', NULL, '2025-03-11 10:26:55', '2025-03-11 10:26:55');
INSERT INTO `commercial_details` (`id`, `id_commercial`, `date`, `begining_population`, `last_population`, `depreciation_die`, `depreciation_afkir`, `depreciation_panen`, `move_to`, `total_move`, `recieve_from`, `total_recieve`, `feed`, `feed_name`, `remark`, `inputBy`, `id_vaksin`, `created_at`, `updated_at`) VALUES
(698, 'CMR1-08A-0325-001', NULL, 730, 571, 2, 0, 0, 0, 0, NULL, NULL, 6, 'SB-100', NULL, 'willy', NULL, '2025-03-11 10:27:40', '2025-03-11 10:27:40'),
(699, 'CMR1-08B-0325-001', NULL, 765, 649, 4, 0, 0, 0, 0, NULL, NULL, 5, 'SB-100', NULL, 'willy', NULL, '2025-03-11 10:28:14', '2025-03-11 10:28:14'),
(700, 'CMR1-09A-0325-001', NULL, 805, 680, 6, 0, 0, 0, 0, NULL, NULL, 4, 'SB-100', NULL, 'willy', NULL, '2025-03-11 10:28:54', '2025-03-11 10:28:54'),
(701, 'CMR1-09B-0325-001', NULL, 760, 732, 7, 0, 0, 0, 0, NULL, NULL, 4, 'SB-100', NULL, 'willy', NULL, '2025-03-11 10:29:28', '2025-03-11 10:29:28'),
(702, 'CMR1-10A-0325-001', NULL, 657, 655, 2, 0, 0, 0, 0, NULL, NULL, 2, 'SB-100', NULL, 'willy', NULL, '2025-03-11 10:29:58', '2025-03-11 10:29:58'),
(703, 'CMR1-01A-0325-001', NULL, 694, 71, 1, 0, 20, 0, 0, NULL, NULL, 10, 'B11A', NULL, 'willy', NULL, '2025-03-12 13:04:04', '2025-03-12 13:04:04'),
(704, 'CMR1-02A-0325-001', NULL, 813, 213, 3, 0, 20, 0, 0, NULL, NULL, 15, 'B11A', NULL, 'willy', NULL, '2025-03-12 13:05:01', '2025-03-12 13:05:01'),
(705, 'CMR1-02B-0325-001', NULL, 629, 310, 1, 0, 30, 0, 0, NULL, NULL, 15, 'B11A', NULL, 'willy', NULL, '2025-03-12 13:05:30', '2025-03-12 13:05:30'),
(706, 'CMR1-03A-0325-001', NULL, 498, 387, 2, 0, 20, 0, 0, NULL, NULL, 16, 'B11A', NULL, 'willy', NULL, '2025-03-12 13:06:07', '2025-03-12 13:06:07'),
(707, 'CMR1-03B-0325-001', NULL, 388, 306, 2, 0, 0, 0, 0, NULL, NULL, 16, 'B11A', NULL, 'willy', NULL, '2025-03-12 13:06:53', '2025-03-12 13:06:53'),
(708, 'CMR1-04A-0325-001', NULL, 461, 373, 1, 0, 0, 0, 0, NULL, NULL, 16, 'B11A', NULL, 'willy', NULL, '2025-03-12 13:07:33', '2025-03-12 13:07:33'),
(709, 'CMR1-04B-0325-001', NULL, 540, 444, 2, 0, 0, 0, 0, NULL, NULL, 11, 'B11A', NULL, 'willy', NULL, '2025-03-12 13:08:39', '2025-03-12 13:08:39'),
(710, 'CMR1-05A-0325-001', NULL, 562, 459, 2, 0, 0, 0, 0, NULL, NULL, 11, 'B11A', NULL, 'willy', NULL, '2025-03-12 13:09:27', '2025-03-12 13:09:27'),
(711, 'CMR1-05B-0325-001', NULL, 571, 464, 3, 0, 0, 0, 0, NULL, NULL, 11, 'B11A', NULL, 'willy', NULL, '2025-03-12 13:10:08', '2025-03-12 13:10:08'),
(712, 'CMR1-06A-0325-001', NULL, 561, 444, 3, 0, 0, 0, 0, NULL, NULL, 10, 'B11A', NULL, 'willy', NULL, '2025-03-12 13:10:42', '2025-03-12 13:10:42'),
(713, 'CMR1-06B-0325-001', NULL, 644, 515, 2, 0, 0, 0, 0, NULL, NULL, 10, 'B11A', NULL, 'willy', NULL, '2025-03-12 13:11:25', '2025-03-12 13:11:25'),
(714, 'CMR1-07A-0325-001', NULL, 586, 516, 1, 0, 0, 0, 0, NULL, NULL, 9, 'B11A', NULL, 'willy', NULL, '2025-03-12 13:12:09', '2025-03-12 13:12:09'),
(715, 'CMR1-07B-0325-001', NULL, 703, 589, 2, 0, 0, 0, 0, NULL, NULL, 6, 'SB-100', NULL, 'willy', NULL, '2025-03-12 13:12:48', '2025-03-12 13:12:48'),
(716, 'CMR1-08A-0325-001', NULL, 730, 568, 3, 0, 0, 0, 0, NULL, NULL, 4, 'SB-100', NULL, 'willy', NULL, '2025-03-12 13:13:24', '2025-03-12 13:13:24'),
(717, 'CMR1-08B-0325-001', NULL, 765, 645, 4, 0, 0, 0, 0, NULL, NULL, 4, 'SB-100', NULL, 'willy', NULL, '2025-03-12 13:14:07', '2025-03-12 13:14:07'),
(718, 'CMR1-09A-0325-001', NULL, 805, 674, 6, 0, 0, 0, 0, NULL, NULL, 4, 'SB-100', NULL, 'willy', NULL, '2025-03-12 13:14:44', '2025-03-12 13:14:44'),
(719, 'CMR1-09B-0325-001', NULL, 760, 722, 10, 0, 0, 0, 0, NULL, NULL, 4, 'SB-100', NULL, 'willy', NULL, '2025-03-12 13:15:10', '2025-03-12 13:15:10'),
(720, 'CMR1-10A-0325-001', NULL, 657, 652, 3, 0, 0, 0, 0, NULL, NULL, 3, 'SB-100', NULL, 'willy', NULL, '2025-03-12 13:15:47', '2025-03-12 13:15:47'),
(721, 'CMR1-01A-0325-001', NULL, 694, 57, 2, 0, 12, 0, 0, NULL, NULL, 3, 'B11A', NULL, 'willy', NULL, '2025-03-13 13:02:30', '2025-03-13 13:02:30'),
(722, 'CMR1-02A-0325-001', NULL, 813, 171, 2, 0, 40, 0, 0, NULL, NULL, 5, 'B11A', NULL, 'willy', NULL, '2025-03-13 13:03:11', '2025-03-13 13:03:11'),
(723, 'CMR1-02B-0325-001', NULL, 629, 269, 1, 0, 40, 0, 0, NULL, NULL, 6, 'B11A', NULL, 'willy', NULL, '2025-03-13 13:04:08', '2025-03-13 13:04:08'),
(724, 'CMR1-03A-0325-001', NULL, 498, 345, 2, 0, 40, 0, 0, NULL, NULL, 7, 'B11A', NULL, 'willy', NULL, '2025-03-13 13:05:20', '2025-03-13 13:05:20'),
(725, 'CMR1-03B-0325-001', NULL, 388, 283, 3, 0, 20, 0, 0, NULL, NULL, 5, 'B11A', NULL, 'willy', NULL, '2025-03-13 13:06:04', '2025-03-13 13:06:04'),
(726, 'CMR1-04A-0325-001', NULL, 461, 364, 2, 0, 7, 0, 0, NULL, NULL, 7, 'B11A', NULL, 'willy', NULL, '2025-03-13 13:07:48', '2025-03-13 13:07:48'),
(727, 'CMR1-04B-0325-001', NULL, 540, 442, 2, 0, 0, 0, 0, NULL, NULL, 7, 'B11A', NULL, 'willy', NULL, '2025-03-13 13:08:34', '2025-03-13 13:08:34'),
(728, 'CMR1-05A-0325-001', NULL, 562, 458, 1, 0, 0, 0, 0, NULL, NULL, 7, 'SB-100', NULL, 'willy', NULL, '2025-03-13 13:10:41', '2025-03-13 13:10:41'),
(729, 'CMR1-05B-0325-001', NULL, 571, 462, 2, 0, 0, 0, 0, NULL, NULL, 7, 'B11A', NULL, 'willy', NULL, '2025-03-13 13:11:20', '2025-03-13 13:11:20'),
(730, 'CMR1-06A-0325-001', NULL, 561, 440, 4, 0, 0, 0, 0, NULL, NULL, 7, 'B11A', NULL, 'willy', NULL, '2025-03-13 13:11:53', '2025-03-13 13:11:53'),
(731, 'CMR1-06B-0325-001', NULL, 644, 512, 3, 0, 0, 0, 0, NULL, NULL, 7, 'B11A', NULL, 'willy', NULL, '2025-03-13 13:12:37', '2025-03-13 13:12:37'),
(732, 'CMR1-07A-0325-001', NULL, 586, 514, 2, 0, 0, 0, 0, NULL, NULL, 7, 'B11A', NULL, 'willy', NULL, '2025-03-13 13:13:22', '2025-03-13 13:13:22'),
(733, 'CMR1-08A-0325-001', NULL, 730, 561, 7, 0, 0, 0, 0, NULL, NULL, 6, 'SB-100', NULL, 'willy', NULL, '2025-03-13 13:14:05', '2025-03-13 13:14:05'),
(734, 'CMR1-08B-0325-001', NULL, 765, 641, 4, 0, 0, 0, 0, NULL, NULL, 4, 'SB-100', NULL, 'willy', NULL, '2025-03-13 13:15:25', '2025-03-13 13:15:25'),
(735, 'CMR1-07B-0325-001', NULL, 703, 585, 4, 0, 0, 0, 0, NULL, NULL, 6, 'SB-100', NULL, 'willy', NULL, '2025-03-13 13:16:56', '2025-03-13 13:16:56'),
(736, 'CMR1-09A-0325-001', NULL, 805, 668, 6, 0, 0, 0, 0, NULL, NULL, 4, 'B11A', NULL, 'willy', NULL, '2025-03-13 13:17:48', '2025-03-13 13:17:48'),
(737, 'CMR1-09B-0325-001', NULL, 760, 710, 12, 0, 0, 0, 0, NULL, NULL, 4, 'B11A', NULL, 'willy', NULL, '2025-03-13 13:18:19', '2025-03-13 13:18:19'),
(738, 'CMR1-10A-0325-001', NULL, 657, 650, 2, 0, 0, 0, 0, NULL, NULL, 3, 'SB-100', NULL, 'willy', NULL, '2025-03-13 13:18:52', '2025-03-13 13:18:52'),
(739, 'CMR1-01A-0325-001', NULL, 694, 35, 22, 0, 0, 0, 0, NULL, NULL, 3, 'B11A', NULL, 'willy', NULL, '2025-03-14 15:44:54', '2025-03-14 15:44:54'),
(740, 'CMR1-02A-0325-001', NULL, 813, 169, 2, 0, 0, 0, 0, NULL, NULL, 6, 'B11A', NULL, 'willy', NULL, '2025-03-14 15:45:38', '2025-03-14 15:45:38'),
(741, 'CMR1-02B-0325-001', NULL, 629, 266, 3, 0, 0, 0, 6, NULL, NULL, 8, 'B11A', NULL, 'willy', NULL, '2025-03-14 15:46:46', '2025-03-14 15:46:46'),
(742, 'CMR1-03A-0325-001', NULL, 498, 344, 1, 0, 0, 0, 0, NULL, NULL, 9, 'B11A', NULL, 'willy', NULL, '2025-03-14 15:47:15', '2025-03-14 15:47:15'),
(743, 'CMR1-03B-0325-001', NULL, 388, 281, 2, 0, 0, 0, 0, NULL, NULL, 9, 'B11A', NULL, 'willy', NULL, '2025-03-14 15:47:55', '2025-03-14 15:47:55'),
(744, 'CMR1-04A-0325-001', NULL, 461, 361, 3, 0, 0, 0, 0, NULL, NULL, 9, 'B11A', NULL, 'willy', NULL, '2025-03-14 15:48:37', '2025-03-14 15:48:37'),
(745, 'CMR1-04B-0325-001', NULL, 540, 440, 2, 0, 0, 0, 0, NULL, NULL, 9, 'B11A', NULL, 'willy', NULL, '2025-03-14 15:49:10', '2025-03-14 15:49:10'),
(746, 'CMR1-05A-0325-001', NULL, 562, 456, 2, 0, 0, 0, 0, NULL, NULL, 9, 'SB-100', NULL, 'willy', NULL, '2025-03-14 15:49:59', '2025-03-14 15:49:59'),
(747, 'CMR1-05B-0325-001', NULL, 571, 460, 2, 0, 0, 0, 0, NULL, NULL, 9, 'B11A', NULL, 'willy', NULL, '2025-03-14 15:50:38', '2025-03-14 15:50:38'),
(748, 'CMR1-06A-0325-001', NULL, 561, 437, 3, 0, 0, 0, 0, NULL, NULL, 9, 'B11A', NULL, 'willy', NULL, '2025-03-14 15:51:22', '2025-03-14 15:51:22'),
(749, 'CMR1-06B-0325-001', NULL, 644, 507, 5, 0, 0, 0, 0, NULL, NULL, 10, 'B11A', NULL, 'willy', NULL, '2025-03-14 15:52:28', '2025-03-14 15:52:28'),
(750, 'CMR1-07A-0325-001', NULL, 586, 511, 3, 0, 0, 0, 0, NULL, NULL, 10, 'B11A', NULL, 'willy', NULL, '2025-03-14 15:53:06', '2025-03-14 15:53:06'),
(751, 'CMR1-07B-0325-001', NULL, 703, 581, 4, 0, 0, 0, 0, NULL, NULL, 5, 'GF-11', NULL, 'willy', NULL, '2025-03-14 15:55:19', '2025-03-14 15:55:19'),
(752, 'CMR1-08A-0325-001', NULL, 730, 559, 2, 0, 0, 0, 0, NULL, NULL, 5, 'GF-11', NULL, 'willy', NULL, '2025-03-14 15:55:54', '2025-03-14 15:55:54'),
(753, 'CMR1-08B-0325-001', NULL, 765, 638, 3, 0, 0, 0, 0, NULL, NULL, 6, 'SB-100', NULL, 'willy', NULL, '2025-03-14 15:57:51', '2025-03-14 15:57:51'),
(754, 'CMR1-09A-0325-001', NULL, 805, 663, 5, 0, 0, 0, 0, NULL, NULL, 6, 'SB-100', NULL, 'willy', NULL, '2025-03-14 15:58:32', '2025-03-14 15:58:32'),
(755, 'CMR1-09B-0325-001', NULL, 760, 703, 7, 0, 0, 0, 0, NULL, NULL, 6, 'SB-100', NULL, 'willy', NULL, '2025-03-14 15:59:39', '2025-03-14 15:59:39'),
(756, 'CMR1-10A-0325-001', NULL, 657, 648, 2, 0, 0, 0, 0, NULL, NULL, 3, 'SB-100', NULL, 'willy', NULL, '2025-03-14 16:00:05', '2025-03-14 16:00:05'),
(757, 'CMR1-01A-0325-001', NULL, 694, 34, 1, 0, 0, 0, 0, NULL, NULL, 3, 'B11A', NULL, 'willy', NULL, '2025-03-15 13:59:25', '2025-03-15 13:59:25'),
(758, 'CMR1-02A-0325-001', NULL, 813, 166, 3, 0, 0, 0, 0, NULL, NULL, 5, 'B11A', NULL, 'willy', NULL, '2025-03-15 14:00:21', '2025-03-15 14:00:21'),
(759, 'CMR1-02B-0325-001', NULL, 629, 264, 2, 0, 0, 0, 0, NULL, NULL, 7, 'B11A', NULL, 'willy', NULL, '2025-03-15 14:00:56', '2025-03-15 14:00:56'),
(760, 'CMR1-03A-0325-001', NULL, 498, 343, 1, 0, 0, 0, 0, NULL, NULL, 8, 'B11A', NULL, 'willy', NULL, '2025-03-15 14:01:47', '2025-03-15 14:01:47'),
(761, 'CMR1-03B-0325-001', NULL, 388, 279, 2, 0, 0, 0, 0, NULL, NULL, 8, 'B11A', NULL, 'willy', NULL, '2025-03-15 14:02:33', '2025-03-15 14:02:33'),
(762, 'CMR1-04A-0325-001', NULL, 461, 358, 3, 0, 0, 0, 0, NULL, NULL, 8, 'B11A', NULL, 'willy', NULL, '2025-03-15 14:03:27', '2025-03-15 14:03:27'),
(763, 'CMR1-04B-0325-001', NULL, 540, 438, 2, 0, 0, 0, 0, NULL, NULL, 8, 'B11A', NULL, 'willy', NULL, '2025-03-15 14:04:15', '2025-03-15 14:04:15'),
(764, 'CMR1-05A-0325-001', NULL, 562, 453, 3, 0, 0, 0, 0, NULL, NULL, 8, 'B11A', NULL, 'willy', NULL, '2025-03-15 14:04:49', '2025-03-15 14:04:49'),
(765, 'CMR1-05A-0325-001', NULL, 562, 451, 2, 0, 0, 0, 0, NULL, NULL, 8, 'B11A', NULL, 'willy', NULL, '2025-03-15 14:09:36', '2025-03-15 14:09:36'),
(766, 'CMR1-05B-0325-001', NULL, 571, 457, 3, 0, 0, 0, 0, NULL, NULL, 8, 'B11A', NULL, 'willy', NULL, '2025-03-15 14:10:41', '2025-03-15 14:10:41'),
(767, 'CMR1-06A-0325-001', NULL, 561, 433, 4, 0, 0, 0, 0, NULL, NULL, 7, 'B11A', NULL, 'willy', NULL, '2025-03-15 14:11:13', '2025-03-15 14:11:13'),
(768, 'CMR1-06B-0325-001', NULL, 644, 504, 3, 0, 0, 0, 0, NULL, NULL, 7, 'B11A', NULL, 'willy', NULL, '2025-03-15 14:12:07', '2025-03-15 14:12:07'),
(769, 'CMR1-07A-0325-001', NULL, 586, 509, 2, 0, 0, 0, 0, NULL, NULL, 7, 'B11A', NULL, 'willy', NULL, '2025-03-15 14:13:07', '2025-03-15 14:13:07'),
(770, 'CMR1-07B-0325-001', NULL, 703, 579, 2, 0, 0, 0, 0, NULL, NULL, 6, 'B11A', NULL, 'willy', NULL, '2025-03-15 14:13:50', '2025-03-15 14:13:50'),
(771, 'CMR1-08A-0325-001', NULL, 730, 556, 3, 0, 0, 0, 0, NULL, NULL, 5, 'B11A', NULL, 'willy', NULL, '2025-03-15 14:14:28', '2025-03-15 14:14:28'),
(772, 'CMR1-08B-0325-001', NULL, 765, 635, 3, 0, 0, 0, 0, NULL, NULL, 5, 'B11A', NULL, 'willy', NULL, '2025-03-15 14:14:56', '2025-03-15 14:14:56'),
(773, 'CMR1-09A-0325-001', NULL, 805, 659, 4, 0, 0, 0, 0, NULL, NULL, 6, 'GF-11', NULL, 'willy', NULL, '2025-03-15 14:15:33', '2025-03-15 14:15:33'),
(774, 'CMR1-09B-0325-001', NULL, 760, 694, 9, 0, 0, 0, 0, NULL, NULL, 6, 'GF-11', NULL, 'willy', NULL, '2025-03-15 14:16:04', '2025-03-15 14:16:04'),
(775, 'CMR1-10A-0325-001', NULL, 657, 646, 2, 0, 0, 0, 0, NULL, NULL, 3, 'GF-11', NULL, 'willy', NULL, '2025-03-15 14:16:32', '2025-03-15 14:16:32'),
(776, 'CMR1-02A-0325-001', NULL, 813, 144, 2, 0, 20, 0, 0, NULL, NULL, 5, 'B11A', NULL, 'willy', NULL, '2025-03-16 12:40:44', '2025-03-16 12:40:44'),
(777, 'CMR1-02B-0325-001', NULL, 629, 232, 2, 0, 30, 0, 0, NULL, NULL, 7, 'B11A', NULL, 'willy', NULL, '2025-03-16 12:41:17', '2025-03-16 12:41:17'),
(778, 'CMR1-03A-0325-001', NULL, 498, 341, 2, 0, 0, 0, 0, NULL, NULL, 9, 'B11A', NULL, 'willy', NULL, '2025-03-16 12:41:52', '2025-03-16 12:41:52'),
(779, 'CMR1-03B-0325-001', NULL, 388, 277, 2, 0, 0, 0, 0, NULL, NULL, 8, 'B11A', NULL, 'willy', NULL, '2025-03-16 12:42:47', '2025-03-16 12:42:47'),
(780, 'CMR1-04A-0325-001', NULL, 461, 357, 1, 0, 0, 0, 0, NULL, NULL, 8, 'B11A', NULL, 'willy', NULL, '2025-03-16 12:43:12', '2025-03-16 12:43:12'),
(781, 'CMR1-04B-0325-001', NULL, 540, 435, 3, 0, 0, 0, 0, NULL, NULL, 9, 'B11A', NULL, 'willy', NULL, '2025-03-16 12:43:48', '2025-03-16 12:43:48'),
(782, 'CMR1-05A-0325-001', NULL, 562, 448, 3, 0, 0, 0, 0, NULL, NULL, 9, 'B11A', NULL, 'willy', NULL, '2025-03-16 12:44:37', '2025-03-16 12:44:37'),
(783, 'CMR1-05B-0325-001', NULL, 571, 455, 2, 0, 0, 0, 0, NULL, NULL, 8, 'B11A', NULL, 'willy', NULL, '2025-03-16 12:45:11', '2025-03-16 12:45:11'),
(784, 'CMR1-06A-0325-001', NULL, 561, 430, 3, 0, 0, 0, 0, NULL, NULL, 8, 'B11A', NULL, 'willy', NULL, '2025-03-16 12:45:43', '2025-03-16 12:45:43'),
(785, 'CMR1-06B-0325-001', NULL, 644, 502, 2, 0, 0, 0, 0, NULL, NULL, 8, 'B11A', NULL, 'willy', NULL, '2025-03-16 12:46:19', '2025-03-16 12:46:19'),
(786, 'CMR1-07A-0325-001', NULL, 586, 505, 4, 0, 0, 0, 0, NULL, NULL, 8, 'B11A', NULL, 'willy', NULL, '2025-03-16 12:46:50', '2025-03-16 12:46:50'),
(787, 'CMR1-07B-0325-001', NULL, 703, 577, 2, 0, 0, 0, 0, NULL, NULL, 7, 'B11A', NULL, 'willy', NULL, '2025-03-16 12:47:20', '2025-03-16 12:47:20'),
(788, 'CMR1-08A-0325-001', NULL, 730, 552, 4, 0, 0, 0, 0, NULL, NULL, 6, 'B11A', NULL, 'willy', NULL, '2025-03-16 12:48:02', '2025-03-16 12:48:02'),
(789, 'CMR1-08B-0325-001', NULL, 765, 631, 4, 0, 0, 0, 0, NULL, NULL, 7, 'GF-11', NULL, 'willy', NULL, '2025-03-16 12:48:35', '2025-03-16 12:48:35'),
(790, 'CMR1-09A-0325-001', NULL, 805, 653, 6, 0, 0, 0, 0, NULL, NULL, 7, 'GF-11', NULL, 'willy', NULL, '2025-03-16 12:48:57', '2025-03-16 12:48:57'),
(791, 'CMR1-09B-0325-001', NULL, 760, 680, 14, 0, 0, 0, 0, NULL, NULL, 6, 'GF-11', NULL, 'willy', NULL, '2025-03-16 12:49:23', '2025-03-16 12:49:23'),
(792, 'CMR1-10A-0325-001', NULL, 657, 643, 3, 0, 0, 0, 0, NULL, NULL, 3, 'GF-11', NULL, 'willy', NULL, '2025-03-16 12:49:51', '2025-03-16 12:49:51'),
(793, 'CMR1-02A-0325-001', NULL, 813, 112, 2, 0, 30, 0, 0, NULL, NULL, 5, 'B11A', NULL, 'willy', NULL, '2025-03-17 11:31:01', '2025-03-17 11:31:01'),
(794, 'CMR1-02B-0325-001', NULL, 629, 210, 2, 0, 20, 0, 0, NULL, NULL, 7, 'B11A', NULL, 'willy', NULL, '2025-03-17 11:31:35', '2025-03-17 11:31:35'),
(795, 'CMR1-03A-0325-001', NULL, 498, 338, 3, 0, 0, 0, 0, NULL, NULL, 14, 'B11A', NULL, 'willy', NULL, '2025-03-17 11:33:36', '2025-03-17 11:33:36'),
(796, 'CMR1-03B-0325-001', NULL, 388, 275, 2, 0, 0, 0, 0, NULL, NULL, 10, 'SB-100', NULL, 'willy', NULL, '2025-03-17 11:34:36', '2025-03-17 11:34:36'),
(797, 'CMR1-03B-0325-001', NULL, 388, 273, 2, 0, 0, 0, 0, NULL, NULL, 10, 'SB-100', NULL, 'willy', NULL, '2025-03-17 11:34:39', '2025-03-17 11:34:39'),
(798, 'CMR1-04A-0325-001', NULL, 461, 356, 1, 0, 0, 0, 0, NULL, NULL, 14, 'SB-100', NULL, 'willy', NULL, '2025-03-17 11:35:52', '2025-03-17 11:35:52'),
(799, 'CMR1-04B-0325-001', NULL, 540, 434, 1, 0, 0, 0, 0, NULL, NULL, 14, 'SB-100', NULL, 'willy', NULL, '2025-03-17 11:36:33', '2025-03-17 11:36:33'),
(800, 'CMR1-05A-0325-001', NULL, 562, 446, 2, 0, 0, 0, 0, NULL, NULL, 14, 'SB-100', NULL, 'willy', NULL, '2025-03-17 11:37:13', '2025-03-17 11:37:13'),
(801, 'CMR1-05B-0325-001', NULL, 571, 453, 2, 0, 0, 0, 0, NULL, NULL, 14, 'SB-100', NULL, 'willy', NULL, '2025-03-17 11:38:22', '2025-03-17 11:38:22'),
(802, 'CMR1-06A-0325-001', NULL, 561, 427, 3, 0, 0, 0, 0, NULL, NULL, 14, 'SB-100', NULL, 'willy', NULL, '2025-03-17 11:39:02', '2025-03-17 11:39:02'),
(803, 'CMR1-06B-0325-001', NULL, 644, 500, 2, 0, 0, 0, 0, NULL, NULL, 12, 'B11A', NULL, 'willy', NULL, '2025-03-17 11:40:06', '2025-03-17 11:40:06'),
(804, 'CMR1-07A-0325-001', NULL, 586, 504, 1, 0, 0, 0, 0, NULL, NULL, 12, 'B11A', NULL, 'willy', NULL, '2025-03-17 11:40:50', '2025-03-17 11:40:50'),
(805, 'CMR1-07B-0325-001', NULL, 703, 576, 1, 0, 0, 0, 0, NULL, NULL, 9, 'SB-100', NULL, 'willy', NULL, '2025-03-17 11:41:23', '2025-03-17 11:41:23'),
(806, 'CMR1-08A-0325-001', NULL, 730, 549, 3, 0, 0, 0, 0, NULL, NULL, 8, 'SB-100', NULL, 'willy', NULL, '2025-03-17 11:42:07', '2025-03-17 11:42:07'),
(807, 'CMR1-08B-0325-001', NULL, 765, 628, 3, 0, 0, 0, 0, NULL, NULL, 7, 'SB-100', NULL, 'willy', NULL, '2025-03-17 11:43:05', '2025-03-17 11:43:05'),
(808, 'CMR1-09A-0325-001', NULL, 805, 649, 4, 0, 0, 0, 0, NULL, NULL, 7, 'SB-100', NULL, 'willy', NULL, '2025-03-17 11:43:52', '2025-03-17 11:43:52'),
(809, 'CMR1-09B-0325-001', NULL, 760, 673, 7, 0, 0, 0, 0, NULL, NULL, 6, 'SB-100', NULL, 'willy', NULL, '2025-03-17 11:44:43', '2025-03-17 11:44:43'),
(810, 'CMR1-10A-0325-001', NULL, 657, 638, 5, 0, 0, 0, 0, NULL, NULL, 5, 'SB-100', NULL, 'willy', NULL, '2025-03-17 11:45:07', '2025-03-17 11:45:07'),
(811, 'CMR1-10B-0325-001', NULL, 595, 595, 0, 0, 0, 0, 0, NULL, NULL, 5, 'GF-11', NULL, 'user', NULL, '2025-03-17 07:55:38', '2025-03-18 07:55:38'),
(812, 'CMR1-01A-0325-001', NULL, 694, 0, 4, 0, 30, 0, 0, NULL, NULL, 0, 'SB-100', NULL, 'user', NULL, '2025-03-18 09:19:57', '2025-03-18 09:19:57'),
(813, 'CMR1-02A-0325-001', NULL, 813, 110, 2, 0, 0, 0, 0, NULL, NULL, 5, 'B11A', NULL, 'willy', NULL, '2025-03-17 18:18:24', '2025-03-18 18:18:24'),
(814, 'CMR1-02B-0325-001', NULL, 629, 203, 7, 0, 0, 0, 0, NULL, NULL, 7, 'B11A', NULL, 'willy', NULL, '2025-03-17 18:18:54', '2025-03-18 18:18:54'),
(815, 'CMR1-03A-0325-001', NULL, 498, 335, 3, 0, 0, 0, 0, NULL, NULL, 14, 'B11A', NULL, 'willy', NULL, '2025-03-17 18:19:26', '2025-03-18 18:19:26'),
(816, 'CMR1-03B-0325-001', NULL, 388, 271, 2, 0, 0, 0, 0, NULL, NULL, 10, 'B11A', NULL, 'willy', NULL, '2025-03-17 18:20:00', '2025-03-18 18:20:00'),
(817, 'CMR1-04A-0325-001', NULL, 461, 352, 4, 0, 0, 0, 0, NULL, NULL, 14, 'B11A', NULL, 'willy', NULL, '2025-03-17 18:20:54', '2025-03-18 18:20:54'),
(818, 'CMR1-04B-0325-001', NULL, 540, 431, 3, 0, 0, 0, 0, NULL, NULL, 14, 'B11A', NULL, 'willy', NULL, '2025-03-17 18:22:07', '2025-03-18 18:22:07'),
(819, 'CMR1-05A-0325-001', NULL, 562, 444, 2, 0, 0, 0, 0, NULL, NULL, 14, 'B11A', NULL, 'willy', NULL, '2025-03-17 18:23:16', '2025-03-18 18:23:16'),
(820, 'CMR1-05B-0325-001', NULL, 571, 452, 1, 0, 0, 0, 0, NULL, NULL, 14, 'B11A', NULL, 'willy', NULL, '2025-03-17 18:23:48', '2025-03-18 18:23:48'),
(821, 'CMR1-06A-0325-001', NULL, 561, 426, 1, 0, 0, 0, 0, NULL, NULL, 14, 'B11A', NULL, 'willy', NULL, '2025-03-17 18:24:30', '2025-03-18 18:24:30'),
(822, 'CMR1-06B-0325-001', NULL, 644, 497, 3, 0, 0, 0, 0, NULL, NULL, 12, 'B11A', NULL, 'willy', NULL, '2025-03-17 18:25:31', '2025-03-18 18:25:31'),
(823, 'CMR1-07A-0325-001', NULL, 586, 502, 2, 0, 0, 0, 0, NULL, NULL, 12, 'B11A', NULL, 'willy', NULL, '2025-03-17 18:26:06', '2025-03-18 18:26:06'),
(824, 'CMR1-07B-0325-001', NULL, 703, 573, 3, 0, 0, 0, 0, NULL, NULL, 9, 'B11A', NULL, 'willy', NULL, '2025-03-17 18:26:44', '2025-03-18 18:26:44'),
(825, 'CMR1-08A-0325-001', NULL, 730, 547, 2, 0, 0, 0, 0, NULL, NULL, 8, 'B11A', NULL, 'willy', NULL, '2025-03-17 18:27:45', '2025-03-18 18:27:45'),
(826, 'CMR1-08B-0325-001', NULL, 765, 625, 3, 0, 0, 0, 0, NULL, NULL, 6, 'B11A', NULL, 'willy', NULL, '2025-03-17 18:28:48', '2025-03-18 18:28:48'),
(827, 'CMR1-09A-0325-001', NULL, 805, 645, 4, 0, 0, 0, 0, NULL, NULL, 6, 'B11A', NULL, 'willy', NULL, '2025-03-17 18:29:19', '2025-03-18 18:29:19'),
(828, 'CMR1-09B-0325-001', NULL, 760, 668, 5, 0, 0, 0, 0, NULL, NULL, 6, 'B11A', NULL, 'willy', NULL, '2025-03-17 18:30:06', '2025-03-18 18:30:06'),
(829, 'CMR1-10A-0325-001', NULL, 657, 629, 9, 0, 0, 0, 0, NULL, NULL, 5, 'B11A', NULL, 'willy', NULL, '2025-03-17 18:30:43', '2025-03-18 18:30:43'),
(830, 'CMR1-10B-0325-001', NULL, 595, 585, 10, 0, 0, 0, 0, NULL, NULL, 2, 'B11A', NULL, 'willy', NULL, '2025-03-17 18:31:19', '2025-03-18 18:31:19'),
(831, 'CMR1-02A-0325-001', NULL, 813, 109, 1, 0, 0, 0, 0, NULL, NULL, 5, 'B11A', NULL, 'willy', NULL, '2025-03-19 01:08:54', '2025-03-20 01:08:54'),
(832, 'CMR1-02B-0325-001', NULL, 629, 200, 3, 0, 0, 0, 0, NULL, NULL, 7, 'B11A', NULL, 'willy', NULL, '2025-03-19 01:09:24', '2025-03-20 01:09:24'),
(833, 'CMR1-03A-0325-001', NULL, 498, 333, 2, 0, 0, 0, 0, NULL, NULL, 14, 'B11A', NULL, 'willy', NULL, '2025-03-19 01:09:58', '2025-03-20 01:09:58'),
(834, 'CMR1-03B-0325-001', NULL, 388, 269, 2, 0, 0, 0, 0, NULL, NULL, 10, 'B11A', NULL, 'willy', NULL, '2025-03-19 01:10:27', '2025-03-20 01:10:27'),
(835, 'CMR1-04A-0325-001', NULL, 461, 351, 1, 0, 0, 0, 0, NULL, NULL, 14, 'B11A', NULL, 'willy', NULL, '2025-03-19 01:10:57', '2025-03-20 01:10:57'),
(836, 'CMR1-04B-0325-001', NULL, 540, 429, 2, 0, 0, 0, 0, NULL, NULL, 14, 'B11A', NULL, 'willy', NULL, '2025-03-19 01:11:45', '2025-03-20 01:11:45'),
(837, 'CMR1-05A-0325-001', NULL, 562, 441, 3, 0, 0, 0, 0, NULL, NULL, 14, 'B11A', NULL, 'willy', NULL, '2025-03-19 01:12:12', '2025-03-20 01:12:12'),
(838, 'CMR1-05B-0325-001', NULL, 571, 450, 2, 0, 0, 0, 0, NULL, NULL, 14, 'B11A', NULL, 'willy', NULL, '2025-03-19 01:12:55', '2025-03-20 01:12:55'),
(839, 'CMR1-06A-0325-001', NULL, 561, 422, 4, 0, 0, 0, 0, NULL, NULL, 14, 'B11A', NULL, 'willy', NULL, '2025-03-19 01:13:33', '2025-03-20 01:13:33'),
(840, 'CMR1-06B-0325-001', NULL, 644, 496, 1, 0, 0, 0, 0, NULL, NULL, 12, 'B11A', NULL, 'willy', NULL, '2025-03-19 01:14:21', '2025-03-20 01:14:21'),
(841, 'CMR1-07A-0325-001', NULL, 586, 501, 1, 0, 0, 0, 0, NULL, NULL, 12, 'B11A', NULL, 'willy', NULL, '2025-03-19 01:14:54', '2025-03-20 01:14:54'),
(842, 'CMR1-07B-0325-001', NULL, 703, 571, 2, 0, 0, 0, 0, NULL, NULL, 9, 'B11A', NULL, 'willy', NULL, '2025-03-19 01:15:35', '2025-03-20 01:15:35'),
(843, 'CMR1-08A-0325-001', NULL, 730, 543, 4, 0, 0, 0, 0, NULL, NULL, 8, 'B11A', NULL, 'willy', NULL, '2025-03-19 01:16:18', '2025-03-20 01:16:18'),
(844, 'CMR1-08B-0325-001', NULL, 765, 622, 3, 0, 0, 0, 0, NULL, NULL, 6, 'B11A', NULL, 'willy', NULL, '2025-03-19 01:16:55', '2025-03-20 01:16:55'),
(845, 'CMR1-09A-0325-001', NULL, 805, 643, 2, 0, 0, 0, 0, NULL, NULL, 6, 'B11A', NULL, 'willy', NULL, '2025-03-19 01:17:41', '2025-03-20 01:17:41'),
(846, 'CMR1-09B-0325-001', NULL, 760, 662, 6, 0, 0, 0, 0, NULL, NULL, 6, 'B11A', NULL, 'willy', NULL, '2025-03-19 01:18:37', '2025-03-20 01:18:37'),
(847, 'CMR1-10A-0325-001', NULL, 657, 622, 7, 0, 0, 0, 0, NULL, NULL, 5, 'B11A', NULL, 'willy', NULL, '2025-03-19 01:19:25', '2025-03-20 01:19:25'),
(848, 'CMR1-10B-0325-001', NULL, 595, 577, 8, 0, 0, 0, 0, NULL, NULL, 2, 'B11A', NULL, 'willy', NULL, '2025-03-19 01:20:23', '2025-03-20 01:20:23'),
(849, 'CMR1-02A-0325-001', NULL, 813, 77, 2, 0, 30, 0, 0, NULL, NULL, 4, 'B11A', NULL, 'willy', NULL, '2025-03-20 13:13:37', '2025-03-20 13:13:37'),
(850, 'CMR1-02B-0325-001', NULL, 629, 98, 2, 0, 100, 0, 0, NULL, NULL, 5, 'B11A', NULL, 'willy', NULL, '2025-03-20 13:14:10', '2025-03-20 13:14:10'),
(851, 'CMR1-03A-0325-001', NULL, 498, 280, 3, 0, 50, 0, 0, NULL, NULL, 13, 'B11A', NULL, 'willy', NULL, '2025-03-20 13:14:51', '2025-03-20 13:14:51'),
(852, 'CMR1-03B-0325-001', NULL, 388, 217, 2, 0, 50, 0, 0, NULL, NULL, 11, 'B11A', NULL, 'willy', NULL, '2025-03-20 13:15:38', '2025-03-20 13:15:38'),
(853, 'CMR1-04A-0325-001', NULL, 461, 349, 2, 0, 0, 0, 0, NULL, NULL, 15, 'B11A', NULL, 'willy', NULL, '2025-03-20 13:17:08', '2025-03-20 13:17:08'),
(854, 'CMR1-04B-0325-001', NULL, 540, 428, 1, 0, 0, 0, 0, NULL, NULL, 17, 'B11A', NULL, 'willy', NULL, '2025-03-20 13:17:34', '2025-03-20 13:17:34'),
(855, 'CMR1-05A-0325-001', NULL, 562, 437, 4, 0, 0, 0, 0, NULL, NULL, 17, 'B11A', NULL, 'willy', NULL, '2025-03-20 13:19:01', '2025-03-20 13:19:01'),
(856, 'CMR1-05B-0325-001', NULL, 571, 447, 3, 0, 0, 0, 0, NULL, NULL, 17, 'B11A', NULL, 'willy', NULL, '2025-03-20 13:19:32', '2025-03-20 13:19:32'),
(857, 'CMR1-06A-0325-001', NULL, 561, 419, 3, 0, 0, 0, 0, NULL, NULL, 17, 'B11A', NULL, 'willy', NULL, '2025-03-20 13:20:04', '2025-03-20 13:20:04'),
(858, 'CMR1-06B-0325-001', NULL, 644, 494, 2, 0, 0, 0, 0, NULL, NULL, 14, 'B11A', NULL, 'willy', NULL, '2025-03-20 13:20:33', '2025-03-20 13:20:33'),
(859, 'CMR1-07A-0325-001', NULL, 586, 499, 2, 0, 0, 0, 0, NULL, NULL, 14, 'B11A', NULL, 'willy', NULL, '2025-03-20 13:21:05', '2025-03-20 13:21:05'),
(860, 'CMR1-07B-0325-001', NULL, 703, 570, 1, 0, 0, 0, 0, NULL, NULL, 14, 'B11A', NULL, 'willy', NULL, '2025-03-20 13:21:34', '2025-03-20 13:21:34'),
(861, 'CMR1-08A-0325-001', NULL, 730, 540, 3, 0, 0, 0, 0, NULL, NULL, 14, 'B11A', NULL, 'willy', NULL, '2025-03-20 13:22:17', '2025-03-20 13:22:17'),
(862, 'CMR1-08B-0325-001', NULL, 765, 617, 5, 0, 0, 0, 0, NULL, NULL, 6, 'GF-511', NULL, 'willy', NULL, '2025-03-20 13:22:46', '2025-03-20 13:22:46'),
(863, 'CMR1-09A-0325-001', NULL, 805, 639, 4, 0, 0, 0, 0, NULL, NULL, 6, 'GF-511', NULL, 'willy', NULL, '2025-03-20 13:23:24', '2025-03-20 13:23:24'),
(864, 'CMR1-09B-0325-001', NULL, 760, 653, 9, 0, 0, 0, 0, NULL, NULL, 6, 'GF-511', NULL, 'willy', NULL, '2025-03-20 13:23:57', '2025-03-20 13:23:57'),
(865, 'CMR1-10A-0325-001', NULL, 657, 616, 6, 0, 0, 0, 0, NULL, NULL, 5, 'GF-511', NULL, 'willy', NULL, '2025-03-20 13:24:22', '2025-03-20 13:24:22'),
(866, 'CMR1-10B-0325-001', NULL, 595, 574, 3, 0, 0, 0, 0, NULL, NULL, 2, 'GF-511', NULL, 'willy', NULL, '2025-03-20 13:24:44', '2025-03-20 13:24:44'),
(867, 'CMR1-02A-0325-001', NULL, 813, 75, 2, 0, 0, 0, 0, NULL, NULL, 4, 'B11A', NULL, 'willy', NULL, '2025-03-21 13:02:58', '2025-03-21 13:02:58'),
(868, 'CMR1-02B-0325-001', NULL, 629, 96, 2, 0, 0, 0, 0, NULL, NULL, 5, 'B11A', NULL, 'willy', NULL, '2025-03-21 13:03:30', '2025-03-21 13:03:30'),
(869, 'CMR1-03A-0325-001', NULL, 498, 277, 3, 0, 0, 0, 0, NULL, NULL, 13, 'SB-100', NULL, 'willy', NULL, '2025-03-21 13:04:03', '2025-03-21 13:04:03'),
(870, 'CMR1-03B-0325-001', NULL, 388, 215, 2, 0, 0, 0, 0, NULL, NULL, 11, 'B11A', NULL, 'willy', NULL, '2025-03-21 13:04:51', '2025-03-21 13:04:51'),
(871, 'CMR1-04A-0325-001', NULL, 461, 346, 3, 0, 0, 0, 0, NULL, NULL, 15, 'B11A', NULL, 'willy', NULL, '2025-03-21 13:05:19', '2025-03-21 13:05:19'),
(872, 'CMR1-04B-0325-001', NULL, 540, 425, 3, 0, 0, 0, 0, NULL, NULL, 17, 'B11A', NULL, 'willy', NULL, '2025-03-21 13:05:43', '2025-03-21 13:05:43'),
(873, 'CMR1-05A-0325-001', NULL, 562, 434, 3, 0, 0, 0, 0, NULL, NULL, 17, 'B11A', NULL, 'willy', NULL, '2025-03-21 13:06:18', '2025-03-21 13:06:18'),
(874, 'CMR1-05B-0325-001', NULL, 571, 444, 3, 0, 0, 0, 0, NULL, NULL, 17, 'B11A', NULL, 'willy', NULL, '2025-03-21 13:06:56', '2025-03-21 13:06:56'),
(875, 'CMR1-06A-0325-001', NULL, 561, 415, 4, 0, 0, 0, 0, NULL, NULL, 17, 'B11A', NULL, 'willy', NULL, '2025-03-21 13:07:28', '2025-03-21 13:07:28'),
(876, 'CMR1-06B-0325-001', NULL, 644, 492, 2, 0, 0, 0, 0, NULL, NULL, 14, 'B11A', NULL, 'willy', NULL, '2025-03-21 13:08:01', '2025-03-21 13:08:01'),
(877, 'CMR1-07A-0325-001', NULL, 586, 496, 3, 0, 0, 0, 0, NULL, NULL, 14, 'B11A', NULL, 'willy', NULL, '2025-03-21 13:08:25', '2025-03-21 13:08:25'),
(878, 'CMR1-07B-0325-001', NULL, 703, 568, 2, 0, 0, 0, 0, NULL, NULL, 14, 'B11A', NULL, 'willy', NULL, '2025-03-21 13:08:50', '2025-03-21 13:08:50'),
(879, 'CMR1-08A-0325-001', NULL, 730, 538, 2, 0, 0, 0, 0, NULL, NULL, 14, 'B11A', NULL, 'willy', NULL, '2025-03-21 13:09:15', '2025-03-21 13:09:15'),
(880, 'CMR1-08B-0325-001', NULL, 765, 614, 3, 0, 0, 0, 0, NULL, NULL, 6, 'GF-511', NULL, 'willy', NULL, '2025-03-21 13:10:09', '2025-03-21 13:10:09'),
(881, 'CMR1-09A-0325-001', NULL, 805, 635, 4, 0, 0, 0, 0, NULL, NULL, 6, 'GF-511', NULL, 'willy', NULL, '2025-03-21 13:10:33', '2025-03-21 13:10:33'),
(882, 'CMR1-09B-0325-001', NULL, 760, 647, 6, 0, 0, 0, 0, NULL, NULL, 6, 'GF-511', NULL, 'willy', NULL, '2025-03-21 13:11:06', '2025-03-21 13:11:06'),
(883, 'CMR1-10A-0325-001', NULL, 657, 609, 7, 0, 0, 0, 0, NULL, NULL, 5, 'GF-511', NULL, 'willy', NULL, '2025-03-21 13:11:30', '2025-03-21 13:11:30'),
(884, 'CMR1-10B-0325-001', NULL, 595, 572, 2, 0, 0, 0, 0, NULL, NULL, 2, 'GF-511', NULL, 'willy', NULL, '2025-03-21 13:12:05', '2025-03-21 13:12:05'),
(885, 'CMR1-02A-0325-001', NULL, 813, 72, 3, 0, 0, 0, 0, NULL, NULL, 4, 'B11A', NULL, 'willy', NULL, '2025-03-22 12:43:25', '2025-03-22 12:43:25'),
(886, 'CMR1-02B-0325-001', NULL, 629, 94, 2, 0, 0, 0, 0, NULL, NULL, 5, 'B11A', NULL, 'willy', NULL, '2025-03-22 12:43:49', '2025-03-22 12:43:49'),
(887, 'CMR1-03A-0325-001', NULL, 498, 274, 3, 0, 0, 0, 0, NULL, NULL, 13, 'B11A', NULL, 'willy', NULL, '2025-03-22 12:44:16', '2025-03-22 12:44:16'),
(888, 'CMR1-03B-0325-001', NULL, 388, 214, 1, 0, 0, 0, 0, NULL, NULL, 11, 'B11A', NULL, 'willy', NULL, '2025-03-22 12:44:53', '2025-03-22 12:44:53'),
(889, 'CMR1-04A-0325-001', NULL, 461, 342, 4, 0, 0, 0, 0, NULL, NULL, 15, 'B11A', NULL, 'willy', NULL, '2025-03-22 12:45:19', '2025-03-22 12:45:19'),
(890, 'CMR1-04B-0325-001', NULL, 540, 424, 1, 0, 0, 0, 0, NULL, NULL, 17, 'B11A', NULL, 'willy', NULL, '2025-03-22 12:45:57', '2025-03-22 12:45:57'),
(891, 'CMR1-05A-0325-001', NULL, 562, 431, 3, 0, 0, 0, 0, NULL, NULL, 17, 'B11A', NULL, 'willy', NULL, '2025-03-22 12:46:46', '2025-03-22 12:46:46'),
(892, 'CMR1-05B-0325-001', NULL, 571, 442, 2, 0, 0, 0, 0, NULL, NULL, 17, 'B11A', NULL, 'willy', NULL, '2025-03-22 12:47:34', '2025-03-22 12:47:34'),
(893, 'CMR1-06A-0325-001', NULL, 561, 411, 4, 0, 0, 0, 0, NULL, NULL, 17, 'B11A', NULL, 'willy', NULL, '2025-03-22 12:48:02', '2025-03-22 12:48:02'),
(894, 'CMR1-06B-0325-001', NULL, 644, 489, 3, 0, 0, 0, 0, NULL, NULL, 14, 'B11A', NULL, 'willy', NULL, '2025-03-22 12:48:38', '2025-03-22 12:48:38'),
(895, 'CMR1-07A-0325-001', NULL, 586, 491, 5, 0, 0, 0, 0, NULL, NULL, 14, 'B11A', NULL, 'willy', NULL, '2025-03-22 12:49:10', '2025-03-22 12:49:10'),
(896, 'CMR1-07B-0325-001', NULL, 703, 566, 2, 0, 0, 0, 0, NULL, NULL, 14, 'B11A', NULL, 'willy', NULL, '2025-03-22 12:49:44', '2025-03-22 12:49:44'),
(897, 'CMR1-08A-0325-001', NULL, 730, 537, 1, 0, 0, 0, 0, NULL, NULL, 14, 'B11A', NULL, 'willy', NULL, '2025-03-22 12:51:10', '2025-03-22 12:51:10'),
(898, 'CMR1-08B-0325-001', NULL, 765, 611, 3, 0, 0, 0, 0, NULL, NULL, 6, 'GF-511', NULL, 'willy', NULL, '2025-03-22 12:51:55', '2025-03-22 12:51:55'),
(899, 'CMR1-09A-0325-001', NULL, 805, 633, 2, 0, 0, 0, 0, NULL, NULL, 6, 'GF-511', NULL, 'willy', NULL, '2025-03-22 12:52:26', '2025-03-22 12:52:26'),
(900, 'CMR1-09B-0325-001', NULL, 760, 642, 5, 0, 0, 0, 0, NULL, NULL, 6, 'GF-511', NULL, 'willy', NULL, '2025-03-22 12:52:55', '2025-03-22 12:52:55'),
(901, 'CMR1-10A-0325-001', NULL, 657, 601, 8, 0, 0, 0, 0, NULL, NULL, 5, 'GF-511', NULL, 'willy', NULL, '2025-03-22 12:53:16', '2025-03-22 12:53:16'),
(902, 'CMR1-10B-0325-001', NULL, 595, 569, 3, 0, 0, 0, 3, NULL, NULL, 3, 'GF-511', NULL, 'willy', NULL, '2025-03-22 12:54:06', '2025-03-22 12:54:06'),
(903, 'CMR1-10B-0325-001', NULL, 595, 566, 3, 0, 0, 0, 0, NULL, NULL, 3, 'GF-511', NULL, 'willy', NULL, '2025-03-22 12:54:41', '2025-03-22 12:54:41'),
(904, 'CMR1-02A-0325-001', NULL, 813, 69, 3, 0, 0, 0, 0, NULL, NULL, 4, 'B11A', NULL, 'willy', NULL, '2025-03-23 13:38:16', '2025-03-23 13:38:16'),
(905, 'CMR1-02B-0325-001', NULL, 629, 92, 2, 0, 0, 0, 0, NULL, NULL, 5, 'B11A', NULL, 'willy', NULL, '2025-03-23 13:38:40', '2025-03-23 13:38:40'),
(906, 'CMR1-03A-0325-001', NULL, 498, 271, 3, 0, 0, 0, 0, NULL, NULL, 13, 'B11A', NULL, 'willy', NULL, '2025-03-23 13:39:02', '2025-03-23 13:39:02'),
(907, 'CMR1-03B-0325-001', NULL, 388, 213, 1, 0, 0, 0, 0, NULL, NULL, 11, 'B11A', NULL, 'willy', NULL, '2025-03-23 13:39:40', '2025-03-23 13:39:40'),
(908, 'CMR1-04A-0325-001', NULL, 461, 338, 4, 0, 0, 0, 0, NULL, NULL, 15, 'B11A', NULL, 'willy', NULL, '2025-03-23 13:40:22', '2025-03-23 13:40:22'),
(909, 'CMR1-04B-0325-001', NULL, 540, 423, 1, 0, 0, 0, 0, NULL, NULL, 17, 'B11A', NULL, 'willy', NULL, '2025-03-23 13:40:53', '2025-03-23 13:40:53'),
(910, 'CMR1-05A-0325-001', NULL, 562, 428, 3, 0, 0, 0, 0, NULL, NULL, 17, 'B11A', NULL, 'willy', NULL, '2025-03-23 13:41:54', '2025-03-23 13:41:54'),
(911, 'CMR1-05B-0325-001', NULL, 571, 440, 2, 0, 0, 0, 0, NULL, NULL, 17, 'B11A', NULL, 'willy', NULL, '2025-03-23 13:42:23', '2025-03-23 13:42:23'),
(912, 'CMR1-06A-0325-001', NULL, 561, 407, 4, 0, 0, 0, 0, NULL, NULL, 17, 'B11A', NULL, 'willy', NULL, '2025-03-23 13:43:05', '2025-03-23 13:43:05'),
(913, 'CMR1-06B-0325-001', NULL, 644, 486, 3, 0, 0, 0, 0, NULL, NULL, 14, 'B11A', NULL, 'willy', NULL, '2025-03-23 13:43:30', '2025-03-23 13:43:30'),
(914, 'CMR1-07A-0325-001', NULL, 586, 486, 5, 0, 0, 0, 0, NULL, NULL, 14, 'B11A', NULL, 'willy', NULL, '2025-03-23 13:43:55', '2025-03-23 13:43:55'),
(915, 'CMR1-07B-0325-001', NULL, 703, 564, 2, 0, 0, 0, 0, NULL, NULL, 14, 'B11A', NULL, 'willy', NULL, '2025-03-23 13:44:28', '2025-03-23 13:44:28'),
(916, 'CMR1-08A-0325-001', NULL, 730, 536, 1, 0, 0, 0, 0, NULL, NULL, 14, 'B11A', NULL, 'willy', NULL, '2025-03-23 13:45:02', '2025-03-23 13:45:02'),
(917, 'CMR1-08B-0325-001', NULL, 765, 608, 3, 0, 0, 0, 0, NULL, NULL, 6, 'GF-511', NULL, 'willy', NULL, '2025-03-23 13:45:22', '2025-03-23 13:45:22'),
(918, 'CMR1-09A-0325-001', NULL, 805, 631, 2, 0, 0, 0, 0, NULL, NULL, 6, 'GF-511', NULL, 'willy', NULL, '2025-03-23 13:45:43', '2025-03-23 13:45:43'),
(919, 'CMR1-09B-0325-001', NULL, 760, 637, 5, 0, 0, 0, 0, NULL, NULL, 6, 'GF-511', NULL, 'willy', NULL, '2025-03-23 13:46:06', '2025-03-23 13:46:06'),
(920, 'CMR1-10A-0325-001', NULL, 657, 593, 8, 0, 0, 0, 0, NULL, NULL, 8, 'GF-511', NULL, 'willy', NULL, '2025-03-23 13:46:46', '2025-03-23 13:46:46'),
(921, 'CMR1-10B-0325-001', NULL, 595, 563, 3, 0, 0, 0, 0, NULL, NULL, 4, 'GF-511', NULL, 'willy', NULL, '2025-03-23 13:49:13', '2025-03-23 13:49:13'),
(922, 'CMR1-02A-0325-001', NULL, 813, 38, 1, 0, 30, 0, 0, NULL, NULL, 4, 'B11A', NULL, 'willy', NULL, '2025-03-24 11:09:37', '2025-03-24 11:09:37'),
(923, 'CMR1-02B-0325-001', NULL, 629, 60, 2, 0, 30, 0, 0, NULL, NULL, 5, 'B11A', NULL, 'willy', NULL, '2025-03-24 11:10:02', '2025-03-24 11:10:02'),
(924, 'CMR1-03A-0325-001', NULL, 498, 248, 3, 0, 20, 0, 0, NULL, NULL, 13, 'B11A', NULL, 'willy', NULL, '2025-03-24 11:10:53', '2025-03-24 11:10:53'),
(925, 'CMR1-03B-0325-001', NULL, 388, 190, 3, 0, 20, 0, 0, NULL, NULL, 11, 'B11A', NULL, 'willy', NULL, '2025-03-24 11:12:10', '2025-03-24 11:12:10'),
(926, 'CMR1-04A-0325-001', NULL, 461, 334, 4, 0, 0, 0, 0, NULL, NULL, 15, 'B11A', NULL, 'willy', NULL, '2025-03-24 11:12:56', '2025-03-24 11:12:56'),
(927, 'CMR1-04B-0325-001', NULL, 540, 421, 2, 0, 0, 0, 0, NULL, NULL, 17, 'B11A', NULL, 'willy', NULL, '2025-03-24 11:13:27', '2025-03-24 11:13:27'),
(928, 'CMR1-05A-0325-001', NULL, 562, 426, 2, 0, 0, 0, 0, NULL, NULL, 17, 'B11A', NULL, 'willy', NULL, '2025-03-24 11:14:05', '2025-03-24 11:14:05'),
(929, 'CMR1-05B-0325-001', NULL, 571, 439, 1, 0, 0, 0, 0, NULL, NULL, 17, 'B11A', NULL, 'willy', NULL, '2025-03-24 11:14:41', '2025-03-24 11:14:41'),
(930, 'CMR1-06A-0325-001', NULL, 561, 405, 2, 0, 0, 0, 0, NULL, NULL, 17, 'B11A', NULL, 'willy', NULL, '2025-03-24 11:15:24', '2025-03-24 11:15:24'),
(931, 'CMR1-06B-0325-001', NULL, 644, 485, 1, 0, 0, 0, 0, NULL, NULL, 12, 'B11A', NULL, 'willy', NULL, '2025-03-24 11:15:53', '2025-03-24 11:15:53'),
(932, 'CMR1-07A-0325-001', NULL, 586, 484, 2, 0, 0, 0, 0, NULL, NULL, 12, 'B11A', NULL, 'willy', NULL, '2025-03-24 11:16:36', '2025-03-24 11:16:36'),
(933, 'CMR1-07B-0325-001', NULL, 703, 561, 3, 0, 0, 0, 0, NULL, NULL, 12, 'B11A', NULL, 'willy', NULL, '2025-03-24 11:17:06', '2025-03-24 11:17:06'),
(934, 'CMR1-08A-0325-001', NULL, 730, 523, 13, 0, 0, 0, 0, NULL, NULL, 12, 'B11A', NULL, 'willy', NULL, '2025-03-24 11:17:44', '2025-03-24 11:17:44'),
(935, 'CMR1-08B-0325-001', NULL, 765, 606, 2, 0, 0, 0, 0, NULL, NULL, 11, 'GF-511', NULL, 'willy', NULL, '2025-03-24 11:18:10', '2025-03-24 11:18:10'),
(936, 'CMR1-09A-0325-001', NULL, 805, 629, 2, 0, 0, 0, 0, NULL, NULL, 8, 'GF-511', NULL, 'willy', NULL, '2025-03-24 11:18:51', '2025-03-24 11:18:51'),
(937, 'CMR1-09B-0325-001', NULL, 760, 634, 3, 0, 0, 0, 0, NULL, NULL, 7, 'GF-511', NULL, 'willy', NULL, '2025-03-24 11:19:31', '2025-03-24 11:19:31'),
(938, 'CMR1-10A-0325-001', NULL, 657, 586, 7, 0, 0, 0, 0, NULL, NULL, 6, 'GF-511', NULL, 'willy', NULL, '2025-03-24 11:19:56', '2025-03-24 11:19:56'),
(939, 'CMR1-10B-0325-001', NULL, 595, 555, 8, 0, 0, 0, 0, NULL, NULL, 4, 'GF-511', NULL, 'willy', NULL, '2025-03-24 11:20:20', '2025-03-24 11:20:20'),
(940, 'CMR1-02B-0325-001', NULL, 629, 58, 2, 0, 0, 0, 0, NULL, NULL, 5, 'B11A', NULL, 'willy', NULL, '2025-03-25 12:30:11', '2025-03-25 12:30:11'),
(941, 'CMR1-03A-0325-001', NULL, 498, 246, 2, 0, 0, 0, 0, NULL, NULL, 13, 'B11A', NULL, 'willy', NULL, '2025-03-25 12:31:26', '2025-03-25 12:31:26'),
(942, 'CMR1-03B-0325-001', NULL, 388, 187, 3, 0, 0, 0, 0, NULL, NULL, 11, 'B11A', NULL, 'willy', NULL, '2025-03-25 12:32:05', '2025-03-25 12:32:05'),
(943, 'CMR1-04A-0325-001', NULL, 461, 332, 2, 0, 0, 0, 0, NULL, NULL, 15, 'B11A', NULL, 'willy', NULL, '2025-03-25 12:32:35', '2025-03-25 12:32:35'),
(944, 'CMR1-04B-0325-001', NULL, 540, 420, 1, 0, 0, 0, 0, NULL, NULL, 17, 'B11A', NULL, 'willy', NULL, '2025-03-25 12:32:59', '2025-03-25 12:32:59'),
(945, 'CMR1-05A-0325-001', NULL, 562, 423, 3, 0, 0, 0, 0, NULL, NULL, 17, 'SB-100', NULL, 'willy', NULL, '2025-03-25 12:34:24', '2025-03-25 12:34:24'),
(946, 'CMR1-05B-0325-001', NULL, 571, 437, 2, 0, 0, 0, 0, NULL, NULL, 17, 'SB-100', NULL, 'willy', NULL, '2025-03-25 12:34:51', '2025-03-25 12:34:51'),
(947, 'CMR1-06A-0325-001', NULL, 561, 402, 3, 0, 0, 0, 0, NULL, NULL, 17, 'B11A', NULL, 'willy', NULL, '2025-03-25 12:35:19', '2025-03-25 12:35:19'),
(948, 'CMR1-06B-0325-001', NULL, 644, 481, 4, 0, 0, 0, 0, NULL, NULL, 12, 'B11A', NULL, 'willy', NULL, '2025-03-25 12:36:01', '2025-03-25 12:36:01'),
(949, 'CMR1-07A-0325-001', NULL, 586, 482, 2, 0, 0, 0, 0, NULL, NULL, 12, 'B11A', NULL, 'willy', NULL, '2025-03-25 12:36:34', '2025-03-25 12:36:34'),
(950, 'CMR1-07B-0325-001', NULL, 703, 560, 1, 0, 0, 0, 0, NULL, NULL, 12, 'B11A', NULL, 'willy', NULL, '2025-03-25 12:37:01', '2025-03-25 12:37:01'),
(951, 'CMR1-08A-0325-001', NULL, 730, 522, 1, 0, 0, 0, 0, NULL, NULL, 12, 'B11A', NULL, 'willy', NULL, '2025-03-25 12:38:10', '2025-03-25 12:38:10'),
(952, 'CMR1-08B-0325-001', NULL, 765, 604, 2, 0, 0, 0, 0, NULL, NULL, 11, 'B11A', NULL, 'willy', NULL, '2025-03-25 12:38:52', '2025-03-25 12:38:52'),
(953, 'CMR1-09A-0325-001', NULL, 805, 628, 1, 0, 0, 0, 0, NULL, NULL, 11, 'B11A', NULL, 'willy', NULL, '2025-03-25 12:39:27', '2025-03-25 12:39:27'),
(954, 'CMR1-09B-0325-001', NULL, 760, 630, 4, 0, 0, 0, 0, NULL, NULL, 7, 'GF-511', NULL, 'willy', NULL, '2025-03-25 12:39:56', '2025-03-25 12:39:56'),
(955, 'CMR1-10A-0325-001', NULL, 657, 580, 6, 0, 0, 0, 0, NULL, NULL, 6, 'GF-511', NULL, 'willy', NULL, '2025-03-25 12:40:27', '2025-03-25 12:40:27'),
(956, 'CMR1-10B-0325-001', NULL, 595, 548, 7, 0, 0, 0, 0, NULL, NULL, 4, 'GF-511', NULL, 'willy', NULL, '2025-03-25 12:40:54', '2025-03-25 12:40:54'),
(957, 'CMR1-10B-0325-001', NULL, 595, 541, 7, 0, 0, 0, 0, NULL, NULL, 4, 'GF-511', NULL, 'willy', NULL, '2025-03-25 12:41:47', '2025-03-25 12:41:47'),
(958, 'CMR1-02A-0325-001', NULL, 813, 38, 0, 0, 0, 0, 39, NULL, NULL, 5, 'SB-100', NULL, 'willy', NULL, '2025-03-25 12:42:15', '2025-03-25 12:42:15'),
(959, 'CMR1-02A-0325-001', NULL, 813, 5, 3, 0, 30, 0, 0, NULL, NULL, 4, 'B11A', NULL, 'willy', NULL, '2025-03-26 15:27:30', '2025-03-26 15:27:30'),
(960, 'CMR1-02B-0325-001', NULL, 629, 15, 3, 0, 40, 0, 0, NULL, NULL, 3, 'B11A', NULL, 'willy', NULL, '2025-03-26 16:30:03', '2025-03-26 16:30:03'),
(961, 'CMR1-03A-0325-001', NULL, 498, 238, 1, 0, 7, 0, 0, NULL, NULL, 7, 'B11A', NULL, 'willy', NULL, '2025-03-26 16:30:32', '2025-03-26 16:30:32'),
(962, 'CMR1-03B-0325-001', NULL, 388, 135, 2, 0, 50, 0, 0, NULL, NULL, 4, 'B11A', NULL, 'willy', NULL, '2025-03-26 16:31:10', '2025-03-26 16:31:10'),
(963, 'CMR1-04A-0325-001', NULL, 461, 328, 4, 0, 0, 0, 0, NULL, NULL, 7, 'B11A', NULL, 'willy', NULL, '2025-03-26 16:31:50', '2025-03-26 16:31:50'),
(964, 'CMR1-04B-0325-001', NULL, 540, 416, 4, 0, 0, 0, 0, NULL, NULL, 7, 'B11A', NULL, 'willy', NULL, '2025-03-26 16:32:07', '2025-03-26 16:32:07'),
(965, 'CMR1-05A-0325-001', NULL, 562, 420, 3, 0, 0, 0, 0, NULL, NULL, 7, 'B11A', NULL, 'willy', NULL, '2025-03-26 16:32:28', '2025-03-26 16:32:28'),
(966, 'CMR1-05B-0325-001', NULL, 571, 435, 2, 0, 0, 0, 0, NULL, NULL, 7, 'B11A', NULL, 'willy', NULL, '2025-03-26 16:32:48', '2025-03-26 16:32:48'),
(967, 'CMR1-06A-0325-001', NULL, 561, 398, 4, 0, 0, 0, 0, NULL, NULL, 7, 'B11A', NULL, 'willy', NULL, '2025-03-26 16:33:22', '2025-03-26 16:33:22'),
(968, 'CMR1-06B-0325-001', NULL, 644, 478, 3, 0, 0, 0, 0, NULL, NULL, 7, 'B11A', NULL, 'willy', NULL, '2025-03-26 16:33:44', '2025-03-26 16:33:44'),
(969, 'CMR1-07A-0325-001', NULL, 586, 480, 2, 0, 0, 0, 0, NULL, NULL, 7, 'B11A', NULL, 'willy', NULL, '2025-03-26 16:34:05', '2025-03-26 16:34:05'),
(970, 'CMR1-07B-0325-001', NULL, 703, 559, 1, 0, 0, 0, 0, NULL, NULL, 7, 'B11A', NULL, 'willy', NULL, '2025-03-26 16:34:27', '2025-03-26 16:34:27'),
(971, 'CMR1-08A-0325-001', NULL, 730, 519, 3, 0, 0, 0, 0, NULL, NULL, 9, 'B11A', NULL, 'willy', NULL, '2025-03-26 16:34:56', '2025-03-26 16:34:56'),
(972, 'CMR1-08B-0325-001', NULL, 765, 601, 3, 0, 0, 0, 0, NULL, NULL, 9, 'B11A', NULL, 'willy', NULL, '2025-03-26 16:35:26', '2025-03-26 16:35:26'),
(973, 'CMR1-09A-0325-001', NULL, 805, 624, 4, 0, 0, 0, 0, NULL, NULL, 9, 'B11A', NULL, 'willy', NULL, '2025-03-26 16:35:54', '2025-03-26 16:35:54'),
(974, 'CMR1-09B-0325-001', NULL, 760, 624, 6, 0, 0, 0, 0, NULL, NULL, 9, 'GF-511', NULL, 'willy', NULL, '2025-03-26 16:36:19', '2025-03-26 16:36:19'),
(975, 'CMR1-10A-0325-001', NULL, 657, 572, 8, 0, 0, 0, 0, NULL, NULL, 7, 'GF-511', NULL, 'willy', NULL, '2025-03-26 16:36:48', '2025-03-26 16:36:48'),
(976, 'CMR1-10B-0325-001', NULL, 595, 530, 11, 0, 0, 0, 0, NULL, NULL, 6, 'GF-511', NULL, 'willy', NULL, '2025-03-26 16:37:12', '2025-03-26 16:37:12'),
(977, 'CMR1-02B-0325-001', NULL, 629, 5, 0, 0, 10, 0, 0, NULL, NULL, 1, 'B11A', NULL, 'willy', NULL, '2025-03-27 08:34:46', '2025-03-27 08:34:46'),
(978, 'CMR1-03A-0325-001', NULL, 498, 187, 1, 0, 50, 0, 0, NULL, NULL, 7, 'B11A', NULL, 'willy', NULL, '2025-03-27 08:35:32', '2025-03-27 08:35:32'),
(979, 'CMR1-03B-0325-001', NULL, 388, 103, 2, 0, 30, 0, 0, NULL, NULL, 5, 'B11A', NULL, 'willy', NULL, '2025-03-27 08:36:13', '2025-03-27 08:36:13'),
(980, 'CMR1-04A-0325-001', NULL, 461, 324, 4, 0, 0, 0, 7, NULL, NULL, 7, 'B11A', NULL, 'willy', NULL, '2025-03-27 08:36:36', '2025-03-27 08:36:36'),
(981, 'CMR1-04B-0325-001', NULL, 540, 412, 4, 0, 0, 0, 0, NULL, NULL, 7, 'B11A', NULL, 'willy', NULL, '2025-03-27 08:38:06', '2025-03-27 08:38:06'),
(982, 'CMR1-05A-0325-001', NULL, 562, 417, 3, 0, 0, 0, 0, NULL, NULL, 8, 'SB-100', NULL, 'willy', NULL, '2025-03-27 08:38:42', '2025-03-27 08:38:42'),
(983, 'CMR1-05B-0325-001', NULL, 571, 433, 2, 0, 0, 0, 0, NULL, NULL, 8, 'B11A', NULL, 'willy', NULL, '2025-03-27 08:39:17', '2025-03-27 08:39:17'),
(984, 'CMR1-06A-0325-001', NULL, 561, 394, 4, 0, 0, 0, 0, NULL, NULL, 7, 'B11A', NULL, 'willy', NULL, '2025-03-27 08:39:44', '2025-03-27 08:39:44'),
(985, 'CMR1-06B-0325-001', NULL, 644, 475, 3, 0, 0, 0, 0, NULL, NULL, 7, 'B11A', NULL, 'willy', NULL, '2025-03-27 08:40:09', '2025-03-27 08:40:09'),
(986, 'CMR1-07A-0325-001', NULL, 586, 478, 2, 0, 0, 0, 0, NULL, NULL, 7, 'SB-100', NULL, 'willy', NULL, '2025-03-27 08:40:42', '2025-03-27 08:40:42'),
(987, 'CMR1-07B-0325-001', NULL, 703, 558, 1, 0, 0, 0, 0, NULL, NULL, 7, 'B11A', NULL, 'willy', NULL, '2025-03-27 08:41:12', '2025-03-27 08:41:12'),
(988, 'CMR1-08A-0325-001', NULL, 730, 516, 3, 0, 0, 0, 0, NULL, NULL, 9, 'B11A', NULL, 'willy', NULL, '2025-03-27 08:41:46', '2025-03-27 08:41:46'),
(989, 'CMR1-08B-0325-001', NULL, 765, 598, 3, 0, 0, 0, 0, NULL, NULL, 9, 'B11A', NULL, 'willy', NULL, '2025-03-27 08:42:34', '2025-03-27 08:42:34'),
(990, 'CMR1-09A-0325-001', NULL, 805, 620, 4, 0, 0, 0, 0, NULL, NULL, 9, 'B11A', NULL, 'willy', NULL, '2025-03-27 08:43:03', '2025-03-27 08:43:03'),
(991, 'CMR1-09B-0325-001', NULL, 760, 618, 6, 0, 0, 0, 0, NULL, NULL, 9, 'GF-511', NULL, 'willy', NULL, '2025-03-27 08:43:31', '2025-03-27 08:43:31'),
(992, 'CMR1-10A-0325-001', NULL, 657, 564, 8, 0, 0, 0, 0, NULL, NULL, 7, 'GF-511', NULL, 'willy', NULL, '2025-03-27 08:44:04', '2025-03-27 08:44:04'),
(993, 'CMR1-10B-0325-001', NULL, 595, 519, 11, 0, 0, 0, 0, NULL, NULL, 6, 'B11A', NULL, 'willy', NULL, '2025-03-27 08:44:28', '2025-03-27 08:44:28'),
(994, 'CMR1-02A-0325-001', NULL, 813, 5, 0, 0, 0, 0, 0, NULL, NULL, 4, 'B11A', NULL, 'kaila user', NULL, '2025-04-01 09:06:43', '2025-04-08 09:06:43'),
(995, 'CMR1-02B-0325-001', NULL, 629, 5, 0, 0, 0, 0, 0, NULL, NULL, 4, 'B11A', NULL, 'kaila user', NULL, '2025-04-01 09:07:09', '2025-04-08 09:07:09'),
(996, 'CMR1-03A-0325-001', NULL, 498, 181, 6, 0, 0, 0, 0, NULL, NULL, 25, 'B11A', NULL, 'kaila user', NULL, '2025-04-01 09:08:08', '2025-04-08 09:08:08'),
(997, 'CMR1-03B-0325-001', NULL, 388, 97, 6, 0, 0, 0, 0, NULL, NULL, 15, 'B11A', NULL, 'kaila user', NULL, '2025-04-01 09:09:01', '2025-04-08 09:09:01'),
(998, 'CMR1-04A-0325-001', NULL, 461, 320, 4, 0, 0, 0, 0, NULL, NULL, 28, 'B11A', NULL, 'kaila user', NULL, '2025-04-01 09:09:45', '2025-04-08 09:09:45'),
(999, 'CMR1-04B-0325-001', NULL, 540, 404, 8, 0, 0, 0, 0, NULL, NULL, 28, 'B11A', NULL, 'kaila user', NULL, '2025-04-01 09:10:29', '2025-04-08 09:10:29'),
(1000, 'CMR1-05A-0325-001', NULL, 562, 414, 3, 0, 0, 0, 0, NULL, NULL, 32, 'B11A', NULL, 'kaila user', NULL, '2025-04-01 09:11:06', '2025-04-08 09:11:06'),
(1001, 'CMR1-05B-0325-001', NULL, 571, 422, 11, 0, 0, 0, 0, NULL, NULL, 32, 'B11A', NULL, 'kaila user', NULL, '2025-04-01 09:11:31', '2025-04-08 09:11:31'),
(1002, 'CMR1-06A-0325-001', NULL, 561, 389, 5, 0, 0, 0, 0, NULL, NULL, 28, 'B11A', NULL, 'kaila user', NULL, '2025-04-01 09:12:02', '2025-04-08 09:12:02'),
(1003, 'CMR1-06B-0325-001', NULL, 644, 468, 7, 0, 0, 0, 0, NULL, NULL, 28, 'B11A', NULL, 'kaila user', NULL, '2025-04-01 09:12:32', '2025-04-08 09:12:32'),
(1004, 'CMR1-07A-0325-001', NULL, 586, 473, 5, 0, 0, 0, 0, NULL, NULL, 28, 'B11A', NULL, 'kaila user', NULL, '2025-04-01 09:13:08', '2025-04-08 09:13:08'),
(1005, 'CMR1-07B-0325-001', NULL, 703, 552, 6, 0, 0, 0, 0, NULL, NULL, 28, 'B11A', NULL, 'kaila user', NULL, '2025-04-01 09:13:36', '2025-04-08 09:13:36'),
(1006, 'CMR1-08A-0325-001', NULL, 730, 506, 10, 0, 0, 0, 0, NULL, NULL, 36, 'B11A', NULL, 'kaila user', NULL, '2025-04-01 09:14:02', '2025-04-08 09:14:02'),
(1007, 'CMR1-08B-0325-001', NULL, 765, 592, 6, 0, 0, 0, 0, NULL, NULL, 36, 'B11A', NULL, 'kaila user', NULL, '2025-04-01 09:14:31', '2025-04-08 09:14:31'),
(1008, 'CMR1-09A-0325-001', NULL, 805, 612, 8, 0, 0, 0, 0, NULL, NULL, 36, 'B11A', NULL, 'kaila user', NULL, '2025-04-01 09:15:02', '2025-04-08 09:15:02'),
(1009, 'CMR1-09B-0325-001', NULL, 760, 612, 6, 0, 0, 0, 0, NULL, NULL, 36, 'GF-511', NULL, 'kaila user', NULL, '2025-04-01 09:15:49', '2025-04-08 09:15:49'),
(1010, 'CMR1-10A-0325-001', NULL, 657, 557, 7, 0, 0, 0, 0, NULL, NULL, 24, 'GF-511', NULL, 'kaila user', NULL, '2025-04-01 09:16:14', '2025-04-08 09:16:14'),
(1011, 'CMR1-10B-0325-001', NULL, 595, 505, 14, 0, 0, 0, 0, NULL, NULL, 24, 'GF-511', NULL, 'kaila user', NULL, '2025-04-01 09:37:09', '2025-04-08 09:37:09'),
(1012, 'CMR1-01A-0425-002', NULL, 550, 535, 15, 0, 0, 0, 0, NULL, NULL, 10, 'GF-511', NULL, 'kaila user', NULL, '2025-04-01 09:39:36', '2025-04-08 09:39:36'),
(1013, 'CMR1-01B-0425-002', NULL, 385, 377, 8, 0, 0, 0, 0, NULL, NULL, 6, 'GF-511', NULL, 'kaila user', NULL, '2025-04-01 09:40:05', '2025-04-08 09:40:05'),
(1014, 'CMR1-01A-0425-002', NULL, 550, 522, 13, 0, 0, 0, 0, NULL, NULL, 18, '511P', NULL, 'kaila user', NULL, '2025-04-06 09:27:54', '2025-04-09 09:27:54'),
(1015, 'CMR1-01B-0425-002', NULL, 385, 365, 12, 0, 0, 0, 0, NULL, NULL, 12, '511P', NULL, 'kaila user', NULL, '2025-04-06 09:28:19', '2025-04-09 09:28:19'),
(1016, 'CMR1-02A-0325-001', NULL, 813, 0, 0, 0, 5, 0, 0, NULL, NULL, 0, 'B11A', NULL, 'kaila user', NULL, '2025-04-06 09:30:17', '2025-04-09 09:30:17'),
(1017, 'CMR1-02B-0325-001', NULL, 629, 0, 0, 0, 5, 0, 0, NULL, NULL, 0, 'B11A', NULL, 'kaila user', NULL, '2025-04-06 09:30:49', '2025-04-09 09:30:49'),
(1018, 'CMR1-03A-0325-001', NULL, 498, 125, 6, 0, 50, 0, 0, NULL, NULL, 25, 'B11A', NULL, 'kaila user', NULL, '2025-04-06 09:31:32', '2025-04-09 09:31:32'),
(1019, 'CMR1-03B-0325-001', NULL, 388, 48, 9, 0, 40, 0, 0, NULL, NULL, 20, 'B11A', NULL, 'kaila user', NULL, '2025-04-06 09:32:03', '2025-04-09 09:32:03'),
(1020, 'CMR1-04A-0325-001', NULL, 461, 313, 7, 0, 0, 0, 0, NULL, NULL, 30, 'B11A', NULL, 'kaila user', NULL, '2025-04-06 09:32:25', '2025-04-09 09:32:25'),
(1021, 'CMR1-04B-0325-001', NULL, 540, 391, 13, 0, 0, 0, 0, NULL, NULL, 30, 'B11A', NULL, 'kaila user', NULL, '2025-04-06 09:32:44', '2025-04-09 09:32:44'),
(1022, 'CMR1-05A-0325-001', NULL, 562, 408, 6, 0, 0, 0, 0, NULL, NULL, 35, 'B11A', NULL, 'kaila user', NULL, '2025-04-06 09:33:12', '2025-04-09 09:33:12'),
(1023, 'CMR1-05B-0325-001', NULL, 571, 415, 7, 0, 0, 0, 0, NULL, NULL, 35, 'B11A', NULL, 'kaila user', NULL, '2025-04-06 09:33:33', '2025-04-09 09:33:33'),
(1024, 'CMR1-06A-0325-001', NULL, 561, 378, 11, 0, 0, 0, 0, NULL, NULL, 29, 'B11A', NULL, 'kaila user', NULL, '2025-04-06 09:33:51', '2025-04-09 09:33:51'),
(1025, 'CMR1-06B-0325-001', NULL, 644, 459, 9, 0, 0, 0, 0, NULL, NULL, 26, 'B11A', NULL, 'kaila user', NULL, '2025-04-06 09:34:09', '2025-04-09 09:34:09'),
(1026, 'CMR1-07A-0325-001', NULL, 586, 465, 8, 0, 0, 0, 0, NULL, NULL, 20, 'B11A', NULL, 'kaila user', NULL, '2025-04-06 09:35:30', '2025-04-09 09:35:30'),
(1027, 'CMR1-07B-0325-001', NULL, 703, 538, 14, 0, 0, 0, 0, NULL, NULL, 55, 'GF-511', NULL, 'kaila user', NULL, '2025-04-06 09:35:52', '2025-04-09 09:35:52'),
(1028, 'CMR1-08A-0325-001', NULL, 730, 489, 17, 0, 0, 0, 0, NULL, NULL, 46, 'GF-511', NULL, 'kaila user', NULL, '2025-04-06 09:36:10', '2025-04-09 09:36:10'),
(1029, 'CMR1-08B-0325-001', NULL, 765, 583, 9, 0, 0, 0, 0, NULL, NULL, 45, 'GF-511', NULL, 'kaila user', NULL, '2025-04-06 09:36:43', '2025-04-09 09:36:43'),
(1030, 'CMR1-09A-0325-001', NULL, 805, 601, 11, 0, 0, 0, 0, NULL, NULL, 54, '511P', NULL, 'kaila user', NULL, '2025-04-06 09:37:34', '2025-04-09 09:37:34'),
(1031, 'CMR1-09B-0325-001', NULL, 760, 597, 15, 0, 0, 0, 0, NULL, NULL, 54, '511P', NULL, 'kaila user', NULL, '2025-04-06 09:38:04', '2025-04-09 09:38:04');
INSERT INTO `commercial_details` (`id`, `id_commercial`, `date`, `begining_population`, `last_population`, `depreciation_die`, `depreciation_afkir`, `depreciation_panen`, `move_to`, `total_move`, `recieve_from`, `total_recieve`, `feed`, `feed_name`, `remark`, `inputBy`, `id_vaksin`, `created_at`, `updated_at`) VALUES
(1032, 'CMR1-10A-0325-001', NULL, 657, 540, 17, 0, 0, 0, 0, NULL, NULL, 42, '511P', NULL, 'kaila user', NULL, '2025-04-06 09:38:54', '2025-04-09 09:38:54'),
(1033, 'CMR1-10B-0325-001', NULL, 595, 492, 13, 0, 0, 0, 0, NULL, NULL, 24, '511P', NULL, 'kaila user', NULL, '2025-04-06 09:40:10', '2025-04-09 09:40:10'),
(1034, 'CMR1-01A-0425-002', NULL, 550, 520, 2, 0, 0, 0, 0, NULL, NULL, 4, '511P', NULL, 'kaila user', NULL, '2025-04-07 09:58:52', '2025-04-09 09:58:52'),
(1035, 'CMR1-01B-0425-002', NULL, 385, 363, 2, 0, 0, 0, 0, NULL, NULL, 3, '511P', NULL, 'kaila user', NULL, '2025-04-07 09:59:06', '2025-04-09 09:59:06'),
(1036, 'CMR1-03A-0325-001', NULL, 498, 124, 1, 0, 0, 0, 0, NULL, NULL, 4, '511P', NULL, 'kaila user', NULL, '2025-04-07 09:59:29', '2025-04-09 09:59:29'),
(1037, 'CMR1-03B-0325-001', NULL, 388, 46, 2, 0, 0, 0, 0, NULL, NULL, 1, '511P', NULL, 'kaila user', NULL, '2025-04-07 09:59:53', '2025-04-09 09:59:53'),
(1038, 'CMR1-04A-0325-001', NULL, 461, 311, 2, 0, 0, 0, 0, NULL, NULL, 6, '511P', NULL, 'kaila user', NULL, '2025-04-07 10:00:25', '2025-04-09 10:00:25'),
(1039, 'CMR1-04B-0325-001', NULL, 540, 390, 1, 0, 0, 0, 0, NULL, NULL, 6, '511P', NULL, 'kaila user', NULL, '2025-04-07 10:00:51', '2025-04-09 10:00:51'),
(1040, 'CMR1-05A-0325-001', NULL, 562, 405, 3, 0, 0, 0, 0, NULL, NULL, 6, '511P', NULL, 'kaila user', NULL, '2025-04-07 10:01:21', '2025-04-09 10:01:21'),
(1041, 'CMR1-05B-0325-001', NULL, 571, 411, 4, 0, 0, 0, 0, NULL, NULL, 6, '511P', NULL, 'kaila user', NULL, '2025-04-07 15:48:55', '2025-04-09 15:48:55'),
(1042, 'CMR1-06A-0325-001', NULL, 561, 375, 3, 0, 0, 0, 0, NULL, NULL, 5, '511P', NULL, 'kaila user', NULL, '2025-04-07 15:49:17', '2025-04-09 15:49:17'),
(1043, 'CMR1-06B-0325-001', NULL, 644, 457, 2, 0, 0, 0, 0, NULL, NULL, 6, '511P', NULL, 'kaila user', NULL, '2025-04-07 15:49:41', '2025-04-09 15:49:41'),
(1044, 'CMR1-07A-0325-001', NULL, 586, 461, 4, 0, 0, 0, 0, NULL, NULL, 8, '511P', NULL, 'kaila user', NULL, '2025-04-07 15:50:09', '2025-04-09 15:50:09'),
(1045, 'CMR1-07B-0325-001', NULL, 703, 535, 3, 0, 0, 0, 0, NULL, NULL, 8, '511P', NULL, 'kaila user', NULL, '2025-04-07 15:50:37', '2025-04-09 15:50:37'),
(1046, 'CMR1-08A-0325-001', NULL, 730, 484, 5, 0, 0, 0, 0, NULL, NULL, 7, '511P', NULL, 'kaila user', NULL, '2025-04-07 15:50:59', '2025-04-09 15:50:59'),
(1047, 'CMR1-08B-0325-001', NULL, 765, 581, 2, 0, 0, 0, 0, NULL, NULL, 7, '511P', NULL, 'kaila user', NULL, '2025-04-07 15:51:26', '2025-04-09 15:51:26'),
(1048, 'CMR1-09A-0325-001', NULL, 805, 591, 10, 0, 0, 0, 0, NULL, NULL, 6, '511P', NULL, 'kaila user', NULL, '2025-04-07 15:51:52', '2025-04-09 15:51:52'),
(1049, 'CMR1-09B-0325-001', NULL, 760, 592, 5, 0, 0, 0, 0, NULL, NULL, 5, '511P', NULL, 'kaila user', NULL, '2025-04-07 15:52:19', '2025-04-09 15:52:19'),
(1050, 'CMR1-10A-0325-001', NULL, 657, 536, 4, 0, 0, 0, 0, NULL, NULL, 5, '511P', NULL, 'kaila user', NULL, '2025-04-07 15:52:43', '2025-04-09 15:52:43'),
(1051, 'CMR1-10B-0325-001', NULL, 595, 487, 5, 0, 0, 0, 0, NULL, NULL, 4, '511P', NULL, 'kaila user', NULL, '2025-04-07 15:53:27', '2025-04-09 15:53:27'),
(1052, 'CMR1-01A-0425-002', NULL, 550, 508, 4, 0, 0, 0, 0, NULL, NULL, 3, '511P', NULL, 'kaila user', NULL, '2025-04-08 00:59:16', '2025-04-10 00:59:16'),
(1053, 'CMR1-01B-0425-002', NULL, 385, 357, 6, 0, 0, 0, 0, NULL, NULL, 3, '511P', NULL, 'kaila user', NULL, '2025-04-08 00:59:41', '2025-04-10 00:59:41'),
(1054, 'CMR1-02A-0425-002', NULL, 350, 348, 2, 0, 0, 0, 0, NULL, NULL, 2, '511P', NULL, 'kaila user', NULL, '2025-04-08 02:11:28', '2025-04-10 02:11:28'),
(1055, 'CMR1-03A-0325-001', NULL, 498, 123, 2, 0, 0, 0, 0, NULL, NULL, 5, 'PAR-L', NULL, 'kaila user', NULL, '2025-04-08 02:11:53', '2025-04-10 02:11:53'),
(1056, 'CMR1-03B-0325-001', NULL, 388, 46, 1, 0, 0, 0, 0, NULL, NULL, 2, 'PAR-L', NULL, 'kaila user', NULL, '2025-04-08 02:12:39', '2025-04-10 02:12:39'),
(1057, 'CMR1-04A-0325-001', NULL, 461, 319, 1, 0, 0, 0, 0, NULL, NULL, 6, 'PAR-L', NULL, 'kaila user', NULL, '2025-04-08 02:13:04', '2025-04-10 02:13:04'),
(1058, 'CMR1-04B-0325-001', NULL, 540, 387, 1, 0, 0, 0, 0, NULL, NULL, 7, 'PAR-L', NULL, 'kaila user', NULL, '2025-04-08 02:13:31', '2025-04-10 02:13:31'),
(1059, 'CMR1-05A-0325-001', NULL, 562, 407, 2, 0, 0, 0, 0, NULL, NULL, 6, 'PAR-L', NULL, 'kaila user', NULL, '2025-04-08 02:14:24', '2025-04-10 02:14:24'),
(1060, 'CMR1-05B-0325-001', NULL, 571, 409, 1, 0, 0, 0, 0, NULL, NULL, 6, 'PAR-L', NULL, 'kaila user', NULL, '2025-04-08 02:14:48', '2025-04-10 02:14:48'),
(1061, 'CMR1-06A-0325-001', NULL, 561, 373, 3, 0, 0, 0, 0, NULL, NULL, 5, 'PAR-L', NULL, 'kaila user', NULL, '2025-04-08 02:15:09', '2025-04-10 02:15:09'),
(1062, 'CMR1-06B-0325-001', NULL, 644, 454, 2, 0, 0, 0, 0, NULL, NULL, 6, 'PAR-L', NULL, 'kaila user', NULL, '2025-04-08 02:17:49', '2025-04-10 02:17:49'),
(1063, 'CMR1-07A-0325-001', NULL, 586, 461, 2, 0, 0, 0, 0, NULL, NULL, 6, 'PAR-L', NULL, 'kaila user', NULL, '2025-04-08 02:18:06', '2025-04-10 02:18:06'),
(1064, 'CMR1-07B-0325-001', NULL, 703, 532, 1, 0, 0, 0, 0, NULL, NULL, 8, '511P', NULL, 'kaila user', NULL, '2025-04-08 02:18:43', '2025-04-10 02:18:43'),
(1065, 'CMR1-08A-0325-001', NULL, 730, 495, 1, 0, 0, 0, 0, NULL, NULL, 7, '511P', NULL, 'kaila user', NULL, '2025-04-08 02:19:03', '2025-04-10 02:19:03'),
(1066, 'CMR1-08B-0325-001', NULL, 765, 582, 1, 0, 0, 0, 0, NULL, NULL, 7, '511P', NULL, 'kaila user', NULL, '2025-04-08 02:19:23', '2025-04-10 02:19:23'),
(1067, 'CMR1-09A-0325-001', NULL, 805, 598, 1, 0, 0, 0, 0, NULL, NULL, 6, '511P', NULL, 'kaila user', NULL, '2025-04-08 02:19:42', '2025-04-10 02:19:42'),
(1068, 'CMR1-09B-0325-001', NULL, 760, 591, 2, 0, 0, 0, 0, NULL, NULL, 5, '511P', NULL, 'kaila user', NULL, '2025-04-08 02:20:00', '2025-04-10 02:20:00'),
(1069, 'CMR1-10A-0325-001', NULL, 657, 537, 1, 0, 0, 0, 0, NULL, NULL, 5, '511P', NULL, 'kaila user', NULL, '2025-04-08 02:20:29', '2025-04-10 02:20:29'),
(1070, 'CMR1-10B-0325-001', NULL, 595, 491, 3, 0, 0, 0, 0, NULL, NULL, 4, '511P', NULL, 'kaila user', NULL, '2025-04-08 02:20:48', '2025-04-10 02:20:48'),
(1071, 'CMR1-02A-0425-002', NULL, 350, 335, 0, 0, 0, 35, 13, NULL, NULL, 0, 'PAR-L', NULL, 'kaila user', NULL, '2025-03-21 02:37:21', '2025-04-10 02:37:21'),
(1072, 'CMR1-01A-0425-002', NULL, 550, 516, 0, 0, 0, 0, 0, NULL, NULL, 8, 'GF-511', NULL, 'kaila user', NULL, '2025-03-26 03:21:58', '2025-04-10 03:21:58'),
(1073, 'CMR1-01A-0425-002', '2025-04-09', 550, 506, 2, 0, 0, 0, 0, NULL, NULL, 4, 'B11A', NULL, 'kaila user', NULL, '2025-04-09 00:00:00', '2025-04-11 08:50:26'),
(1074, 'CMR1-01B-0425-002', '2025-04-09', 385, 353, 4, 0, 0, 0, 0, NULL, NULL, 3, 'B11A', NULL, 'kaila user', NULL, '2025-04-09 00:00:00', '2025-04-11 08:50:49'),
(1075, 'CMR1-02A-0425-002', '2025-04-09', 350, 346, 2, 0, 0, 0, 0, NULL, NULL, 3, 'B11A', NULL, 'kaila user', NULL, '2025-04-09 00:00:00', '2025-04-11 08:51:16'),
(1076, 'CMR1-03A-0325-001', '2025-04-09', 498, 25, 1, 0, 97, 0, 0, NULL, NULL, 5, 'B11A', NULL, 'kaila user', NULL, '2025-04-09 00:00:00', '2025-04-11 08:51:48'),
(1077, 'CMR1-03B-0325-001', '2025-04-09', 388, 0, 2, 0, 43, 35, 1, NULL, NULL, 0, 'B11A', NULL, 'kaila user', NULL, '2025-04-09 00:00:00', '2025-04-11 08:54:44'),
(1078, 'CMR1-04A-0325-001', '2025-04-09', 461, 318, 1, 0, 0, 0, 0, NULL, NULL, 6, 'B11A', NULL, 'kaila user', NULL, '2025-04-09 00:00:00', '2025-04-11 08:55:18'),
(1079, 'CMR1-04B-0325-001', '2025-04-09', 540, 386, 1, 0, 0, 0, 0, NULL, NULL, 6, 'B11A', NULL, 'kaila user', NULL, '2025-04-09 00:00:00', '2025-04-11 08:55:54'),
(1080, 'CMR1-05A-0325-001', '2025-04-09', 562, 406, 1, 0, 0, 0, 0, NULL, NULL, 7, 'B11A', NULL, 'kaila user', NULL, '2025-04-09 00:00:00', '2025-04-11 08:56:23'),
(1081, 'CMR1-05B-0325-001', '2025-04-09', 571, 407, 2, 0, 0, 0, 0, NULL, NULL, 7, 'B11A', NULL, 'kaila user', NULL, '2025-04-09 00:00:00', '2025-04-11 08:56:49'),
(1082, 'CMR1-06A-0325-001', '2025-04-09', 561, 371, 2, 0, 0, 0, 0, NULL, NULL, 7, 'B11A', NULL, 'kaila user', NULL, '2025-04-09 00:00:00', '2025-04-11 08:58:50'),
(1083, 'CMR1-06B-0325-001', '2025-04-09', 644, 452, 2, 0, 0, 0, 0, NULL, NULL, 7, 'B11A', NULL, 'kaila user', NULL, '2025-04-09 00:00:00', '2025-04-11 08:59:31'),
(1084, 'CMR1-07A-0325-001', '2025-04-09', 586, 460, 1, 0, 0, 0, 0, NULL, NULL, 7, 'B11A', NULL, 'kaila user', NULL, '2025-04-09 00:00:00', '2025-04-11 08:59:56'),
(1085, 'CMR1-07B-0325-001', '2025-04-09', 703, 530, 2, 0, 0, 0, 0, NULL, NULL, 6, 'B11A', NULL, 'kaila user', NULL, '2025-04-09 00:00:00', '2025-04-11 09:00:30'),
(1086, 'CMR1-08A-0325-001', '2025-04-09', 730, 492, 3, 0, 0, 0, 0, NULL, NULL, 6, 'B11A', NULL, 'kaila user', NULL, '2025-04-09 00:00:00', '2025-04-11 09:01:03'),
(1087, 'CMR1-08B-0325-001', '2025-04-09', 765, 581, 1, 0, 0, 0, 0, NULL, NULL, 6, 'B11A', NULL, 'kaila user', NULL, '2025-04-09 00:00:00', '2025-04-11 09:01:30'),
(1088, 'CMR1-09A-0325-001', '2025-04-09', 805, 596, 2, 0, 0, 0, 0, NULL, NULL, 5, 'B11A', NULL, 'kaila user', NULL, '2025-04-09 00:00:00', '2025-04-11 09:02:44'),
(1089, 'CMR1-09B-0325-001', '2025-04-09', 760, 590, 1, 0, 0, 0, 0, NULL, NULL, 5, 'B11A', NULL, 'kaila user', NULL, '2025-04-09 00:00:00', '2025-04-11 09:03:09'),
(1090, 'CMR1-10A-0325-001', '2025-04-09', 657, 531, 6, 0, 0, 0, 0, NULL, NULL, 5, 'B11A', NULL, 'kaila user', NULL, '2025-04-09 00:00:00', '2025-04-11 09:03:45'),
(1091, 'CMR1-10B-0325-001', '2025-04-09', 595, 489, 2, 0, 0, 0, 0, NULL, NULL, 4, 'B11A', NULL, 'kaila user', NULL, '2025-04-09 00:00:00', '2025-04-11 09:04:07'),
(1092, 'CMR1-PURCHASE-0425-001', '2025-04-11', 0, 20, 0, 0, 0, 0, 0, 0, 0, 0, '0', NULL, 'kaila user', NULL, '2025-04-11 09:45:39', '2025-04-11 09:45:39'),
(1093, 'CMR1-01A-0425-002', '2025-04-10', 550, 504, 2, 0, 0, 0, 0, NULL, NULL, 4, 'B11A', NULL, 'kaila user', NULL, '2025-04-10 00:00:00', '2025-04-12 12:50:36'),
(1094, 'CMR1-01B-0425-002', '2025-04-10', 385, 348, 5, 0, 0, 0, 0, NULL, NULL, 3, 'B11A', NULL, 'kaila user', NULL, '2025-04-10 00:00:00', '2025-04-12 12:51:05'),
(1095, 'CMR1-02A-0425-002', '2025-04-10', 350, 342, 4, 0, 0, 0, 0, NULL, NULL, 3, 'B11A', NULL, 'kaila user', NULL, '2025-04-10 00:00:00', '2025-04-12 12:51:35'),
(1096, 'CMR1-03A-0325-001', '2025-04-10', 498, 23, 2, 0, 0, 0, 0, NULL, NULL, 5, 'B11A', NULL, 'kaila user', NULL, '2025-04-10 00:00:00', '2025-04-12 12:52:04'),
(1097, 'CMR1-04A-0325-001', '2025-04-10', 461, 317, 1, 0, 0, 0, 0, NULL, NULL, 6, 'B11A', NULL, 'kaila user', NULL, '2025-04-10 00:00:00', '2025-04-12 12:52:55'),
(1098, 'CMR1-04B-0325-001', '2025-04-10', 540, 385, 1, 0, 0, 0, 0, NULL, NULL, 6, 'B11A', NULL, 'kaila user', NULL, '2025-04-10 00:00:00', '2025-04-12 12:53:28'),
(1099, 'CMR1-05A-0325-001', '2025-04-10', 562, 405, 1, 0, 0, 0, 0, NULL, NULL, 7, 'B11A', NULL, 'kaila user', NULL, '2025-04-10 00:00:00', '2025-04-12 12:53:55'),
(1100, 'CMR1-05B-0325-001', '2025-04-10', 571, 405, 2, 0, 0, 0, 0, NULL, NULL, 7, 'B11A', NULL, 'kaila user', NULL, '2025-04-10 00:00:00', '2025-04-12 12:54:22'),
(1101, 'CMR1-06A-0325-001', '2025-04-10', 561, 370, 1, 0, 0, 0, 0, NULL, NULL, 7, 'B11A', NULL, 'kaila user', NULL, '2025-04-10 00:00:00', '2025-04-12 12:55:01'),
(1102, 'CMR1-06B-0325-001', '2025-04-10', 644, 449, 3, 0, 0, 0, 0, NULL, NULL, 7, 'B11A', NULL, 'kaila user', NULL, '2025-04-10 00:00:00', '2025-04-12 12:55:32'),
(1103, 'CMR1-07A-0325-001', '2025-04-10', 586, 459, 1, 0, 0, 0, 0, NULL, NULL, 7, 'B11A', NULL, 'kaila user', NULL, '2025-04-10 00:00:00', '2025-04-12 12:56:10'),
(1104, 'CMR1-07B-0325-001', '2025-04-10', 703, 528, 2, 0, 0, 0, 0, NULL, NULL, 6, 'B11A', NULL, 'kaila user', NULL, '2025-04-10 00:00:00', '2025-04-12 12:56:39'),
(1105, 'CMR1-08A-0325-001', '2025-04-10', 730, 490, 2, 0, 0, 0, 0, NULL, NULL, 6, 'B11A', NULL, 'kaila user', NULL, '2025-04-10 00:00:00', '2025-04-12 12:57:10'),
(1106, 'CMR1-08B-0325-001', '2025-04-10', 765, 579, 2, 0, 0, 0, 0, NULL, NULL, 6, 'B11A', NULL, 'kaila user', NULL, '2025-04-10 00:00:00', '2025-04-12 12:57:40'),
(1107, 'CMR1-09A-0325-001', '2025-04-10', 805, 595, 1, 0, 0, 0, 0, NULL, NULL, 5, 'B11A', NULL, 'kaila user', NULL, '2025-04-10 00:00:00', '2025-04-12 12:58:14'),
(1108, 'CMR1-09B-0325-001', '2025-04-10', 760, 588, 2, 0, 0, 0, 0, NULL, NULL, 5, 'B11A', NULL, 'kaila user', NULL, '2025-04-10 00:00:00', '2025-04-12 12:58:43'),
(1109, 'CMR1-10A-0325-001', '2025-04-10', 657, 527, 4, 0, 0, 0, 0, NULL, NULL, 5, 'B11A', NULL, 'kaila user', NULL, '2025-04-10 00:00:00', '2025-04-12 12:59:13'),
(1110, 'CMR1-10B-0325-001', '2025-04-10', 595, 486, 3, 0, 0, 0, 0, NULL, NULL, 4, 'B11A', NULL, 'kaila user', NULL, '2025-04-10 00:00:00', '2025-04-12 12:59:46'),
(1111, 'CMR1-01A-0425-002', '2025-04-11', 550, 503, 1, 0, 0, 0, 0, NULL, NULL, 7, 'B11A', NULL, 'kaila user', NULL, '2025-04-11 00:00:00', '2025-04-12 13:06:22'),
(1112, 'CMR1-01B-0425-002', '2025-04-11', 385, 346, 2, 0, 0, 0, 0, NULL, NULL, 6, 'B11A', NULL, 'kaila user', NULL, '2025-04-11 00:00:00', '2025-04-12 13:06:47'),
(1113, 'CMR1-02A-0425-002', '2025-04-11', 350, 340, 2, 0, 0, 0, 0, NULL, NULL, 5, 'B11A', NULL, 'kaila user', NULL, '2025-04-11 00:00:00', '2025-04-12 13:07:12'),
(1114, 'CMR1-03A-0325-001', '2025-04-11', 498, 18, 5, 0, 0, 0, 0, NULL, NULL, 5, 'B11A', NULL, 'kaila user', NULL, '2025-04-11 00:00:00', '2025-04-12 13:07:37'),
(1115, 'CMR1-04A-0325-001', '2025-04-11', 461, 315, 2, 0, 0, 0, 0, NULL, NULL, 8, 'B11A', NULL, 'kaila user', NULL, '2025-04-11 00:00:00', '2025-04-12 13:08:07'),
(1116, 'CMR1-04B-0325-001', '2025-04-11', 540, 383, 2, 0, 0, 0, 0, NULL, NULL, 10, 'B11A', NULL, 'kaila user', NULL, '2025-04-11 00:00:00', '2025-04-12 13:08:33'),
(1117, 'CMR1-05A-0325-001', '2025-04-11', 562, 403, 2, 0, 0, 0, 0, NULL, NULL, 10, 'B11A', NULL, 'kaila user', NULL, '2025-04-11 00:00:00', '2025-04-12 13:08:56'),
(1118, 'CMR1-05B-0325-001', '2025-04-11', 571, 402, 3, 0, 0, 0, 0, NULL, NULL, 10, 'B11A', NULL, 'kaila user', NULL, '2025-04-11 00:00:00', '2025-04-12 13:09:21'),
(1119, 'CMR1-06A-0325-001', '2025-04-11', 561, 368, 2, 0, 0, 0, 0, NULL, NULL, 10, 'B11A', NULL, 'kaila user', NULL, '2025-04-11 00:00:00', '2025-04-12 13:09:47'),
(1120, 'CMR1-06B-0325-001', '2025-04-11', 644, 447, 2, 0, 0, 0, 0, NULL, NULL, 10, 'B11A', NULL, 'kaila user', NULL, '2025-04-11 00:00:00', '2025-04-12 13:10:15'),
(1121, 'CMR1-07A-0325-001', '2025-04-11', 586, 458, 1, 0, 0, 0, 0, NULL, NULL, 10, 'B11A', NULL, 'kaila user', NULL, '2025-04-11 00:00:00', '2025-04-12 13:11:40'),
(1122, 'CMR1-07B-0325-001', '2025-04-11', 703, 527, 1, 0, 0, 0, 0, NULL, NULL, 9, 'B11A', NULL, 'kaila user', NULL, '2025-04-11 00:00:00', '2025-04-12 13:12:11'),
(1123, 'CMR1-08A-0325-001', '2025-04-11', 730, 487, 3, 0, 0, 0, 0, NULL, NULL, 9, 'B11A', NULL, 'kaila user', NULL, '2025-04-11 00:00:00', '2025-04-12 13:13:02'),
(1124, 'CMR1-08B-0325-001', '2025-04-11', 765, 576, 3, 0, 0, 0, 0, NULL, NULL, 9, 'B11A', NULL, 'kaila user', NULL, '2025-04-11 00:00:00', '2025-04-12 13:13:29'),
(1125, 'CMR1-09A-0325-001', '2025-04-11', 805, 593, 2, 0, 0, 0, 0, NULL, NULL, 8, 'B11A', NULL, 'kaila user', NULL, '2025-04-11 00:00:00', '2025-04-12 13:14:12'),
(1126, 'CMR1-09B-0325-001', '2025-04-11', 760, 585, 3, 0, 0, 0, 0, NULL, NULL, 8, 'B11A', NULL, 'kaila user', NULL, '2025-04-11 00:00:00', '2025-04-12 13:14:43'),
(1127, 'CMR1-10A-0325-001', '2025-04-11', 657, 526, 1, 0, 0, 0, 0, NULL, NULL, 8, 'B11A', NULL, 'kaila user', NULL, '2025-04-11 00:00:00', '2025-04-12 13:15:26'),
(1128, 'CMR1-10B-0325-001', '2025-04-11', 595, 485, 1, 0, 0, 0, 0, NULL, NULL, 7, 'B11A', NULL, 'kaila user', NULL, '2025-04-11 00:00:00', '2025-04-12 13:16:09'),
(1129, 'CMR1-01A-0425-002', '2025-04-12', 550, 499, 4, 0, 0, 0, 0, NULL, NULL, 7, 'B11A', NULL, 'kaila user', NULL, '2025-04-12 00:00:00', '2025-04-13 14:18:20'),
(1130, 'CMR1-01B-0425-002', '2025-04-12', 385, 340, 6, 0, 0, 0, 0, NULL, NULL, 6, 'B11A', NULL, 'kaila user', NULL, '2025-04-12 00:00:00', '2025-04-13 14:19:11'),
(1131, 'CMR1-02A-0425-002', '2025-04-12', 350, 339, 1, 0, 0, 0, 0, NULL, NULL, 6, 'B11A', NULL, 'kaila user', NULL, '2025-04-12 00:00:00', '2025-04-13 14:19:37'),
(1132, 'CMR1-03A-0325-001', '2025-04-12', 498, 17, 1, 0, 0, 0, 0, NULL, NULL, 5, 'B11A', NULL, 'kaila user', NULL, '2025-04-12 00:00:00', '2025-04-13 14:20:10'),
(1133, 'CMR1-04A-0325-001', '2025-04-12', 461, 312, 3, 0, 0, 0, 0, NULL, NULL, 8, 'B11A', NULL, 'kaila user', NULL, '2025-04-12 00:00:00', '2025-04-13 14:20:44'),
(1134, 'CMR1-04B-0325-001', '2025-04-12', 540, 382, 1, 0, 0, 0, 0, NULL, NULL, 10, 'B11A', NULL, 'kaila user', NULL, '2025-04-12 00:00:00', '2025-04-13 14:21:14'),
(1135, 'CMR1-05A-0325-001', '2025-04-12', 562, 400, 3, 0, 0, 0, 0, NULL, NULL, 10, 'B11A', NULL, 'kaila user', NULL, '2025-04-12 00:00:00', '2025-04-13 14:21:47'),
(1136, 'CMR1-05B-0325-001', '2025-04-12', 571, 400, 2, 0, 0, 0, 0, NULL, NULL, 10, 'B11A', NULL, 'kaila user', NULL, '2025-04-12 00:00:00', '2025-04-13 14:22:17'),
(1137, 'CMR1-06A-0325-001', '2025-04-12', 561, 366, 2, 0, 0, 0, 0, NULL, NULL, 10, 'B11A', NULL, 'kaila user', NULL, '2025-04-12 00:00:00', '2025-04-13 14:22:52'),
(1138, 'CMR1-06B-0325-001', '2025-04-12', 644, 447, 0, 0, 0, 0, 0, NULL, NULL, 10, 'B11A', NULL, 'kaila user', NULL, '2025-04-12 00:00:00', '2025-04-13 14:23:23'),
(1139, 'CMR1-07A-0325-001', '2025-04-12', 586, 456, 2, 0, 0, 0, 0, NULL, NULL, 10, 'B11A', NULL, 'kaila user', NULL, '2025-04-12 00:00:00', '2025-04-13 14:23:52'),
(1140, 'CMR1-07B-0325-001', '2025-04-12', 703, 526, 1, 0, 0, 0, 0, NULL, NULL, 9, 'B11A', NULL, 'kaila user', NULL, '2025-04-12 00:00:00', '2025-04-13 14:24:21'),
(1141, 'CMR1-08A-0325-001', '2025-04-12', 730, 486, 1, 0, 0, 0, 0, NULL, NULL, 9, 'B11A', NULL, 'kaila user', NULL, '2025-04-12 00:00:00', '2025-04-13 14:24:49'),
(1142, 'CMR1-08B-0325-001', '2025-04-12', 765, 574, 2, 0, 0, 0, 0, NULL, NULL, 9, 'B11A', NULL, 'kaila user', NULL, '2025-04-12 00:00:00', '2025-04-13 14:25:17'),
(1143, 'CMR1-09A-0325-001', '2025-04-12', 805, 590, 3, 0, 0, 0, 0, NULL, NULL, 8, 'B11A', NULL, 'kaila user', NULL, '2025-04-12 00:00:00', '2025-04-13 14:25:47'),
(1144, 'CMR1-09B-0325-001', '2025-04-12', 760, 581, 4, 0, 0, 0, 0, NULL, NULL, 8, 'B11A', NULL, 'kaila user', NULL, '2025-04-12 00:00:00', '2025-04-13 14:26:34'),
(1145, 'CMR1-10A-0325-001', '2025-04-12', 657, 525, 1, 0, 0, 0, 0, NULL, NULL, 8, 'B11A', NULL, 'kaila user', NULL, '2025-04-12 00:00:00', '2025-04-13 14:27:03'),
(1146, 'CMR1-10B-0325-001', '2025-04-12', 595, 482, 3, 0, 0, 0, 0, NULL, NULL, 7, 'B11A', NULL, 'kaila user', NULL, '2025-04-12 00:00:00', '2025-04-13 14:27:50'),
(1147, 'CMR1-01A-0425-002', '2025-04-13', 550, 496, 3, 0, 0, 0, 0, NULL, NULL, 7, 'B11A', NULL, 'kaila user', NULL, '2025-04-13 00:00:00', '2025-04-14 05:48:36'),
(1148, 'CMR1-01B-0425-002', '2025-04-13', 385, 338, 2, 0, 0, 0, 0, NULL, NULL, 6, 'B11A', NULL, 'kaila user', NULL, '2025-04-13 00:00:00', '2025-04-14 05:49:20'),
(1149, 'CMR1-02A-0425-002', '2025-04-13', 350, 336, 3, 0, 0, 0, 0, NULL, NULL, 6, 'B11A', NULL, 'kaila user', NULL, '2025-04-13 00:00:00', '2025-04-14 05:50:38'),
(1150, 'CMR1-03A-0325-001', '2025-04-13', 498, 16, 1, 0, 0, 0, 0, NULL, NULL, 5, 'B11A', NULL, 'kaila user', NULL, '2025-04-13 00:00:00', '2025-04-14 05:51:30'),
(1151, 'CMR1-04A-0325-001', '2025-04-13', 461, 310, 2, 0, 0, 0, 0, NULL, NULL, 8, 'B11A', NULL, 'kaila user', NULL, '2025-04-13 00:00:00', '2025-04-14 05:52:07'),
(1152, 'CMR1-04B-0325-001', '2025-04-13', 540, 380, 2, 0, 0, 0, 0, NULL, NULL, 10, 'B11A', NULL, 'kaila user', NULL, '2025-04-13 00:00:00', '2025-04-14 05:52:44'),
(1153, 'CMR1-05A-0325-001', '2025-04-13', 562, 399, 1, 0, 0, 0, 0, NULL, NULL, 10, 'B11A', NULL, 'kaila user', NULL, '2025-04-13 00:00:00', '2025-04-14 05:53:09'),
(1154, 'CMR1-05B-0325-001', '2025-04-13', 571, 397, 3, 0, 0, 0, 0, NULL, NULL, 10, 'B11A', NULL, 'kaila user', NULL, '2025-04-13 00:00:00', '2025-04-14 05:53:50'),
(1155, 'CMR1-06A-0325-001', '2025-04-13', 561, 365, 1, 0, 0, 0, 0, NULL, NULL, 10, 'B11A', NULL, 'kaila user', NULL, '2025-04-13 00:00:00', '2025-04-14 05:54:13'),
(1156, 'CMR1-06B-0325-001', '2025-04-13', 644, 446, 1, 0, 0, 0, 0, NULL, NULL, 10, 'B11A', NULL, 'kaila user', NULL, '2025-04-13 00:00:00', '2025-04-14 05:54:38'),
(1157, 'CMR1-07A-0325-001', '2025-04-13', 586, 454, 2, 0, 0, 0, 0, NULL, NULL, 10, 'B11A', NULL, 'kaila user', NULL, '2025-04-13 00:00:00', '2025-04-14 05:55:01'),
(1158, 'CMR1-07B-0325-001', '2025-04-13', 703, 525, 1, 0, 0, 0, 0, NULL, NULL, 9, 'B11A', NULL, 'kaila user', NULL, '2025-04-13 00:00:00', '2025-04-14 05:55:26'),
(1159, 'CMR1-08A-0325-001', '2025-04-13', 730, 485, 1, 0, 0, 0, 0, NULL, NULL, 9, 'B11A', NULL, 'kaila user', NULL, '2025-04-13 00:00:00', '2025-04-14 05:55:52'),
(1160, 'CMR1-08B-0325-001', '2025-04-13', 765, 571, 3, 0, 0, 0, 0, NULL, NULL, 8, 'B11A', NULL, 'kaila user', NULL, '2025-04-13 00:00:00', '2025-04-14 05:56:16'),
(1161, 'CMR1-09A-0325-001', '2025-04-13', 805, 588, 2, 0, 0, 0, 0, NULL, NULL, 8, 'B11A', NULL, 'kaila user', NULL, '2025-04-13 00:00:00', '2025-04-14 05:56:50'),
(1162, 'CMR1-09B-0325-001', '2025-04-13', 760, 579, 2, 0, 0, 0, 0, NULL, NULL, 8, 'B11A', NULL, 'kaila user', NULL, '2025-04-13 00:00:00', '2025-04-14 05:57:13'),
(1163, 'CMR1-10A-0325-001', '2025-04-13', 657, 523, 2, 0, 0, 0, 0, NULL, NULL, 8, 'B11A', NULL, 'kaila user', NULL, '2025-04-13 00:00:00', '2025-04-14 05:57:44'),
(1164, 'CMR1-10B-0325-001', '2025-04-13', 595, 481, 1, 0, 0, 0, 0, NULL, NULL, 7, 'B11A', NULL, 'kaila user', NULL, '2025-04-13 00:00:00', '2025-04-14 05:58:27'),
(1165, 'CMR1-01A-0425-002', '2025-04-14', 550, 493, 3, 0, 0, 0, 0, NULL, NULL, 7, 'B11A', NULL, 'kaila user', NULL, '2025-04-14 00:00:00', '2025-04-15 08:11:52'),
(1166, 'CMR1-01B-0425-002', '2025-04-14', 385, 336, 2, 0, 0, 0, 0, NULL, NULL, 6, 'B11A', NULL, 'kaila user', NULL, '2025-04-14 00:00:00', '2025-04-15 08:12:26'),
(1167, 'CMR1-02A-0425-002', '2025-04-14', 350, 333, 3, 0, 0, 0, 0, NULL, NULL, 6, 'B11A', NULL, 'kaila user', NULL, '2025-04-14 00:00:00', '2025-04-15 08:12:52'),
(1168, 'CMR1-03A-0325-001', '2025-04-14', 498, 16, 0, 0, 0, 0, 0, NULL, NULL, 5, 'B11A', NULL, 'kaila user', NULL, '2025-04-14 00:00:00', '2025-04-15 08:13:52'),
(1169, 'CMR1-04A-0325-001', '2025-04-14', 461, 309, 1, 0, 0, 0, 0, NULL, NULL, 9, 'B11A', NULL, 'kaila user', NULL, '2025-04-14 00:00:00', '2025-04-15 08:14:41'),
(1170, 'CMR1-04B-0325-001', '2025-04-14', 540, 379, 1, 0, 0, 0, 0, NULL, NULL, 9, 'B11A', NULL, 'kaila user', NULL, '2025-04-14 00:00:00', '2025-04-15 08:15:08'),
(1171, 'CMR1-05A-0325-001', '2025-04-14', 562, 397, 2, 0, 0, 0, 0, NULL, NULL, 10, 'B11A', NULL, 'kaila user', NULL, '2025-04-14 00:00:00', '2025-04-15 08:15:41'),
(1172, 'CMR1-05B-0325-001', '2025-04-14', 571, 395, 2, 0, 0, 0, 0, NULL, NULL, 10, 'B11A', NULL, 'kaila user', NULL, '2025-04-14 00:00:00', '2025-04-15 08:16:03'),
(1173, 'CMR1-06A-0325-001', '2025-04-14', 561, 362, 3, 0, 0, 0, 0, NULL, NULL, 10, 'B11A', NULL, 'kaila user', NULL, '2025-04-14 00:00:00', '2025-04-15 08:16:26'),
(1174, 'CMR1-06B-0325-001', '2025-04-14', 644, 444, 2, 0, 0, 0, 0, NULL, NULL, 10, 'B11A', NULL, 'kaila user', NULL, '2025-04-14 00:00:00', '2025-04-15 08:16:59'),
(1175, 'CMR1-07A-0325-001', '2025-04-14', 586, 451, 3, 0, 0, 0, 0, NULL, NULL, 9, 'B11A', NULL, 'kaila user', NULL, '2025-04-14 00:00:00', '2025-04-15 08:17:24'),
(1176, 'CMR1-07B-0325-001', '2025-04-14', 703, 523, 2, 0, 0, 0, 0, NULL, NULL, 9, 'B11A', NULL, 'kaila user', NULL, '2025-04-14 00:00:00', '2025-04-15 08:17:49'),
(1177, 'CMR1-08A-0325-001', '2025-04-14', 730, 483, 2, 0, 0, 0, 0, NULL, NULL, 9, 'B11A', NULL, 'kaila user', NULL, '2025-04-14 00:00:00', '2025-04-15 08:18:49'),
(1178, 'CMR1-08B-0325-001', '2025-04-14', 765, 570, 1, 0, 0, 0, 0, NULL, NULL, 8, 'B11A', NULL, 'kaila user', NULL, '2025-04-14 00:00:00', '2025-04-15 08:19:20'),
(1179, 'CMR1-09A-0325-001', '2025-04-14', 805, 584, 4, 0, 0, 0, 0, NULL, NULL, 8, 'B11A', NULL, 'kaila user', NULL, '2025-04-14 00:00:00', '2025-04-15 08:19:46'),
(1180, 'CMR1-09B-0325-001', '2025-04-14', 760, 577, 2, 0, 0, 0, 0, NULL, NULL, 8, 'B11A', NULL, 'kaila user', NULL, '2025-04-14 00:00:00', '2025-04-15 08:20:18'),
(1181, 'CMR1-10A-0325-001', '2025-04-14', 657, 518, 5, 0, 0, 0, 0, NULL, NULL, 8, 'B11A', NULL, 'kaila user', NULL, '2025-04-14 00:00:00', '2025-04-15 08:20:44'),
(1182, 'CMR1-10B-0325-001', '2025-04-14', 595, 479, 2, 0, 0, 0, 0, NULL, NULL, 7, 'B11A', NULL, 'kaila user', NULL, '2025-04-14 00:00:00', '2025-04-15 08:21:28'),
(1183, 'CMR1-01A-0425-002', '2025-04-15', 550, 491, 2, 0, 0, 0, 0, NULL, NULL, 7, 'B11A', NULL, 'kaila user', NULL, '2025-04-15 00:00:00', '2025-04-16 08:17:18'),
(1184, 'CMR1-01B-0425-002', '2025-04-15', 385, 333, 3, 0, 0, 0, 0, NULL, NULL, 6, 'B11A', NULL, 'kaila user', NULL, '2025-04-15 00:00:00', '2025-04-16 08:17:38'),
(1185, 'CMR1-02A-0425-002', '2025-04-15', 350, 332, 1, 0, 0, 0, 0, NULL, NULL, 6, 'B11A', NULL, 'kaila user', NULL, '2025-04-15 00:00:00', '2025-04-16 08:18:00'),
(1186, 'CMR1-02B-0425-002', '2025-04-15', 335, 331, 4, 0, 0, 0, 0, NULL, NULL, 2, 'B11A', NULL, 'kaila user', NULL, '2025-04-17 03:12:51', '2025-04-17 03:12:51'),
(1187, 'CMR1-03A-0325-001', '2025-04-15', 498, 15, 1, 0, 0, 0, 0, NULL, NULL, 5, 'B11A', NULL, 'kaila user', NULL, '2025-04-15 00:00:00', '2025-04-17 03:13:26'),
(1188, 'CMR1-04A-0325-001', '2025-04-15', 461, 307, 2, 0, 0, 0, 0, NULL, NULL, 9, 'B11A', NULL, 'kaila user', NULL, '2025-04-15 00:00:00', '2025-04-17 03:14:08'),
(1189, 'CMR1-04B-0325-001', '2025-04-15', 540, 377, 2, 0, 0, 0, 0, NULL, NULL, 10, 'B11A', NULL, 'kaila user', NULL, '2025-04-15 00:00:00', '2025-04-17 03:14:32'),
(1190, 'CMR1-05A-0325-001', '2025-04-15', 562, 396, 1, 0, 0, 0, 0, NULL, NULL, 10, 'B11A', NULL, 'kaila user', NULL, '2025-04-15 00:00:00', '2025-04-17 03:15:04'),
(1191, 'CMR1-05B-0325-001', '2025-04-15', 571, 394, 1, 0, 0, 0, 0, NULL, NULL, 10, 'B11A', NULL, 'kaila user', NULL, '2025-04-15 00:00:00', '2025-04-17 03:15:26'),
(1192, 'CMR1-06A-0325-001', '2025-04-15', 561, 360, 2, 0, 0, 0, 0, NULL, NULL, 9, 'B11A', NULL, 'kaila user', NULL, '2025-04-15 00:00:00', '2025-04-17 03:15:52'),
(1193, 'CMR1-06B-0325-001', '2025-04-15', 644, 443, 1, 0, 0, 0, 0, NULL, NULL, 9, 'B11A', NULL, 'kaila user', NULL, '2025-04-15 00:00:00', '2025-04-17 03:16:22'),
(1194, 'CMR1-07A-0325-001', '2025-04-15', 586, 449, 2, 0, 0, 0, 0, NULL, NULL, 9, 'B11A', NULL, 'kaila user', NULL, '2025-04-15 00:00:00', '2025-04-17 03:16:44'),
(1195, 'CMR1-07B-0325-001', '2025-04-15', 703, 520, 3, 0, 0, 0, 0, NULL, NULL, 9, 'B11A', NULL, 'kaila user', NULL, '2025-04-15 00:00:00', '2025-04-17 03:17:10'),
(1196, 'CMR1-08A-0325-001', '2025-04-15', 730, 480, 3, 0, 0, 0, 0, NULL, NULL, 9, 'B11A', NULL, 'kaila user', NULL, '2025-04-15 00:00:00', '2025-04-17 03:17:35'),
(1197, 'CMR1-08B-0325-001', '2025-04-15', 765, 568, 2, 0, 0, 0, 0, NULL, NULL, 8, 'B11A', NULL, 'kaila user', NULL, '2025-04-15 00:00:00', '2025-04-17 03:18:10'),
(1198, 'CMR1-09A-0325-001', '2025-04-15', 805, 581, 3, 0, 0, 0, 0, NULL, NULL, 8, 'B11A', NULL, 'kaila user', NULL, '2025-04-15 00:00:00', '2025-04-17 03:18:39'),
(1199, 'CMR1-09B-0325-001', '2025-04-15', 760, 576, 1, 0, 0, 0, 0, NULL, NULL, 8, 'B11A', NULL, 'kaila user', NULL, '2025-04-15 00:00:00', '2025-04-17 03:19:12'),
(1200, 'CMR1-10A-0325-001', '2025-04-15', 657, 515, 3, 0, 0, 0, 0, NULL, NULL, 8, 'B11A', NULL, 'kaila user', NULL, '2025-04-15 00:00:00', '2025-04-17 03:19:51'),
(1201, 'CMR1-10B-0325-001', '2025-04-15', 595, 477, 2, 0, 0, 0, 0, NULL, NULL, 7, 'B11A', NULL, 'kaila user', NULL, '2025-04-15 00:00:00', '2025-04-17 03:20:17'),
(1202, 'CMR1-01A-0425-002', '2025-04-16', 550, 487, 4, 0, 0, 0, 0, NULL, NULL, 5, '511P', NULL, 'kaila user', NULL, '2025-04-16 00:00:00', '2025-04-17 05:59:42'),
(1203, 'CMR1-01B-0425-002', '2025-04-16', 385, 331, 2, 0, 0, 0, 0, NULL, NULL, 4, '511P', NULL, 'kaila user', NULL, '2025-04-16 00:00:00', '2025-04-17 06:01:15'),
(1204, 'CMR1-02A-0425-002', '2025-04-16', 350, 330, 2, 0, 0, 0, 0, NULL, NULL, 3, '511P', NULL, 'kaila user', NULL, '2025-04-16 00:00:00', '2025-04-17 06:01:49'),
(1205, 'CMR1-03A-0325-001', '2025-04-16', 498, 0, 0, 0, 15, 0, 0, NULL, NULL, 4, 'B11A', NULL, 'kaila user', NULL, '2025-04-16 00:00:00', '2025-04-18 15:00:45'),
(1206, 'CMR1-04A-0325-001', '2025-04-16', 461, 306, 1, 0, 0, 0, 0, NULL, NULL, 13, 'B11A', NULL, 'kaila user', NULL, '2025-04-16 00:00:00', '2025-04-18 15:01:38'),
(1207, 'CMR1-04B-0325-001', '2025-04-16', 540, 375, 2, 0, 0, 0, 0, NULL, NULL, 14, 'B11A', NULL, 'kaila user', NULL, '2025-04-16 00:00:00', '2025-04-18 15:07:32'),
(1208, 'CMR1-05A-0325-001', '2025-04-16', 562, 394, 2, 0, 0, 0, 0, NULL, NULL, 14, 'B11A', NULL, 'kaila user', NULL, '2025-04-16 00:00:00', '2025-04-18 15:08:22'),
(1209, 'CMR1-05B-0325-001', '2025-04-16', 571, 391, 3, 0, 0, 0, 0, NULL, NULL, 13, 'B11A', NULL, 'kaila user', NULL, '2025-04-16 00:00:00', '2025-04-18 15:09:02'),
(1210, 'CMR1-06A-0325-001', '2025-04-16', 561, 359, 1, 0, 0, 0, 0, NULL, NULL, 13, 'B11A', NULL, 'kaila user', NULL, '2025-04-16 00:00:00', '2025-04-18 15:09:32'),
(1211, 'CMR1-06B-0325-001', '2025-04-16', 644, 441, 2, 0, 0, 0, 0, NULL, NULL, 11, 'B11A', NULL, 'kaila user', NULL, '2025-04-16 00:00:00', '2025-04-18 15:10:00'),
(1212, 'CMR1-07A-0325-001', '2025-04-16', 586, 448, 1, 0, 0, 0, 0, NULL, NULL, 11, 'B11A', NULL, 'kaila user', NULL, '2025-04-16 00:00:00', '2025-04-18 15:10:38'),
(1213, 'CMR1-07B-0325-001', '2025-04-16', 703, 518, 2, 0, 0, 0, 0, NULL, NULL, 10, 'B11A', NULL, 'kaila user', NULL, '2025-04-16 00:00:00', '2025-04-18 15:11:13'),
(1214, 'CMR1-08A-0325-001', '2025-04-16', 730, 478, 2, 0, 0, 0, 0, NULL, NULL, 10, 'B11A', NULL, 'kaila user', NULL, '2025-04-16 00:00:00', '2025-04-18 15:11:51'),
(1215, 'CMR1-08B-0325-001', '2025-04-16', 765, 565, 3, 0, 0, 0, 0, NULL, NULL, 9, 'B11A', NULL, 'kaila user', NULL, '2025-04-16 00:00:00', '2025-04-18 15:12:25'),
(1216, 'CMR1-09A-0325-001', '2025-04-16', 805, 579, 2, 0, 0, 0, 0, NULL, NULL, 9, 'B11A', NULL, 'kaila user', NULL, '2025-04-16 00:00:00', '2025-04-18 15:12:55'),
(1217, 'CMR1-09B-0325-001', '2025-04-16', 760, 574, 2, 0, 0, 0, 0, NULL, NULL, 7, 'B11A', NULL, 'kaila user', NULL, '2025-04-16 00:00:00', '2025-04-18 15:13:25'),
(1218, 'CMR1-10A-0325-001', '2025-04-16', 657, 512, 3, 0, 0, 0, 0, NULL, NULL, 7, 'B11A', NULL, 'kaila user', NULL, '2025-04-16 00:00:00', '2025-04-18 15:13:53'),
(1219, 'CMR1-10B-0325-001', '2025-04-16', 595, 474, 3, 0, 0, 0, 0, NULL, NULL, 5, 'B11A', NULL, 'kaila user', NULL, '2025-04-16 00:00:00', '2025-04-18 15:14:43'),
(1220, 'CMR1-01A-0425-002', '2025-04-17', 550, 484, 3, 0, 0, 0, 0, NULL, NULL, 5, '511P', NULL, 'kaila user', NULL, '2025-04-17 00:00:00', '2025-04-18 15:20:01'),
(1221, 'CMR1-01B-0425-002', '2025-04-17', 385, 330, 1, 0, 0, 0, 0, NULL, NULL, 4, '511P', NULL, 'kaila user', NULL, '2025-04-17 00:00:00', '2025-04-18 15:20:26'),
(1222, 'CMR1-02A-0425-002', '2025-04-17', 350, 327, 3, 0, 0, 0, 0, NULL, NULL, 3, '511P', NULL, 'kaila user', NULL, '2025-04-17 00:00:00', '2025-04-18 15:20:56'),
(1223, 'CMR1-04A-0325-001', '2025-04-17', 461, 243, 2, 0, 61, 0, 0, NULL, NULL, 11, 'B11A', NULL, 'kaila user', NULL, '2025-04-17 00:00:00', '2025-04-18 15:24:14'),
(1224, 'CMR1-04B-0325-001', '2025-04-17', 540, 374, 1, 0, 0, 0, 0, NULL, NULL, 16, 'B11A', NULL, 'kaila user', NULL, '2025-04-17 00:00:00', '2025-04-18 15:25:13'),
(1225, 'CMR1-05A-0325-001', '2025-04-17', 562, 391, 3, 0, 0, 0, 0, NULL, NULL, 16, 'B11A', NULL, 'kaila user', NULL, '2025-04-17 00:00:00', '2025-04-18 15:25:48'),
(1226, 'CMR1-05B-0325-001', '2025-04-17', 571, 390, 1, 0, 0, 0, 0, NULL, NULL, 13, 'B11A', NULL, 'kaila user', NULL, '2025-04-17 00:00:00', '2025-04-18 15:26:36'),
(1227, 'CMR1-06A-0325-001', '2025-04-17', 561, 356, 3, 0, 0, 0, 0, NULL, NULL, 13, 'B11A', NULL, 'kaila user', NULL, '2025-04-17 00:00:00', '2025-04-18 15:27:13'),
(1228, 'CMR1-06B-0325-001', '2025-04-17', 644, 440, 1, 0, 0, 0, 0, NULL, NULL, 11, 'B11A', NULL, 'kaila user', NULL, '2025-04-17 00:00:00', '2025-04-18 15:28:05'),
(1229, 'CMR1-07A-0325-001', '2025-04-17', 586, 446, 2, 0, 0, 0, 0, NULL, NULL, 11, 'B11A', NULL, 'kaila user', NULL, '2025-04-17 00:00:00', '2025-04-18 15:28:37'),
(1230, 'CMR1-07B-0325-001', '2025-04-17', 703, 517, 1, 0, 0, 0, 0, NULL, NULL, 10, 'B11A', NULL, 'kaila user', NULL, '2025-04-17 00:00:00', '2025-04-18 15:29:20'),
(1231, 'CMR1-08A-0325-001', '2025-04-17', 730, 475, 3, 0, 0, 0, 0, NULL, NULL, 10, 'B11A', NULL, 'kaila user', NULL, '2025-04-17 00:00:00', '2025-04-18 15:29:47'),
(1232, 'CMR1-08B-0325-001', '2025-04-17', 765, 564, 1, 0, 0, 0, 0, NULL, NULL, 9, 'B11A', NULL, 'kaila user', NULL, '2025-04-17 00:00:00', '2025-04-18 15:30:15'),
(1233, 'CMR1-09A-0325-001', '2025-04-17', 805, 577, 2, 0, 0, 0, 0, NULL, NULL, 9, 'B11A', NULL, 'kaila user', NULL, '2025-04-17 00:00:00', '2025-04-18 15:30:41'),
(1234, 'CMR1-09B-0325-001', '2025-04-17', 760, 572, 2, 0, 0, 0, 0, NULL, NULL, 8, 'B11A', NULL, 'kaila user', NULL, '2025-04-17 00:00:00', '2025-04-18 15:31:11'),
(1235, 'CMR1-10A-0325-001', '2025-04-17', 657, 510, 2, 0, 0, 0, 0, NULL, NULL, 8, 'B11A', NULL, 'kaila user', NULL, '2025-04-17 00:00:00', '2025-04-18 15:31:35'),
(1236, 'CMR1-10B-0325-001', '2025-04-17', 595, 472, 2, 0, 0, 0, 0, NULL, NULL, 5, 'B11A', NULL, 'kaila user', NULL, '2025-04-17 00:00:00', '2025-04-18 15:32:03'),
(1237, 'CMR1-01A-0425-002', '2025-04-19', 550, 479, 5, 0, 0, 0, 0, NULL, NULL, 10, '511P', NULL, 'kaila user', NULL, '2025-04-19 00:00:00', '2025-04-21 16:38:26'),
(1238, 'CMR1-01B-0425-002', '2025-04-19', 385, 327, 3, 0, 0, 0, 0, NULL, NULL, 8, '511P', NULL, 'kaila user', NULL, '2025-04-19 00:00:00', '2025-04-21 16:38:56'),
(1239, 'CMR1-02A-0425-002', '2025-04-19', 350, 324, 3, 0, 0, 0, 0, NULL, NULL, 6, '511P', NULL, 'kaila user', NULL, '2025-04-19 00:00:00', '2025-04-21 16:39:36'),
(1240, 'CMR1-02B-0425-002', '2025-04-19', 335, 321, 10, 0, 0, 0, 0, NULL, NULL, 12, '511P', NULL, 'kaila user', NULL, '2025-04-19 00:00:00', '2025-04-21 16:40:27'),
(1241, 'CMR1-04A-0325-001', '2025-04-19', 461, 242, 1, 0, 0, 0, 0, NULL, NULL, 22, 'B11A', NULL, 'kaila user', NULL, '2025-04-19 00:00:00', '2025-04-21 16:41:09'),
(1242, 'CMR1-04B-0325-001', '2025-04-19', 540, 371, 3, 0, 0, 0, 0, NULL, NULL, 32, 'B11A', NULL, 'kaila user', NULL, '2025-04-19 00:00:00', '2025-04-21 16:41:50'),
(1243, 'CMR1-05A-0325-001', '2025-04-19', 562, 389, 2, 0, 0, 0, 0, NULL, NULL, 32, 'B11A', NULL, 'kaila user', NULL, '2025-04-19 00:00:00', '2025-04-21 16:42:20'),
(1244, 'CMR1-05B-0325-001', '2025-04-19', 571, 386, 4, 0, 0, 0, 0, NULL, NULL, 26, 'B11A', NULL, 'kaila user', NULL, '2025-04-19 00:00:00', '2025-04-21 16:42:57'),
(1245, 'CMR1-06A-0325-001', '2025-04-19', 561, 353, 3, 0, 0, 0, 0, NULL, NULL, 26, 'B11A', NULL, 'kaila user', NULL, '2025-04-19 00:00:00', '2025-04-21 16:43:32'),
(1246, 'CMR1-06B-0325-001', '2025-04-19', 644, 435, 5, 0, 0, 0, 0, NULL, NULL, 22, 'B11A', NULL, 'kaila user', NULL, '2025-04-19 00:00:00', '2025-04-21 16:44:03'),
(1247, 'CMR1-07A-0325-001', '2025-04-19', 586, 442, 4, 0, 0, 0, 0, NULL, NULL, 22, 'B11A', NULL, 'kaila user', NULL, '2025-04-19 00:00:00', '2025-04-21 16:44:32'),
(1248, 'CMR1-07B-0325-001', '2025-04-19', 703, 514, 3, 0, 0, 0, 0, NULL, NULL, 20, 'B11A', NULL, 'kaila user', NULL, '2025-04-19 00:00:00', '2025-04-21 16:45:04'),
(1249, 'CMR1-08A-0325-001', '2025-04-19', 730, 472, 3, 0, 0, 0, 0, NULL, NULL, 20, 'B11A', NULL, 'kaila user', NULL, '2025-04-19 00:00:00', '2025-04-21 16:45:38'),
(1250, 'CMR1-08B-0325-001', '2025-04-19', 765, 560, 4, 0, 0, 0, 0, NULL, NULL, 18, 'B11A', NULL, 'kaila user', NULL, '2025-04-19 00:00:00', '2025-04-21 16:46:26'),
(1251, 'CMR1-09A-0325-001', '2025-04-19', 805, 571, 6, 0, 0, 0, 0, NULL, NULL, 18, 'B11A', NULL, 'kaila user', NULL, '2025-04-19 00:00:00', '2025-04-21 16:47:02'),
(1252, 'CMR1-09B-0325-001', '2025-04-19', 760, 564, 8, 0, 0, 0, 0, NULL, NULL, 16, 'B11A', NULL, 'kaila user', NULL, '2025-04-19 00:00:00', '2025-04-21 16:47:59'),
(1253, 'CMR1-10A-0325-001', '2025-04-19', 657, 506, 4, 0, 0, 0, 0, NULL, NULL, 16, 'B11A', NULL, 'kaila user', NULL, '2025-04-19 00:00:00', '2025-04-21 16:48:45'),
(1254, 'CMR1-10B-0325-001', '2025-04-19', 595, 466, 6, 0, 0, 0, 0, NULL, NULL, 10, 'B11A', NULL, 'kaila user', NULL, '2025-04-19 00:00:00', '2025-04-21 16:49:28'),
(1255, 'CMR1-01A-0425-002', '2025-04-20', 550, 476, 3, 0, 0, 0, 0, NULL, NULL, 6, '511P', NULL, 'kaila user', NULL, '2025-04-20 00:00:00', '2025-04-22 03:35:07'),
(1256, 'CMR1-01B-0425-002', '2025-04-20', 385, 325, 2, 0, 0, 0, 0, NULL, NULL, 6, '511P', NULL, 'kaila user', NULL, '2025-04-20 00:00:00', '2025-04-22 03:35:35'),
(1257, 'CMR1-02A-0425-002', '2025-04-20', 350, 323, 1, 0, 0, 0, 0, NULL, NULL, 4, '511P', NULL, 'kaila user', NULL, '2025-04-20 00:00:00', '2025-04-22 03:36:02'),
(1258, 'CMR1-02B-0425-002', '2025-04-20', 335, 319, 2, 0, 0, 0, 0, NULL, NULL, 4, '511P', NULL, 'kaila user', NULL, '2025-04-20 00:00:00', '2025-04-22 03:36:28'),
(1259, 'CMR1-04A-0325-001', '2025-04-20', 461, 240, 2, 0, 0, 0, 0, NULL, NULL, 6, 'B11A', NULL, 'kaila user', NULL, '2025-04-20 00:00:00', '2025-04-22 03:37:05'),
(1260, 'CMR1-04B-0325-001', '2025-04-20', 540, 371, 0, 0, 0, 0, 0, NULL, NULL, 8, 'B11A', NULL, 'kaila user', NULL, '2025-04-20 00:00:00', '2025-04-22 03:37:43'),
(1261, 'CMR1-05A-0325-001', '2025-04-20', 562, 388, 1, 0, 0, 0, 0, NULL, NULL, 8, 'B11A', NULL, 'kaila user', NULL, '2025-04-20 00:00:00', '2025-04-22 03:38:07'),
(1262, 'CMR1-05B-0325-001', '2025-04-20', 571, 384, 2, 0, 0, 0, 0, NULL, NULL, 7, 'B11A', NULL, 'kaila user', NULL, '2025-04-20 00:00:00', '2025-04-22 03:38:38'),
(1263, 'CMR1-06A-0325-001', '2025-04-20', 561, 350, 3, 0, 0, 0, 0, NULL, NULL, 7, 'B11A', NULL, 'kaila user', NULL, '2025-04-20 00:00:00', '2025-04-22 03:39:11'),
(1264, 'CMR1-06B-0325-001', '2025-04-20', 644, 433, 2, 0, 0, 0, 0, NULL, NULL, 8, 'B11A', NULL, 'kaila user', NULL, '2025-04-20 00:00:00', '2025-04-22 03:39:36'),
(1265, 'CMR1-07A-0325-001', '2025-04-20', 586, 440, 2, 0, 0, 0, 0, NULL, NULL, 8, 'B11A', NULL, 'kaila user', NULL, '2025-04-20 00:00:00', '2025-04-22 03:40:11'),
(1266, 'CMR1-07B-0325-001', '2025-04-20', 703, 513, 1, 0, 0, 0, 0, NULL, NULL, 7, 'B11A', NULL, 'kaila user', NULL, '2025-04-20 00:00:00', '2025-04-22 03:40:40'),
(1267, 'CMR1-08A-0325-001', '2025-04-20', 730, 471, 1, 0, 0, 0, 0, NULL, NULL, 7, 'B11A', NULL, 'kaila user', NULL, '2025-04-20 00:00:00', '2025-04-22 03:41:04'),
(1268, 'CMR1-08B-0325-001', '2025-04-20', 765, 557, 3, 0, 0, 0, 0, NULL, NULL, 7, 'B11A', NULL, 'kaila user', NULL, '2025-04-20 00:00:00', '2025-04-22 03:41:29'),
(1269, 'CMR1-09A-0325-001', '2025-04-20', 805, 569, 2, 0, 0, 0, 0, NULL, NULL, 7, 'B11A', NULL, 'kaila user', NULL, '2025-04-20 00:00:00', '2025-04-22 03:41:54'),
(1270, 'CMR1-09B-0325-001', '2025-04-20', 760, 562, 2, 0, 0, 0, 0, NULL, NULL, 7, 'B11A', NULL, 'kaila user', NULL, '2025-04-20 00:00:00', '2025-04-22 03:42:26'),
(1271, 'CMR1-10A-0325-001', '2025-04-20', 657, 504, 2, 0, 0, 0, 0, NULL, NULL, 7, 'B11A', NULL, 'kaila user', NULL, '2025-04-20 00:00:00', '2025-04-22 03:42:53'),
(1272, 'CMR1-10B-0325-001', '2025-04-20', 595, 464, 2, 0, 0, 0, 0, NULL, NULL, 6, 'B11A', NULL, 'kaila user', NULL, '2025-04-20 00:00:00', '2025-04-22 03:43:17'),
(1273, 'CMR1-01A-0425-002', '2025-04-21', 550, 475, 1, 0, 0, 0, 0, NULL, NULL, 6, 'B11A', NULL, 'kaila user', NULL, '2025-04-21 00:00:00', '2025-04-24 15:29:51'),
(1274, 'CMR1-01B-0425-002', '2025-04-21', 385, 323, 2, 0, 0, 0, 0, NULL, NULL, 6, '511P', NULL, 'kaila user', NULL, '2025-04-21 00:00:00', '2025-04-24 15:30:19'),
(1275, 'CMR1-02A-0425-002', '2025-04-21', 350, 320, 3, 0, 0, 0, 0, NULL, NULL, 3, '511P', NULL, 'kaila user', NULL, '2025-04-21 00:00:00', '2025-04-24 15:30:54'),
(1276, 'CMR1-02B-0425-002', '2025-04-21', 335, 317, 2, 0, 0, 0, 0, NULL, NULL, 3, '511P', NULL, 'kaila user', NULL, '2025-04-21 00:00:00', '2025-04-24 15:31:32'),
(1277, 'CMR1-03A-0425-002', '2025-04-21', 315, 315, 0, 0, 0, 0, 0, NULL, NULL, 2, '511P', NULL, 'kaila user', NULL, '2025-04-21 15:32:28', '2025-04-24 15:32:28'),
(1278, 'CMR1-04A-0325-001', '2025-04-21', 461, 239, 1, 0, 0, 0, 0, NULL, NULL, 6, 'B11A', NULL, 'kaila user', NULL, '2025-04-21 00:00:00', '2025-04-24 15:33:00'),
(1279, 'CMR1-04B-0325-001', '2025-04-21', 540, 370, 1, 0, 0, 0, 0, NULL, NULL, 8, 'B11A', NULL, 'kaila user', NULL, '2025-04-21 00:00:00', '2025-04-24 15:33:36'),
(1280, 'CMR1-05A-0325-001', '2025-04-21', 562, 386, 2, 0, 0, 0, 0, NULL, NULL, 8, 'B11A', NULL, 'kaila user', NULL, '2025-04-21 00:00:00', '2025-04-24 15:34:06'),
(1281, 'CMR1-05B-0325-001', '2025-04-21', 571, 381, 3, 0, 0, 0, 0, NULL, NULL, 7, 'B11A', NULL, 'kaila user', NULL, '2025-04-21 00:00:00', '2025-04-24 15:34:34'),
(1282, 'CMR1-06A-0325-001', '2025-04-21', 561, 348, 2, 0, 0, 0, 0, NULL, NULL, 7, 'B11A', NULL, 'kaila user', NULL, '2025-04-21 00:00:00', '2025-04-24 15:35:09'),
(1283, 'CMR1-06B-0325-001', '2025-04-21', 644, 432, 1, 0, 0, 0, 0, NULL, NULL, 8, 'B11A', NULL, 'kaila user', NULL, '2025-04-21 00:00:00', '2025-04-24 15:35:52'),
(1284, 'CMR1-07A-0325-001', '2025-04-21', 586, 437, 3, 0, 0, 0, 0, NULL, NULL, 8, 'B11A', NULL, 'kaila user', NULL, '2025-04-21 00:00:00', '2025-04-24 15:36:27'),
(1285, 'CMR1-07B-0325-001', '2025-04-21', 703, 511, 2, 0, 0, 0, 0, NULL, NULL, 7, 'B11A', NULL, 'kaila user', NULL, '2025-04-21 00:00:00', '2025-04-24 15:36:57'),
(1286, 'CMR1-08A-0325-001', '2025-04-21', 730, 469, 2, 0, 0, 0, 0, NULL, NULL, 7, 'B11A', NULL, 'kaila user', NULL, '2025-04-21 00:00:00', '2025-04-24 15:37:26'),
(1287, 'CMR1-08B-0325-001', '2025-04-21', 765, 556, 1, 0, 0, 0, 0, NULL, NULL, 7, 'B11A', NULL, 'kaila user', NULL, '2025-04-21 00:00:00', '2025-04-24 15:37:57'),
(1288, 'CMR1-09A-0325-001', '2025-04-21', 805, 568, 1, 0, 0, 0, 0, NULL, NULL, 7, 'B11A', NULL, 'kaila user', NULL, '2025-04-21 00:00:00', '2025-04-24 15:38:26'),
(1289, 'CMR1-09B-0325-001', '2025-04-21', 760, 560, 2, 0, 0, 0, 0, NULL, NULL, 7, 'B11A', NULL, 'kaila user', NULL, '2025-04-21 00:00:00', '2025-04-24 15:38:54'),
(1290, 'CMR1-10A-0325-001', '2025-04-21', 657, 503, 1, 0, 0, 0, 0, NULL, NULL, 7, 'B11A', NULL, 'kaila user', NULL, '2025-04-21 00:00:00', '2025-04-24 15:39:26'),
(1291, 'CMR1-10B-0325-001', '2025-04-21', 595, 462, 2, 0, 0, 0, 0, NULL, NULL, 6, 'B11A', NULL, 'kaila user', NULL, '2025-04-21 00:00:00', '2025-04-24 15:39:54'),
(1292, 'CMR1-01A-0425-002', '2025-04-22', 550, 473, 2, 0, 0, 0, 0, NULL, NULL, 6, '511P', NULL, 'kaila user', NULL, '2025-04-22 00:00:00', '2025-04-24 15:55:11'),
(1293, 'CMR1-01B-0425-002', '2025-04-22', 385, 320, 3, 0, 0, 0, 0, NULL, NULL, 6, '511P', NULL, 'kaila user', NULL, '2025-04-22 00:00:00', '2025-04-24 15:55:41'),
(1294, 'CMR1-02A-0425-002', '2025-04-22', 350, 319, 1, 0, 0, 0, 0, NULL, NULL, 3, '511P', NULL, 'kaila user', NULL, '2025-04-22 00:00:00', '2025-04-24 15:56:11'),
(1295, 'CMR1-02B-0425-002', '2025-04-22', 335, 314, 3, 0, 0, 0, 0, NULL, NULL, 3, '511P', NULL, 'kaila user', NULL, '2025-04-22 00:00:00', '2025-04-25 01:05:05'),
(1296, 'CMR1-04A-0325-001', '2025-04-22', 461, 172, 2, 0, 65, 0, 0, NULL, NULL, 6, 'B11A', NULL, 'kaila user', NULL, '2025-04-22 00:00:00', '2025-04-25 01:17:14'),
(1297, 'CMR1-04B-0325-001', '2025-04-22', 540, 367, 3, 0, 0, 0, 0, NULL, NULL, 8, 'B11A', NULL, 'kaila user', NULL, '2025-04-22 00:00:00', '2025-04-25 01:18:45'),
(1298, 'CMR1-05A-0325-001', '2025-04-22', 562, 384, 2, 0, 0, 0, 0, NULL, NULL, 8, 'B11A', NULL, 'kaila user', NULL, '2025-04-22 00:00:00', '2025-04-25 01:19:11'),
(1299, 'CMR1-05B-0325-001', '2025-04-22', 571, 379, 2, 0, 0, 0, 0, NULL, NULL, 7, 'B11A', NULL, 'kaila user', NULL, '2025-04-22 00:00:00', '2025-04-25 01:19:34'),
(1300, 'CMR1-06A-0325-001', '2025-04-22', 561, 347, 1, 0, 0, 0, 0, NULL, NULL, 7, 'B11A', NULL, 'kaila user', NULL, '2025-04-22 00:00:00', '2025-04-25 01:20:03'),
(1301, 'CMR1-06B-0325-001', '2025-04-22', 644, 430, 2, 0, 0, 0, 0, NULL, NULL, 8, 'B11A', NULL, 'kaila user', NULL, '2025-04-22 00:00:00', '2025-04-25 01:20:29'),
(1302, 'CMR1-07A-0325-001', '2025-04-22', 586, 434, 3, 0, 0, 0, 0, NULL, NULL, 8, 'B11A', NULL, 'kaila user', NULL, '2025-04-22 00:00:00', '2025-04-25 01:20:58'),
(1303, 'CMR1-07B-0325-001', '2025-04-22', 703, 511, 0, 0, 0, 0, 0, NULL, NULL, 7, 'B11A', NULL, 'kaila user', NULL, '2025-04-22 00:00:00', '2025-04-25 01:21:19'),
(1304, 'CMR1-08A-0325-001', '2025-04-22', 730, 468, 1, 0, 0, 0, 0, NULL, NULL, 7, 'B11A', NULL, 'kaila user', NULL, '2025-04-22 00:00:00', '2025-04-25 01:21:40'),
(1305, 'CMR1-08B-0325-001', '2025-04-22', 765, 554, 2, 0, 0, 0, 0, NULL, NULL, 7, 'B11A', NULL, 'kaila user', NULL, '2025-04-22 00:00:00', '2025-04-25 01:22:04'),
(1306, 'CMR1-09A-0325-001', '2025-04-22', 805, 566, 2, 0, 0, 0, 0, NULL, NULL, 7, 'B11A', NULL, 'kaila user', NULL, '2025-04-22 00:00:00', '2025-04-25 01:22:28'),
(1307, 'CMR1-09B-0325-001', '2025-04-22', 760, 559, 1, 0, 0, 0, 0, NULL, NULL, 7, 'B11A', NULL, 'kaila user', NULL, '2025-04-22 00:00:00', '2025-04-25 01:22:51'),
(1308, 'CMR1-10A-0325-001', '2025-04-22', 657, 502, 1, 0, 0, 0, 0, NULL, NULL, 7, 'B11A', NULL, 'kaila user', NULL, '2025-04-22 00:00:00', '2025-04-25 01:23:23'),
(1309, 'CMR1-10B-0325-001', '2025-04-22', 595, 460, 2, 0, 0, 0, 0, NULL, NULL, 6, 'B11A', NULL, 'kaila user', NULL, '2025-04-22 00:00:00', '2025-04-25 01:23:45'),
(1310, 'CMR1-03A-0425-002', '2025-04-22', 315, 313, 2, 0, 0, 0, 0, NULL, NULL, 2, '511P', NULL, 'kaila user', NULL, '2025-04-22 00:00:00', '2025-04-25 01:59:12'),
(1311, 'CMR1-01A-0425-002', '2025-04-23', 550, 472, 1, 0, 0, 0, 0, NULL, NULL, 6, '511P', NULL, 'kaila user', NULL, '2025-04-23 00:00:00', '2025-04-25 03:39:56'),
(1312, 'CMR1-01B-0425-002', '2025-04-23', 385, 318, 2, 0, 0, 0, 0, NULL, NULL, 6, '511P', NULL, 'kaila user', NULL, '2025-04-23 00:00:00', '2025-04-25 03:40:23'),
(1313, 'CMR1-02A-0425-002', '2025-04-23', 350, 318, 1, 0, 0, 0, 0, NULL, NULL, 3, '511P', NULL, 'kaila user', NULL, '2025-04-23 00:00:00', '2025-04-25 03:40:46'),
(1314, 'CMR1-02B-0425-002', '2025-04-23', 335, 309, 5, 0, 0, 0, 0, NULL, NULL, 3, '511P', NULL, 'kaila user', NULL, '2025-04-23 00:00:00', '2025-04-25 03:41:19'),
(1315, 'CMR1-03A-0425-002', '2025-04-23', 315, 310, 3, 0, 0, 0, 0, NULL, NULL, 2, '511P', NULL, 'kaila user', NULL, '2025-04-23 00:00:00', '2025-04-25 03:43:07'),
(1316, 'CMR1-04A-0325-001', '2025-04-23', 461, 171, 1, 0, 0, 0, 0, NULL, NULL, 6, 'B11A', NULL, 'kaila user', NULL, '2025-04-23 00:00:00', '2025-04-25 03:43:47'),
(1317, 'CMR1-04B-0325-001', '2025-04-23', 540, 315, 2, 0, 50, 0, 0, NULL, NULL, 8, 'B11A', NULL, 'kaila user', NULL, '2025-04-23 00:00:00', '2025-04-25 03:44:28'),
(1318, 'CMR1-05A-0325-001', '2025-04-23', 562, 383, 1, 0, 0, 0, 0, NULL, NULL, 8, 'B11A', NULL, 'kaila user', NULL, '2025-04-23 00:00:00', '2025-04-25 03:44:59'),
(1319, 'CMR1-05B-0325-001', '2025-04-23', 571, 376, 3, 0, 0, 0, 0, NULL, NULL, 7, 'B11A', NULL, 'kaila user', NULL, '2025-04-23 00:00:00', '2025-04-25 03:45:29'),
(1320, 'CMR1-06A-0325-001', '2025-04-23', 561, 346, 1, 0, 0, 0, 0, NULL, NULL, 7, 'B11A', NULL, 'kaila user', NULL, '2025-04-23 00:00:00', '2025-04-25 03:45:59'),
(1321, 'CMR1-06B-0325-001', '2025-04-23', 644, 428, 2, 0, 0, 0, 0, NULL, NULL, 8, 'B11A', NULL, 'kaila user', NULL, '2025-04-23 00:00:00', '2025-04-25 03:46:25'),
(1322, 'CMR1-07A-0325-001', '2025-04-23', 586, 430, 4, 0, 0, 0, 0, NULL, NULL, 8, 'B11A', NULL, 'kaila user', NULL, '2025-04-23 00:00:00', '2025-04-25 03:46:49'),
(1323, 'CMR1-07B-0325-001', '2025-04-23', 703, 510, 1, 0, 0, 0, 0, NULL, NULL, 7, 'B11A', NULL, 'kaila user', NULL, '2025-04-23 00:00:00', '2025-04-25 03:47:15'),
(1324, 'CMR1-08A-0325-001', '2025-04-23', 730, 466, 2, 0, 0, 0, 0, NULL, NULL, 7, 'B11A', NULL, 'kaila user', NULL, '2025-04-23 00:00:00', '2025-04-25 03:47:40'),
(1325, 'CMR1-08B-0325-001', '2025-04-23', 765, 553, 1, 0, 0, 0, 0, NULL, NULL, 7, 'B11A', NULL, 'kaila user', NULL, '2025-04-23 00:00:00', '2025-04-25 03:48:17'),
(1326, 'CMR1-09A-0325-001', '2025-04-23', 805, 565, 1, 0, 0, 0, 0, NULL, NULL, 7, 'B11A', NULL, 'kaila user', NULL, '2025-04-23 00:00:00', '2025-04-25 03:48:51'),
(1327, 'CMR1-09B-0325-001', '2025-04-23', 760, 556, 3, 0, 0, 0, 0, NULL, NULL, 7, 'B11A', NULL, 'kaila user', NULL, '2025-04-23 00:00:00', '2025-04-25 03:49:20'),
(1328, 'CMR1-10A-0325-001', '2025-04-23', 657, 500, 2, 0, 0, 0, 0, NULL, NULL, 7, 'B11A', NULL, 'kaila user', NULL, '2025-04-23 00:00:00', '2025-04-25 03:49:53'),
(1329, 'CMR1-10B-0325-001', '2025-04-23', 595, 458, 2, 0, 0, 0, 0, NULL, NULL, 6, 'B11A', NULL, 'kaila user', NULL, '2025-04-23 00:00:00', '2025-04-25 03:50:23'),
(1330, 'CMR1-01A-0425-002', '2025-04-24', 550, 470, 2, 0, 0, 0, 0, NULL, NULL, 6, '511P', NULL, 'kaila user', NULL, '2025-04-24 00:00:00', '2025-04-28 00:37:00'),
(1331, 'CMR1-01B-0425-002', '2025-04-24', 385, 317, 1, 0, 0, 0, 0, NULL, NULL, 6, '511P', NULL, 'kaila user', NULL, '2025-04-24 00:00:00', '2025-04-28 00:37:42'),
(1332, 'CMR1-02A-0425-002', '2025-04-24', 350, 316, 2, 0, 0, 0, 0, NULL, NULL, 3, '511P', NULL, 'kaila user', NULL, '2025-04-24 00:00:00', '2025-04-28 00:38:12'),
(1333, 'CMR1-02B-0425-002', '2025-04-24', 335, 307, 2, 0, 0, 0, 0, NULL, NULL, 3, '511P', NULL, 'kaila user', NULL, '2025-04-24 00:00:00', '2025-04-28 00:42:40'),
(1334, 'CMR1-03A-0425-002', '2025-04-24', 315, 308, 2, 0, 0, 0, 0, NULL, NULL, 2, '511P', NULL, 'kaila user', NULL, '2025-04-24 00:00:00', '2025-04-28 00:43:10'),
(1335, 'CMR1-04A-0325-001', '2025-04-24', 461, 170, 1, 0, 0, 0, 0, NULL, NULL, 6, 'B11A', NULL, 'kaila user', NULL, '2025-04-24 00:00:00', '2025-04-28 00:43:44'),
(1336, 'CMR1-04B-0325-001', '2025-04-24', 540, 314, 1, 0, 0, 0, 0, NULL, NULL, 8, 'B11A', NULL, 'kaila user', NULL, '2025-04-24 00:00:00', '2025-04-28 00:44:13'),
(1337, 'CMR1-05A-0325-001', '2025-04-24', 562, 381, 2, 0, 0, 0, 0, NULL, NULL, 8, 'B11A', NULL, 'kaila user', NULL, '2025-04-24 00:00:00', '2025-04-28 00:44:55'),
(1338, 'CMR1-05B-0325-001', '2025-04-24', 571, 375, 1, 0, 0, 0, 0, NULL, NULL, 7, 'B11A', NULL, 'kaila user', NULL, '2025-04-24 00:00:00', '2025-04-28 00:45:19'),
(1339, 'CMR1-06A-0325-001', '2025-04-24', 561, 344, 2, 0, 0, 0, 0, NULL, NULL, 7, 'B11A', NULL, 'kaila user', NULL, '2025-04-24 00:00:00', '2025-04-28 00:45:54'),
(1340, 'CMR1-06B-0325-001', '2025-04-24', 644, 425, 3, 0, 0, 0, 0, NULL, NULL, 8, 'B11A', NULL, 'kaila user', NULL, '2025-04-24 00:00:00', '2025-04-28 00:46:29'),
(1341, 'CMR1-07A-0325-001', '2025-04-24', 586, 429, 1, 0, 0, 0, 0, NULL, NULL, 8, 'B11A', NULL, 'kaila user', NULL, '2025-04-24 00:00:00', '2025-04-28 00:47:02');
INSERT INTO `commercial_details` (`id`, `id_commercial`, `date`, `begining_population`, `last_population`, `depreciation_die`, `depreciation_afkir`, `depreciation_panen`, `move_to`, `total_move`, `recieve_from`, `total_recieve`, `feed`, `feed_name`, `remark`, `inputBy`, `id_vaksin`, `created_at`, `updated_at`) VALUES
(1342, 'CMR1-07B-0325-001', '2025-04-24', 703, 508, 2, 0, 0, 0, 0, NULL, NULL, 7, 'B11A', NULL, 'kaila user', NULL, '2025-04-24 00:00:00', '2025-04-28 00:47:37'),
(1343, 'CMR1-08A-0325-001', '2025-04-24', 730, 465, 1, 0, 0, 0, 0, NULL, NULL, 7, 'B11A', NULL, 'kaila user', NULL, '2025-04-24 00:00:00', '2025-04-28 00:48:15'),
(1344, 'CMR1-08B-0325-001', '2025-04-24', 765, 551, 2, 0, 0, 0, 0, NULL, NULL, 7, 'B11A', NULL, 'kaila user', NULL, '2025-04-24 00:00:00', '2025-04-28 00:48:42'),
(1345, 'CMR1-09A-0325-001', '2025-04-24', 805, 562, 3, 0, 0, 0, 0, NULL, NULL, 7, 'B11A', NULL, 'kaila user', NULL, '2025-04-24 00:00:00', '2025-04-28 00:49:15'),
(1346, 'CMR1-09B-0325-001', '2025-04-24', 760, 555, 1, 0, 0, 0, 0, NULL, NULL, 7, 'B11A', NULL, 'kaila user', NULL, '2025-04-24 00:00:00', '2025-04-28 00:49:44'),
(1347, 'CMR1-10A-0325-001', '2025-04-24', 657, 498, 2, 0, 0, 0, 0, NULL, NULL, 7, 'B11A', NULL, 'kaila user', NULL, '2025-04-24 00:00:00', '2025-04-28 00:50:10'),
(1348, 'CMR1-10B-0325-001', '2025-04-24', 595, 456, 2, 0, 0, 0, 0, NULL, NULL, 6, 'B11A', NULL, 'kaila user', NULL, '2025-04-24 00:00:00', '2025-04-28 00:50:40'),
(1349, 'CMR1-01A-0425-002', '2025-04-25', 550, 469, 1, 0, 0, 0, 0, NULL, NULL, 6, '511P', NULL, 'kaila user', NULL, '2025-04-25 00:00:00', '2025-04-28 00:57:45'),
(1350, 'CMR1-01B-0425-002', '2025-04-25', 385, 315, 2, 0, 0, 0, 0, NULL, NULL, 6, '511P', NULL, 'kaila user', NULL, '2025-04-25 00:00:00', '2025-04-28 00:58:26'),
(1351, 'CMR1-02A-0425-002', '2025-04-25', 350, 315, 1, 0, 0, 0, 0, NULL, NULL, 3, '511P', NULL, 'kaila user', NULL, '2025-04-25 00:00:00', '2025-04-28 00:58:51'),
(1352, 'CMR1-02B-0425-002', '2025-04-25', 335, 304, 3, 0, 0, 0, 0, NULL, NULL, 3, '511P', NULL, 'kaila user', NULL, '2025-04-25 00:00:00', '2025-04-28 00:59:28'),
(1353, 'CMR1-03A-0425-002', '2025-04-25', 315, 306, 2, 0, 0, 0, 0, NULL, NULL, 2, '511P', NULL, 'kaila user', NULL, '2025-04-25 00:00:00', '2025-04-28 00:59:56'),
(1354, 'CMR1-04A-0325-001', '2025-04-25', 461, 168, 2, 0, 0, 0, 0, NULL, NULL, 6, 'B11A', NULL, 'kaila user', NULL, '2025-04-25 00:00:00', '2025-04-28 01:00:24'),
(1355, 'CMR1-04B-0325-001', '2025-04-25', 540, 312, 2, 0, 0, 0, 0, NULL, NULL, 8, 'B11A', NULL, 'kaila user', NULL, '2025-04-25 00:00:00', '2025-04-28 01:01:03'),
(1356, 'CMR1-05A-0325-001', '2025-04-25', 562, 380, 1, 0, 0, 0, 0, NULL, NULL, 8, 'B11A', NULL, 'kaila user', NULL, '2025-04-25 00:00:00', '2025-04-28 01:06:27'),
(1357, 'CMR1-05B-0325-001', '2025-04-25', 571, 374, 1, 0, 0, 0, 0, NULL, NULL, 7, 'B11A', NULL, 'kaila user', NULL, '2025-04-25 00:00:00', '2025-04-28 01:06:54'),
(1358, 'CMR1-06A-0325-001', '2025-04-25', 561, 341, 3, 0, 0, 0, 0, NULL, NULL, 7, 'B11A', NULL, 'kaila user', NULL, '2025-04-25 00:00:00', '2025-04-28 01:07:37'),
(1359, 'CMR1-06B-0325-001', '2025-04-25', 644, 424, 1, 0, 0, 0, 0, NULL, NULL, 8, 'B11A', NULL, 'kaila user', NULL, '2025-04-25 00:00:00', '2025-04-28 01:08:14'),
(1360, 'CMR1-07A-0325-001', '2025-04-25', 586, 427, 2, 0, 0, 0, 0, NULL, NULL, 8, 'B11A', NULL, 'kaila user', NULL, '2025-04-25 00:00:00', '2025-04-28 01:09:05'),
(1361, 'CMR1-07B-0325-001', '2025-04-25', 703, 507, 1, 0, 0, 0, 0, NULL, NULL, 7, 'B11A', NULL, 'kaila user', NULL, '2025-04-25 00:00:00', '2025-04-28 01:09:36'),
(1362, 'CMR1-08A-0325-001', '2025-04-25', 730, 463, 2, 0, 0, 0, 0, NULL, NULL, 7, 'B11A', NULL, 'kaila user', NULL, '2025-04-25 00:00:00', '2025-04-28 01:10:06'),
(1363, 'CMR1-08B-0325-001', '2025-04-25', 765, 550, 1, 0, 0, 0, 0, NULL, NULL, 7, 'B11A', NULL, 'kaila user', NULL, '2025-04-25 00:00:00', '2025-04-28 01:11:00'),
(1364, 'CMR1-09A-0325-001', '2025-04-25', 805, 560, 2, 0, 0, 0, 0, NULL, NULL, 7, 'B11A', NULL, 'kaila user', NULL, '2025-04-25 00:00:00', '2025-04-28 01:11:50'),
(1365, 'CMR1-09B-0325-001', '2025-04-25', 760, 552, 3, 0, 0, 0, 0, NULL, NULL, 7, 'B11A', NULL, 'kaila user', NULL, '2025-04-25 00:00:00', '2025-04-28 01:12:20'),
(1366, 'CMR1-10A-0325-001', '2025-04-25', 657, 497, 1, 0, 0, 0, 0, NULL, NULL, 7, 'B11A', NULL, 'kaila user', NULL, '2025-04-25 00:00:00', '2025-04-28 01:13:06'),
(1367, 'CMR1-10B-0325-001', '2025-04-25', 595, 455, 1, 0, 0, 0, 0, NULL, NULL, 6, 'B11A', NULL, 'kaila user', NULL, '2025-04-25 00:00:00', '2025-04-28 01:13:33'),
(1368, 'CMR1-01A-0425-002', '2025-04-26', 550, 468, 1, 0, 0, 0, 0, NULL, NULL, 7, '511P', NULL, 'kaila user', NULL, '2025-04-26 00:00:00', '2025-04-28 01:24:11'),
(1369, 'CMR1-01B-0425-002', '2025-04-26', 385, 314, 1, 0, 0, 0, 0, NULL, NULL, 5, '511P', NULL, 'kaila user', NULL, '2025-04-26 00:00:00', '2025-04-28 01:24:40'),
(1370, 'CMR1-02A-0425-002', '2025-04-26', 350, 314, 1, 0, 0, 0, 0, NULL, NULL, 5, '511P', NULL, 'kaila user', NULL, '2025-04-26 00:00:00', '2025-04-28 01:25:07'),
(1371, 'CMR1-02B-0425-002', '2025-04-26', 335, 303, 1, 0, 0, 0, 0, NULL, NULL, 4, '511P', NULL, 'kaila user', NULL, '2025-04-26 00:00:00', '2025-04-28 01:25:31'),
(1372, 'CMR1-03A-0425-002', '2025-04-26', 315, 305, 1, 0, 0, 0, 0, NULL, NULL, 4, '511P', NULL, 'kaila user', NULL, '2025-04-26 00:00:00', '2025-04-28 01:25:58'),
(1373, 'CMR1-04A-0325-001', '2025-04-26', 461, 167, 1, 0, 0, 0, 0, NULL, NULL, 5, 'B11A', NULL, 'kaila user', NULL, '2025-04-26 00:00:00', '2025-04-28 01:26:24'),
(1374, 'CMR1-04B-0325-001', '2025-04-26', 540, 309, 3, 0, 0, 0, 0, NULL, NULL, 7, 'B11A', NULL, 'kaila user', NULL, '2025-04-26 00:00:00', '2025-04-28 01:26:49'),
(1375, 'CMR1-05A-0325-001', '2025-04-26', 562, 378, 2, 0, 0, 0, 0, NULL, NULL, 8, 'B11A', NULL, 'kaila user', NULL, '2025-04-26 00:00:00', '2025-04-28 01:27:17'),
(1376, 'CMR1-05B-0325-001', '2025-04-26', 571, 372, 2, 0, 0, 0, 0, NULL, NULL, 8, 'B11A', NULL, 'kaila user', NULL, '2025-04-26 00:00:00', '2025-04-28 01:27:42'),
(1377, 'CMR1-06A-0325-001', '2025-04-26', 561, 340, 1, 0, 0, 0, 0, NULL, NULL, 8, 'B11A', NULL, 'kaila user', NULL, '2025-04-26 00:00:00', '2025-04-28 01:28:16'),
(1378, 'CMR1-06B-0325-001', '2025-04-26', 644, 422, 2, 0, 0, 0, 0, NULL, NULL, 8, 'B11A', NULL, 'kaila user', NULL, '2025-04-26 00:00:00', '2025-04-28 01:28:49'),
(1379, 'CMR1-07A-0325-001', '2025-04-26', 586, 424, 3, 0, 0, 0, 0, NULL, NULL, 8, 'B11A', NULL, 'kaila user', NULL, '2025-04-26 00:00:00', '2025-04-28 01:29:16'),
(1380, 'CMR1-07B-0325-001', '2025-04-26', 703, 505, 2, 0, 0, 0, 0, NULL, NULL, 7, 'B11A', NULL, 'kaila user', NULL, '2025-04-26 00:00:00', '2025-04-28 01:47:34'),
(1381, 'CMR1-08A-0325-001', '2025-04-26', 730, 462, 1, 0, 0, 0, 0, NULL, NULL, 7, 'B11A', NULL, 'kaila user', NULL, '2025-04-26 00:00:00', '2025-04-28 01:48:30'),
(1382, 'CMR1-08B-0325-001', '2025-04-26', 765, 548, 2, 0, 0, 0, 0, NULL, NULL, 7, 'B11A', NULL, 'kaila user', NULL, '2025-04-26 00:00:00', '2025-04-28 01:49:23'),
(1383, 'CMR1-09A-0325-001', '2025-04-26', 805, 559, 1, 0, 0, 0, 0, NULL, NULL, 7, 'B11A', NULL, 'kaila user', NULL, '2025-04-26 00:00:00', '2025-04-28 01:50:01'),
(1384, 'CMR1-09B-0325-001', '2025-04-26', 760, 551, 1, 0, 0, 0, 0, NULL, NULL, 7, 'B11A', NULL, 'kaila user', NULL, '2025-04-26 00:00:00', '2025-04-28 01:50:36'),
(1385, 'CMR1-10A-0325-001', '2025-04-26', 657, 496, 1, 0, 0, 0, 0, NULL, NULL, 7, 'B11A', NULL, 'kaila user', NULL, '2025-04-26 00:00:00', '2025-04-28 01:51:21'),
(1386, 'CMR1-10B-0325-001', '2025-04-26', 595, 452, 3, 0, 0, 0, 0, NULL, NULL, 6, 'B11A', NULL, 'kaila user', NULL, '2025-04-26 00:00:00', '2025-04-28 01:51:53'),
(1387, 'CMR1-01A-0425-002', '2025-04-27', 550, 468, 0, 0, 0, 0, 0, NULL, NULL, 7, '511P', NULL, 'kaila user', NULL, '2025-04-27 00:00:00', '2025-04-28 01:58:13'),
(1388, 'CMR1-01B-0425-002', '2025-04-27', 385, 312, 2, 0, 0, 0, 0, NULL, NULL, 5, '511P', NULL, 'kaila user', NULL, '2025-04-27 00:00:00', '2025-04-28 01:59:25'),
(1389, 'CMR1-02A-0425-002', '2025-04-27', 350, 313, 1, 0, 0, 0, 0, NULL, NULL, 5, '511P', NULL, 'kaila user', NULL, '2025-04-27 00:00:00', '2025-04-28 02:00:03'),
(1390, 'CMR1-02B-0425-002', '2025-04-27', 335, 301, 2, 0, 0, 0, 0, NULL, NULL, 4, '511P', NULL, 'kaila user', NULL, '2025-04-27 00:00:00', '2025-04-28 02:00:51'),
(1391, 'CMR1-03A-0425-002', '2025-04-27', 315, 304, 1, 0, 0, 0, 0, NULL, NULL, 4, '511P', NULL, 'kaila user', NULL, '2025-04-27 00:00:00', '2025-04-28 02:01:18'),
(1392, 'CMR1-04A-0325-001', '2025-04-27', 461, 166, 1, 0, 0, 0, 0, NULL, NULL, 5, 'B11A', NULL, 'kaila user', NULL, '2025-04-27 00:00:00', '2025-04-28 02:01:46'),
(1393, 'CMR1-04B-0325-001', '2025-04-27', 540, 307, 2, 0, 0, 0, 0, NULL, NULL, 7, 'B11A', NULL, 'kaila user', NULL, '2025-04-27 00:00:00', '2025-04-28 02:02:15'),
(1394, 'CMR1-05A-0325-001', '2025-04-27', 562, 377, 1, 0, 0, 0, 0, NULL, NULL, 8, 'B11A', NULL, 'kaila user', NULL, '2025-04-27 00:00:00', '2025-04-28 02:02:50'),
(1395, 'CMR1-05B-0325-001', '2025-04-27', 571, 371, 1, 0, 0, 0, 0, NULL, NULL, 8, 'B11A', NULL, 'kaila user', NULL, '2025-04-27 00:00:00', '2025-04-28 02:03:21'),
(1396, 'CMR1-06A-0325-001', '2025-04-27', 561, 338, 2, 0, 0, 0, 0, NULL, NULL, 8, 'B11A', NULL, 'kaila user', NULL, '2025-04-27 00:00:00', '2025-04-28 02:03:49'),
(1397, 'CMR1-06B-0325-001', '2025-04-27', 644, 421, 1, 0, 0, 0, 0, NULL, NULL, 8, 'B11A', NULL, 'kaila user', NULL, '2025-04-27 00:00:00', '2025-04-28 02:04:27');

-- --------------------------------------------------------

--
-- Table structure for table `curr_eggs`
--

CREATE TABLE `curr_eggs` (
  `id` bigint(20) UNSIGNED NOT NULL,
  `id_pen` int(11) NOT NULL,
  `qty` int(11) NOT NULL,
  `cost_egg` decimal(15,2) NOT NULL,
  `created_at` timestamp NULL DEFAULT NULL,
  `updated_at` timestamp NULL DEFAULT NULL
) ENGINE=InnoDB DEFAULT CHARSET=utf8mb4 COLLATE=utf8mb4_unicode_ci;

-- --------------------------------------------------------

--
-- Table structure for table `customers`
--

CREATE TABLE `customers` (
  `id` bigint(20) UNSIGNED NOT NULL,
  `nama_pelanggan` varchar(255) NOT NULL,
  `alamat_pelanggan` varchar(255) NOT NULL,
  `no_telepon_pelanggan` varchar(255) NOT NULL,
  `id_sales` bigint(20) UNSIGNED NOT NULL,
  `id_residence` bigint(20) UNSIGNED NOT NULL,
  `status` varchar(255) NOT NULL DEFAULT 'active',
  `created_at` timestamp NULL DEFAULT NULL,
  `updated_at` timestamp NULL DEFAULT NULL
) ENGINE=InnoDB DEFAULT CHARSET=utf8mb4 COLLATE=utf8mb4_unicode_ci;

--
-- Dumping data for table `customers`
--

INSERT INTO `customers` (`id`, `nama_pelanggan`, `alamat_pelanggan`, `no_telepon_pelanggan`, `id_sales`, `id_residence`, `status`, `created_at`, `updated_at`) VALUES
(1, 'Rudy', 'Residence 28 Unit 5A', '0', 1, 1, 'active', '2025-03-08 04:58:56', '2025-04-24 02:33:01'),
(3, 'Paulus', 'Jl. Ratu Melati 2/E1 No.3, Taman Ratu', '0', 1, 2, 'active', '2025-04-22 08:48:25', '2025-04-22 08:48:25'),
(4, 'Drg. Lies', 'Jl. Surya Wahana 3J No. 2', '0', 1, 3, 'active', '2025-04-22 08:49:34', '2025-04-22 08:49:34'),
(5, 'Andi Jo (Ketua RT 17)', 'Jl. Surya Widuri IV Blok 3 No. 11', '0', 1, 3, 'active', '2025-04-22 08:51:21', '2025-04-22 08:51:21'),
(6, 'Aida', 'Jl. Surya Wahana 3J  No. 8', '0', 1, 3, 'active', '2025-04-22 08:52:17', '2025-04-22 08:52:17'),
(7, 'Chenny', 'Villa Tomang Mas, Jl. Duri Intan Raya Blok T 411, Duri Kepa, Jakarta Barat', '0', 1, 6, 'active', '2025-04-22 08:54:04', '2025-04-22 08:54:04'),
(8, 'Yandana', 'Jl. Layar Permai 4A no. 58, Pantai Indah Kapuk, Jakarta 14460', '0', 4, 9, 'active', '2025-04-22 08:56:08', '2025-04-23 03:56:18'),
(9, 'Sharon', 'Jl. Kedoya Azalea 12 Blok A2 No. 17, Jakarta Barat', '0', 1, 4, 'active', '2025-04-22 09:10:35', '2025-04-22 09:10:35'),
(10, 'Rick', 'Residence 28 Unit 3B', '0', 1, 1, 'active', '2025-04-22 09:26:54', '2025-04-22 09:26:54'),
(11, 'Indrawati', 'Residence 28 Blok 3J', '0', 1, 1, 'active', '2025-04-22 09:27:46', '2025-04-22 09:27:46'),
(12, 'Lenny Kurnia', 'Jl. Surya Widuri 2/3L No. 21 - 22', '0', 1, 3, 'active', '2025-04-22 09:29:32', '2025-04-24 04:16:23'),
(13, 'Yeane', 'Taman Kedoya Baru, Jl. Kedoya Azalea Blok A2 No. 21, Jakarta Barat', '0', 1, 4, 'active', '2025-04-22 09:32:06', '2025-04-22 09:32:06'),
(14, 'Endah', 'Taman Kedoya Baru, Jl. Palma Raya Blok F1No. 1 (Paling Ujung)', '0', 1, 4, 'active', '2025-04-22 09:35:48', '2025-04-22 09:35:48'),
(15, 'Alan', 'Taman Kedoya Baru, Jl. Kedoya Azalea 12 Blok A2 No. 21, Kedoya, Jakarta Barat', '0', 1, 4, 'active', '2025-04-22 09:37:51', '2025-04-22 09:37:51'),
(16, 'Fery', 'Residence 28 Unit 6A', '0', 1, 1, 'active', '2025-04-23 02:52:18', '2025-04-23 02:52:18'),
(17, 'Wiwi', 'Villa Tomang Mas Blok H No. 5', '0', 1, 6, 'active', '2025-04-23 03:02:53', '2025-04-23 03:02:53'),
(18, 'Grace', 'Green Lake City, Jl. Amerika Latin 5 No. 90, Pondok Petir, Cipondoh Tangerang', '0', 1, 7, 'active', '2025-04-24 02:03:17', '2025-04-24 02:03:17'),
(19, 'Patricia', 'Bank DBS Pluit Village, Ruko Pluit Village Blok MG No. 40-41, Pluit Penjaringan', '0', 1, 12, 'active', '2025-04-24 02:07:33', '2025-04-24 02:18:30'),
(20, 'Lucia', 'Jl. Karmel 2 No. D4, Jakarta Barat', '0', 3, 10, 'active', '2025-04-24 02:08:37', '2025-04-24 02:17:01'),
(21, 'Nila', 'Jl. Kencana Elok Barat 1 Blok K8 No. 30, Jakarta Barat', '0', 1, 10, 'active', '2025-04-24 02:09:44', '2025-04-24 02:19:29'),
(22, 'Liany', 'Jl. Katalia Raya No. 28, RT 004 RW 008, Kel. Kota Bambu Utara (Belakang RS. Harapan Kita) ,Tomang', '0', 1, 10, 'active', '2025-04-24 02:11:24', '2025-04-24 02:19:12'),
(23, 'Bakmi Kukuh', 'Jl. Wijaya 1 No. 22, Petogogan, Kebayoran Baru, Jakarta Selatan', '0', 1, 13, 'active', '2025-04-24 02:12:46', '2025-04-24 02:41:18'),
(24, 'Warung Bali Pak Gede', 'Jl. Lebak Bulus 1 No. 55 3 RT 3 RW 4, Cilandak, Jakarta Selatan', '0', 1, 11, 'active', '2025-04-24 02:15:07', '2025-04-24 02:17:26'),
(25, 'Wiwi (Adiknya Murni)', 'Jl. Bawang Merah 1 No. 17, Rawa Buaya, Jakarta Barat', '0', 1, 10, 'active', '2025-04-24 07:49:53', '2025-04-24 07:49:53'),
(26, 'Rick', 'Residence 28 Unit 3B', '0', 2, 1, 'active', '2025-04-25 06:57:27', '2025-04-25 06:57:27'),
(27, 'Indrawati', 'Residence 28 unit 3J', '0', 2, 1, 'active', '2025-04-25 06:59:21', '2025-04-25 06:59:21'),
(28, 'Willy (Ibu)', 'Taman Semanan Indah Blok D1, Jl. Dharma Karya No. 46, Jakarta Barat', '0', 1, 10, 'active', '2025-04-25 07:05:56', '2025-04-25 07:14:54'),
(29, 'Hanny (Ibu)', 'Taman Semanan Indah Blok F3 No. 12, Jakarta Barat', '0', 1, 10, 'active', '2025-04-25 07:15:52', '2025-04-25 07:15:52'),
(30, 'Joyce', 'Jl. Surya Wijaya IV Blok 4A No. 9,Taman Ratu (masuk dari sebelah Resto Gerobak Betawi)', '0', 1, 10, 'active', '2025-04-25 07:18:45', '2025-04-25 07:18:45'),
(31, 'Leny', 'Jl. Ametis III No. 60, Permata Hijau, Jakarta Selatan', '0', 1, 11, 'active', '2025-04-25 07:20:00', '2025-04-25 07:20:00'),
(32, 'Ivana', 'Jl. Tanjung Duren Utara IV No. 244', '0', 1, 10, 'active', '2025-04-25 07:22:37', '2025-04-25 07:22:37'),
(33, 'Alien', 'Jl. Pengukiran II No. 48 RT 008 RW 003', '0', 4, 10, 'active', '2025-04-25 07:24:25', '2025-04-25 07:24:25'),
(34, 'Akheng', 'Jl. Pengukiran II No. 48 RT 008 RW 003', '0', 4, 10, 'active', '2025-04-25 07:25:09', '2025-04-25 07:25:09'),
(35, 'Evi', 'Jl. Karmel I Blok 15, Kemanggisan', '0', 4, 10, 'active', '2025-04-25 07:26:03', '2025-04-25 07:26:03'),
(36, 'Pi Chiu', 'Jl. Pluit Mas III No. 4B Blok C, Jakarta Utara', '0', 4, 12, 'active', '2025-04-25 07:30:59', '2025-04-25 07:30:59'),
(37, 'Toko Murah Hati (Sie Pin)', 'Jl. Fachrudin No. 177,Tanah Abang, Jakarta Pusat (samping Toko Pahala)', '0', 4, 14, 'active', '2025-04-25 07:33:14', '2025-04-25 07:34:05'),
(38, 'Tiyani', 'Garden Island III No. 11A, Kompl. Garden House PIK, Jakarta Utara', '0', 1, 12, 'active', '2025-04-25 07:38:00', '2025-04-25 07:38:00'),
(39, 'Yanti', 'Jl. Mangga 17 Blok TT No. 483', '0', 1, 10, 'active', '2025-04-25 07:39:41', '2025-04-25 07:39:41'),
(40, 'Christina', 'Jl. Kertosono No. 2, Menteng, Taman Kodok, Jakarta Pusat', '0', 1, 14, 'active', '2025-04-25 07:41:59', '2025-04-25 07:41:59'),
(41, 'Shirly', 'Jakarta Barat', '0', 4, 10, 'active', '2025-04-25 07:43:09', '2025-04-25 07:43:09'),
(42, 'Lucy', 'Residence 1.8, Tower 8/6B', '0', 1, 2, 'active', '2025-04-25 08:09:11', '2025-04-25 08:11:18'),
(43, 'Lisa', 'Residence 1.8 Tower 6', '0', 1, 2, 'active', '2025-04-25 08:10:05', '2025-04-25 08:10:05'),
(44, 'Inggrid', 'Residence 1.8 Tower 1/ 7D', '0', 1, 2, 'active', '2025-04-25 08:10:52', '2025-04-25 08:10:52'),
(45, 'Murni', 'Jl. Surya Widuri IV Blok O.3 No. 21, Kedoya Selatan', '0', 1, 4, 'active', '2025-04-25 08:12:40', '2025-04-25 08:12:40'),
(46, 'Eko', 'Taman Kedoya Baru, Jl. Palma Blok F3', '0', 1, 4, 'active', '2025-04-25 08:13:51', '2025-04-25 08:13:51'),
(47, 'Agnes', 'Taman Kedoya Baru Blok C8 No. 13', '0', 1, 10, 'active', '2025-04-25 08:14:39', '2025-04-25 08:14:39'),
(48, 'Eva', 'Taman Kedoya Baru, Jl. Azalea VII Blok A10 No. 8', '0', 1, 4, 'active', '2025-04-25 08:15:45', '2025-04-25 08:15:45'),
(49, 'Henny', 'Perumahan Intercon Blok E1 No. 77', '0', 1, 10, 'active', '2025-04-25 08:16:57', '2025-04-25 08:16:57'),
(50, 'Maria Iswadarni', 'Kebon Jeruk Baru A3 No. 19', '0', 1, 10, 'active', '2025-04-25 08:18:58', '2025-04-25 08:18:58');

-- --------------------------------------------------------

--
-- Table structure for table `cust_handles`
--

CREATE TABLE `cust_handles` (
  `id` bigint(20) UNSIGNED NOT NULL,
  `nama_sales` varchar(255) NOT NULL,
  `diskon` decimal(15,2) NOT NULL,
  `created_at` timestamp NULL DEFAULT NULL,
  `updated_at` timestamp NULL DEFAULT NULL
) ENGINE=InnoDB DEFAULT CHARSET=utf8mb4 COLLATE=utf8mb4_unicode_ci;

--
-- Dumping data for table `cust_handles`
--

INSERT INTO `cust_handles` (`id`, `nama_sales`, `diskon`, `created_at`, `updated_at`) VALUES
(1, 'Kaila Salsabilla', 0.00, '2025-03-07 08:34:47', '2025-03-08 04:31:33'),
(2, 'Nina', 0.00, '2025-03-07 08:45:08', '2025-04-22 08:23:04'),
(3, 'Daren', 5000.00, '2025-03-07 08:45:09', '2025-04-24 07:28:30'),
(4, 'Camelia', 5000.00, '2025-03-07 08:45:54', '2025-04-24 07:31:37'),
(5, 'Hendri', 0.00, '2025-03-07 08:46:10', '2025-03-08 04:35:10'),
(6, 'Santi N ; Depok', 0.00, '2025-03-07 08:46:28', '2025-03-08 04:43:41'),
(7, 'Haryanto', 0.00, '2025-03-08 04:11:08', '2025-03-08 04:44:34'),
(8, 'Jinyatou', 0.00, '2025-03-08 04:11:30', '2025-03-08 04:45:14'),
(9, 'Ibu Linda', 0.00, '2025-03-08 04:11:48', '2025-03-08 04:45:27');

-- --------------------------------------------------------

--
-- Table structure for table `daily_feeds`
--

CREATE TABLE `daily_feeds` (
  `id` bigint(20) UNSIGNED NOT NULL,
  `id_pen` bigint(20) UNSIGNED NOT NULL,
  `id_pakan` bigint(20) UNSIGNED NOT NULL,
  `qty` decimal(15,2) NOT NULL,
  `stock_feed` decimal(15,2) NOT NULL,
  `created_at` timestamp NULL DEFAULT NULL,
  `updated_at` timestamp NULL DEFAULT NULL
) ENGINE=InnoDB DEFAULT CHARSET=utf8mb4 COLLATE=utf8mb4_unicode_ci;

--
-- Dumping data for table `daily_feeds`
--

INSERT INTO `daily_feeds` (`id`, `id_pen`, `id_pakan`, `qty`, `stock_feed`, `created_at`, `updated_at`) VALUES
(1, 4, 3, 0.00, 375.00, '2025-04-11 07:45:08', '2025-04-11 07:45:08'),
(3, 6, 4, 30.00, 475.00, '2025-04-11 07:59:52', '2025-04-11 07:59:52'),
(4, 5, 4, 50.00, 425.00, '2025-04-11 08:45:54', '2025-04-11 08:45:54'),
(5, 9, 4, 15.00, 410.00, '2025-04-11 08:49:37', '2025-04-11 08:49:37'),
(6, 13, 6, 4.00, 996.00, '2025-04-11 08:50:26', '2025-04-11 08:50:26'),
(7, 14, 6, 3.00, 993.00, '2025-04-11 08:50:49', '2025-04-11 08:50:49'),
(8, 15, 6, 3.00, 990.00, '2025-04-11 08:51:16', '2025-04-11 08:51:16'),
(9, 17, 6, 5.00, 985.00, '2025-04-11 08:51:48', '2025-04-11 08:51:48'),
(10, 18, 6, 0.00, 985.00, '2025-04-11 08:54:44', '2025-04-11 08:54:44'),
(11, 19, 6, 6.00, 979.00, '2025-04-11 08:55:18', '2025-04-11 08:55:18'),
(12, 20, 6, 6.00, 973.00, '2025-04-11 08:55:54', '2025-04-11 08:55:54'),
(13, 21, 6, 7.00, 966.00, '2025-04-11 08:56:23', '2025-04-11 08:56:23'),
(14, 22, 6, 7.00, 959.00, '2025-04-11 08:56:49', '2025-04-11 08:56:49'),
(15, 23, 6, 7.00, 952.00, '2025-04-11 08:58:50', '2025-04-11 08:58:50'),
(16, 24, 6, 7.00, 945.00, '2025-04-11 08:59:31', '2025-04-11 08:59:31'),
(17, 25, 6, 7.00, 938.00, '2025-04-11 08:59:56', '2025-04-11 08:59:56'),
(18, 26, 6, 6.00, 932.00, '2025-04-11 09:00:30', '2025-04-11 09:00:30'),
(19, 27, 6, 6.00, 926.00, '2025-04-11 09:01:03', '2025-04-11 09:01:03'),
(20, 28, 6, 6.00, 920.00, '2025-04-11 09:01:30', '2025-04-11 09:01:30'),
(21, 29, 6, 5.00, 915.00, '2025-04-11 09:02:44', '2025-04-11 09:02:44'),
(22, 30, 6, 5.00, 910.00, '2025-04-11 09:03:09', '2025-04-11 09:03:09'),
(23, 31, 6, 5.00, 905.00, '2025-04-11 09:03:45', '2025-04-11 09:03:45'),
(24, 32, 6, 4.00, 901.00, '2025-04-11 09:04:07', '2025-04-11 09:04:07'),
(25, 3, 3, 25.00, 350.00, '2025-04-12 12:47:23', '2025-04-12 12:47:23'),
(26, 5, 4, 50.00, 360.00, '2025-04-12 12:48:07', '2025-04-12 12:48:07'),
(27, 6, 4, 30.00, 330.00, '2025-04-12 12:48:52', '2025-04-12 12:48:52'),
(28, 9, 4, 20.00, 310.00, '2025-04-12 12:49:30', '2025-04-12 12:49:30'),
(29, 13, 6, 4.00, 896.00, '2025-04-12 12:50:36', '2025-04-12 12:50:36'),
(30, 14, 6, 3.00, 893.00, '2025-04-12 12:51:05', '2025-04-12 12:51:05'),
(31, 15, 6, 3.00, 890.00, '2025-04-12 12:51:35', '2025-04-12 12:51:35'),
(32, 17, 6, 5.00, 885.00, '2025-04-12 12:52:04', '2025-04-12 12:52:04'),
(33, 19, 6, 6.00, 879.00, '2025-04-12 12:52:55', '2025-04-12 12:52:55'),
(34, 20, 6, 6.00, 873.00, '2025-04-12 12:53:28', '2025-04-12 12:53:28'),
(35, 21, 6, 7.00, 866.00, '2025-04-12 12:53:55', '2025-04-12 12:53:55'),
(36, 22, 6, 7.00, 859.00, '2025-04-12 12:54:22', '2025-04-12 12:54:22'),
(37, 23, 6, 7.00, 852.00, '2025-04-12 12:55:01', '2025-04-12 12:55:01'),
(38, 24, 6, 7.00, 845.00, '2025-04-12 12:55:32', '2025-04-12 12:55:32'),
(39, 25, 6, 7.00, 838.00, '2025-04-12 12:56:10', '2025-04-12 12:56:10'),
(40, 26, 6, 6.00, 832.00, '2025-04-12 12:56:39', '2025-04-12 12:56:39'),
(41, 27, 6, 6.00, 826.00, '2025-04-12 12:57:10', '2025-04-12 12:57:10'),
(42, 28, 6, 6.00, 820.00, '2025-04-12 12:57:40', '2025-04-12 12:57:40'),
(43, 29, 6, 5.00, 815.00, '2025-04-12 12:58:14', '2025-04-12 12:58:14'),
(44, 30, 6, 5.00, 810.00, '2025-04-12 12:58:43', '2025-04-12 12:58:43'),
(45, 31, 6, 5.00, 805.00, '2025-04-12 12:59:13', '2025-04-12 12:59:13'),
(46, 32, 6, 4.00, 801.00, '2025-04-12 12:59:46', '2025-04-12 12:59:46'),
(47, 3, 3, 25.00, 325.00, '2025-04-12 13:02:58', '2025-04-12 13:02:58'),
(48, 5, 4, 50.00, 260.00, '2025-04-12 13:03:59', '2025-04-12 13:03:59'),
(49, 6, 4, 30.00, 230.00, '2025-04-12 13:04:30', '2025-04-12 13:04:30'),
(50, 9, 4, 20.00, 210.00, '2025-04-12 13:05:24', '2025-04-12 13:05:24'),
(51, 13, 6, 7.00, 794.00, '2025-04-12 13:06:22', '2025-04-12 13:06:22'),
(52, 14, 6, 6.00, 788.00, '2025-04-12 13:06:47', '2025-04-12 13:06:47'),
(53, 15, 6, 5.00, 783.00, '2025-04-12 13:07:12', '2025-04-12 13:07:12'),
(54, 17, 6, 5.00, 778.00, '2025-04-12 13:07:37', '2025-04-12 13:07:37'),
(55, 19, 6, 8.00, 770.00, '2025-04-12 13:08:07', '2025-04-12 13:08:07'),
(56, 20, 6, 10.00, 760.00, '2025-04-12 13:08:33', '2025-04-12 13:08:33'),
(57, 21, 6, 10.00, 750.00, '2025-04-12 13:08:56', '2025-04-12 13:08:56'),
(58, 22, 6, 10.00, 740.00, '2025-04-12 13:09:21', '2025-04-12 13:09:21'),
(59, 23, 6, 10.00, 730.00, '2025-04-12 13:09:47', '2025-04-12 13:09:47'),
(60, 24, 6, 10.00, 720.00, '2025-04-12 13:10:15', '2025-04-12 13:10:15'),
(61, 25, 6, 10.00, 710.00, '2025-04-12 13:11:40', '2025-04-12 13:11:40'),
(62, 26, 6, 9.00, 701.00, '2025-04-12 13:12:11', '2025-04-12 13:12:11'),
(63, 27, 6, 9.00, 692.00, '2025-04-12 13:13:02', '2025-04-12 13:13:02'),
(64, 28, 6, 9.00, 683.00, '2025-04-12 13:13:29', '2025-04-12 13:13:29'),
(65, 29, 6, 8.00, 675.00, '2025-04-12 13:14:12', '2025-04-12 13:14:12'),
(66, 30, 6, 8.00, 667.00, '2025-04-12 13:14:43', '2025-04-12 13:14:43'),
(67, 31, 6, 8.00, 659.00, '2025-04-12 13:15:26', '2025-04-12 13:15:26'),
(68, 32, 6, 7.00, 652.00, '2025-04-12 13:16:09', '2025-04-12 13:16:09'),
(69, 3, 3, 25.00, 300.00, '2025-04-13 14:14:47', '2025-04-13 14:14:47'),
(70, 5, 4, 50.00, 160.00, '2025-04-13 14:15:39', '2025-04-13 14:15:39'),
(71, 6, 4, 30.00, 130.00, '2025-04-13 14:16:33', '2025-04-13 14:16:33'),
(72, 9, 4, 20.00, 110.00, '2025-04-13 14:17:38', '2025-04-13 14:17:38'),
(73, 13, 6, 7.00, 645.00, '2025-04-13 14:18:20', '2025-04-13 14:18:20'),
(74, 14, 6, 6.00, 639.00, '2025-04-13 14:19:11', '2025-04-13 14:19:11'),
(75, 15, 6, 6.00, 633.00, '2025-04-13 14:19:37', '2025-04-13 14:19:37'),
(76, 17, 6, 5.00, 628.00, '2025-04-13 14:20:10', '2025-04-13 14:20:10'),
(77, 19, 6, 8.00, 620.00, '2025-04-13 14:20:44', '2025-04-13 14:20:44'),
(78, 20, 6, 10.00, 610.00, '2025-04-13 14:21:14', '2025-04-13 14:21:14'),
(79, 21, 6, 10.00, 600.00, '2025-04-13 14:21:47', '2025-04-13 14:21:47'),
(80, 22, 6, 10.00, 590.00, '2025-04-13 14:22:17', '2025-04-13 14:22:17'),
(81, 23, 6, 10.00, 580.00, '2025-04-13 14:22:52', '2025-04-13 14:22:52'),
(82, 24, 6, 10.00, 570.00, '2025-04-13 14:23:23', '2025-04-13 14:23:23'),
(83, 25, 6, 10.00, 560.00, '2025-04-13 14:23:52', '2025-04-13 14:23:52'),
(84, 26, 6, 9.00, 551.00, '2025-04-13 14:24:21', '2025-04-13 14:24:21'),
(85, 27, 6, 9.00, 542.00, '2025-04-13 14:24:49', '2025-04-13 14:24:49'),
(86, 28, 6, 9.00, 533.00, '2025-04-13 14:25:17', '2025-04-13 14:25:17'),
(87, 29, 6, 8.00, 525.00, '2025-04-13 14:25:47', '2025-04-13 14:25:47'),
(88, 30, 6, 8.00, 517.00, '2025-04-13 14:26:34', '2025-04-13 14:26:34'),
(89, 31, 6, 8.00, 509.00, '2025-04-13 14:27:03', '2025-04-13 14:27:03'),
(90, 32, 6, 7.00, 502.00, '2025-04-13 14:27:50', '2025-04-13 14:27:50'),
(91, 3, 3, 50.00, 250.00, '2025-04-14 03:21:10', '2025-04-14 03:21:10'),
(92, 5, 4, 35.00, 75.00, '2025-04-14 04:47:02', '2025-04-14 04:47:02'),
(93, 6, 4, 25.00, 50.00, '2025-04-14 05:47:16', '2025-04-14 05:47:16'),
(94, 9, 4, 15.00, 35.00, '2025-04-14 05:47:50', '2025-04-14 05:47:50'),
(95, 13, 6, 7.00, 495.00, '2025-04-14 05:48:36', '2025-04-14 05:48:36'),
(96, 14, 6, 6.00, 489.00, '2025-04-14 05:49:20', '2025-04-14 05:49:20'),
(97, 15, 6, 6.00, 483.00, '2025-04-14 05:50:38', '2025-04-14 05:50:38'),
(98, 17, 6, 5.00, 478.00, '2025-04-14 05:51:30', '2025-04-14 05:51:30'),
(99, 19, 6, 8.00, 470.00, '2025-04-14 05:52:07', '2025-04-14 05:52:07'),
(100, 20, 6, 10.00, 460.00, '2025-04-14 05:52:44', '2025-04-14 05:52:44'),
(101, 21, 6, 10.00, 450.00, '2025-04-14 05:53:09', '2025-04-14 05:53:09'),
(102, 22, 6, 10.00, 440.00, '2025-04-14 05:53:50', '2025-04-14 05:53:50'),
(103, 23, 6, 10.00, 430.00, '2025-04-14 05:54:13', '2025-04-14 05:54:13'),
(104, 24, 6, 10.00, 420.00, '2025-04-14 05:54:38', '2025-04-14 05:54:38'),
(105, 25, 6, 10.00, 410.00, '2025-04-14 05:55:01', '2025-04-14 05:55:01'),
(106, 26, 6, 9.00, 401.00, '2025-04-14 05:55:26', '2025-04-14 05:55:26'),
(107, 27, 6, 9.00, 392.00, '2025-04-14 05:55:52', '2025-04-14 05:55:52'),
(108, 28, 6, 8.00, 384.00, '2025-04-14 05:56:16', '2025-04-14 05:56:16'),
(109, 29, 6, 8.00, 376.00, '2025-04-14 05:56:50', '2025-04-14 05:56:50'),
(110, 30, 6, 8.00, 368.00, '2025-04-14 05:57:13', '2025-04-14 05:57:13'),
(111, 31, 6, 8.00, 360.00, '2025-04-14 05:57:44', '2025-04-14 05:57:44'),
(112, 32, 6, 7.00, 353.00, '2025-04-14 05:58:27', '2025-04-14 05:58:27'),
(113, 3, 3, 50.00, 550.00, '2025-04-15 08:00:13', '2025-04-15 08:00:13'),
(114, 5, 4, 35.00, 500.00, '2025-04-15 08:04:15', '2025-04-15 08:04:15'),
(115, 6, 4, 25.00, 475.00, '2025-04-15 08:05:07', '2025-04-15 08:05:07'),
(116, 9, 4, 15.00, 460.00, '2025-04-15 08:05:51', '2025-04-15 08:05:51'),
(117, 13, 6, 7.00, 1096.00, '2025-04-15 08:11:52', '2025-04-15 08:11:52'),
(118, 14, 6, 6.00, 1090.00, '2025-04-15 08:12:26', '2025-04-15 08:12:26'),
(119, 15, 6, 6.00, 1084.00, '2025-04-15 08:12:52', '2025-04-15 08:12:52'),
(120, 17, 6, 5.00, 1079.00, '2025-04-15 08:13:52', '2025-04-15 08:13:52'),
(121, 19, 6, 9.00, 1070.00, '2025-04-15 08:14:41', '2025-04-15 08:14:41'),
(122, 20, 6, 9.00, 1061.00, '2025-04-15 08:15:08', '2025-04-15 08:15:08'),
(123, 21, 6, 10.00, 1051.00, '2025-04-15 08:15:41', '2025-04-15 08:15:41'),
(124, 22, 6, 10.00, 1041.00, '2025-04-15 08:16:03', '2025-04-15 08:16:03'),
(125, 23, 6, 10.00, 1031.00, '2025-04-15 08:16:26', '2025-04-15 08:16:26'),
(126, 24, 6, 10.00, 1021.00, '2025-04-15 08:16:59', '2025-04-15 08:16:59'),
(127, 25, 6, 9.00, 1012.00, '2025-04-15 08:17:24', '2025-04-15 08:17:24'),
(128, 26, 6, 9.00, 1003.00, '2025-04-15 08:17:49', '2025-04-15 08:17:49'),
(129, 27, 6, 9.00, 994.00, '2025-04-15 08:18:49', '2025-04-15 08:18:49'),
(130, 28, 6, 8.00, 986.00, '2025-04-15 08:19:20', '2025-04-15 08:19:20'),
(131, 29, 6, 8.00, 978.00, '2025-04-15 08:19:46', '2025-04-15 08:19:46'),
(132, 30, 6, 8.00, 970.00, '2025-04-15 08:20:18', '2025-04-15 08:20:18'),
(133, 31, 6, 8.00, 962.00, '2025-04-15 08:20:44', '2025-04-15 08:20:44'),
(134, 32, 6, 7.00, 955.00, '2025-04-15 08:21:28', '2025-04-15 08:21:28'),
(135, 3, 3, 50.00, 500.00, '2025-04-16 08:13:02', '2025-04-16 08:13:02'),
(136, 5, 3, 35.00, 465.00, '2025-04-16 08:14:04', '2025-04-16 08:14:04'),
(137, 6, 3, 25.00, 440.00, '2025-04-16 08:14:52', '2025-04-16 08:14:52'),
(138, 9, 3, 15.00, 425.00, '2025-04-16 08:15:32', '2025-04-16 08:15:32'),
(139, 13, 6, 7.00, 948.00, '2025-04-16 08:17:18', '2025-04-16 08:17:18'),
(140, 14, 6, 6.00, 942.00, '2025-04-16 08:17:38', '2025-04-16 08:17:38'),
(141, 15, 6, 6.00, 936.00, '2025-04-16 08:18:00', '2025-04-16 08:18:00'),
(142, 16, 6, 2.00, 934.00, '2025-04-17 03:12:51', '2025-04-17 03:12:51'),
(143, 17, 6, 5.00, 929.00, '2025-04-17 03:13:26', '2025-04-17 03:13:26'),
(144, 19, 6, 9.00, 920.00, '2025-04-17 03:14:08', '2025-04-17 03:14:08'),
(145, 20, 6, 10.00, 910.00, '2025-04-17 03:14:32', '2025-04-17 03:14:32'),
(146, 21, 6, 10.00, 900.00, '2025-04-17 03:15:04', '2025-04-17 03:15:04'),
(147, 22, 6, 10.00, 890.00, '2025-04-17 03:15:26', '2025-04-17 03:15:26'),
(148, 23, 6, 9.00, 881.00, '2025-04-17 03:15:52', '2025-04-17 03:15:52'),
(149, 24, 6, 9.00, 872.00, '2025-04-17 03:16:22', '2025-04-17 03:16:22'),
(150, 25, 6, 9.00, 863.00, '2025-04-17 03:16:44', '2025-04-17 03:16:44'),
(151, 26, 6, 9.00, 854.00, '2025-04-17 03:17:10', '2025-04-17 03:17:10'),
(152, 27, 6, 9.00, 845.00, '2025-04-17 03:17:35', '2025-04-17 03:17:35'),
(153, 28, 6, 8.00, 837.00, '2025-04-17 03:18:10', '2025-04-17 03:18:10'),
(154, 29, 6, 8.00, 829.00, '2025-04-17 03:18:39', '2025-04-17 03:18:39'),
(155, 30, 6, 8.00, 821.00, '2025-04-17 03:19:12', '2025-04-17 03:19:12'),
(156, 31, 6, 8.00, 813.00, '2025-04-17 03:19:51', '2025-04-17 03:19:51'),
(157, 32, 6, 7.00, 806.00, '2025-04-17 03:20:17', '2025-04-17 03:20:17'),
(158, 3, 3, 40.00, 385.00, '2025-04-17 03:25:03', '2025-04-17 03:25:03'),
(159, 5, 4, 35.00, 425.00, '2025-04-17 03:26:21', '2025-04-17 03:26:21'),
(160, 6, 4, 25.00, 400.00, '2025-04-17 03:27:04', '2025-04-17 03:27:04'),
(161, 9, 4, 15.00, 385.00, '2025-04-17 03:27:39', '2025-04-17 03:27:39'),
(162, 13, 7, 5.00, 145.00, '2025-04-17 05:59:42', '2025-04-17 05:59:42'),
(163, 14, 7, 4.00, 141.00, '2025-04-17 06:01:15', '2025-04-17 06:01:15'),
(164, 15, 7, 3.00, 138.00, '2025-04-17 06:01:49', '2025-04-17 06:01:49'),
(165, 17, 6, 4.00, 802.00, '2025-04-18 15:00:45', '2025-04-18 15:00:45'),
(166, 19, 6, 13.00, 741.00, '2025-04-18 15:01:38', '2025-04-18 15:01:38'),
(167, 20, 6, 14.00, 727.00, '2025-04-18 15:07:32', '2025-04-18 15:07:32'),
(168, 21, 6, 14.00, 713.00, '2025-04-18 15:08:22', '2025-04-18 15:08:22'),
(169, 22, 6, 13.00, 700.00, '2025-04-18 15:09:02', '2025-04-18 15:09:02'),
(170, 23, 6, 13.00, 687.00, '2025-04-18 15:09:32', '2025-04-18 15:09:32'),
(171, 24, 6, 11.00, 676.00, '2025-04-18 15:10:00', '2025-04-18 15:10:00'),
(172, 25, 6, 11.00, 665.00, '2025-04-18 15:10:38', '2025-04-18 15:10:38'),
(173, 26, 6, 10.00, 655.00, '2025-04-18 15:11:13', '2025-04-18 15:11:13'),
(174, 27, 6, 10.00, 645.00, '2025-04-18 15:11:51', '2025-04-18 15:11:51'),
(175, 28, 6, 9.00, 636.00, '2025-04-18 15:12:25', '2025-04-18 15:12:25'),
(176, 29, 6, 9.00, 627.00, '2025-04-18 15:12:55', '2025-04-18 15:12:55'),
(177, 30, 6, 7.00, 620.00, '2025-04-18 15:13:25', '2025-04-18 15:13:25'),
(178, 31, 6, 7.00, 613.00, '2025-04-18 15:13:53', '2025-04-18 15:13:53'),
(179, 32, 6, 5.00, 608.00, '2025-04-18 15:14:43', '2025-04-18 15:14:43'),
(180, 3, 3, 40.00, 345.00, '2025-04-18 15:16:57', '2025-04-18 15:16:57'),
(181, 5, 4, 35.00, 350.00, '2025-04-18 15:18:02', '2025-04-18 15:18:02'),
(182, 6, 4, 25.00, 325.00, '2025-04-18 15:18:41', '2025-04-18 15:18:41'),
(183, 9, 4, 15.00, 310.00, '2025-04-18 15:19:19', '2025-04-18 15:19:19'),
(184, 13, 7, 5.00, 133.00, '2025-04-18 15:20:01', '2025-04-18 15:20:01'),
(185, 14, 7, 4.00, 129.00, '2025-04-18 15:20:26', '2025-04-18 15:20:26'),
(186, 15, 7, 3.00, 126.00, '2025-04-18 15:20:56', '2025-04-18 15:20:56'),
(187, 19, 6, 11.00, 597.00, '2025-04-18 15:24:14', '2025-04-18 15:24:14'),
(188, 20, 6, 16.00, 581.00, '2025-04-18 15:25:13', '2025-04-18 15:25:13'),
(189, 21, 6, 16.00, 565.00, '2025-04-18 15:25:48', '2025-04-18 15:25:48'),
(190, 22, 6, 13.00, 552.00, '2025-04-18 15:26:36', '2025-04-18 15:26:36'),
(191, 23, 6, 13.00, 539.00, '2025-04-18 15:27:13', '2025-04-18 15:27:13'),
(192, 24, 6, 11.00, 528.00, '2025-04-18 15:28:05', '2025-04-18 15:28:05'),
(193, 25, 6, 11.00, 517.00, '2025-04-18 15:28:37', '2025-04-18 15:28:37'),
(194, 26, 6, 10.00, 507.00, '2025-04-18 15:29:20', '2025-04-18 15:29:20'),
(195, 27, 6, 10.00, 497.00, '2025-04-18 15:29:47', '2025-04-18 15:29:47'),
(196, 28, 6, 9.00, 488.00, '2025-04-18 15:30:15', '2025-04-18 15:30:15'),
(197, 29, 6, 9.00, 479.00, '2025-04-18 15:30:41', '2025-04-18 15:30:41'),
(198, 30, 6, 8.00, 471.00, '2025-04-18 15:31:11', '2025-04-18 15:31:11'),
(199, 31, 6, 8.00, 463.00, '2025-04-18 15:31:35', '2025-04-18 15:31:35'),
(200, 32, 6, 5.00, 458.00, '2025-04-18 15:32:03', '2025-04-18 15:32:03'),
(201, 3, 3, 90.00, 255.00, '2025-04-21 16:31:20', '2025-04-21 16:31:20'),
(202, 5, 4, 70.00, 240.00, '2025-04-21 16:32:31', '2025-04-21 16:32:31'),
(203, 6, 4, 50.00, 190.00, '2025-04-21 16:36:05', '2025-04-21 16:36:05'),
(204, 9, 4, 30.00, 160.00, '2025-04-21 16:37:41', '2025-04-21 16:37:41'),
(205, 13, 7, 10.00, 116.00, '2025-04-21 16:38:26', '2025-04-21 16:38:26'),
(206, 14, 7, 8.00, 108.00, '2025-04-21 16:38:56', '2025-04-21 16:38:56'),
(207, 15, 7, 6.00, 102.00, '2025-04-21 16:39:36', '2025-04-21 16:39:36'),
(208, 16, 7, 12.00, 90.00, '2025-04-21 16:40:27', '2025-04-21 16:40:27'),
(209, 19, 6, 22.00, 436.00, '2025-04-21 16:41:09', '2025-04-21 16:41:09'),
(210, 20, 6, 32.00, 404.00, '2025-04-21 16:41:50', '2025-04-21 16:41:50'),
(211, 21, 6, 32.00, 372.00, '2025-04-21 16:42:20', '2025-04-21 16:42:20'),
(212, 22, 6, 26.00, 346.00, '2025-04-21 16:42:57', '2025-04-21 16:42:57'),
(213, 23, 6, 26.00, 320.00, '2025-04-21 16:43:32', '2025-04-21 16:43:32'),
(214, 24, 6, 22.00, 298.00, '2025-04-21 16:44:03', '2025-04-21 16:44:03'),
(215, 25, 6, 22.00, 276.00, '2025-04-21 16:44:32', '2025-04-21 16:44:32'),
(216, 26, 6, 20.00, 256.00, '2025-04-21 16:45:04', '2025-04-21 16:45:04'),
(217, 27, 6, 20.00, 236.00, '2025-04-21 16:45:38', '2025-04-21 16:45:38'),
(218, 28, 6, 18.00, 218.00, '2025-04-21 16:46:26', '2025-04-21 16:46:26'),
(219, 29, 6, 18.00, 200.00, '2025-04-21 16:47:02', '2025-04-21 16:47:02'),
(220, 30, 6, 16.00, 184.00, '2025-04-21 16:47:59', '2025-04-21 16:47:59'),
(221, 31, 6, 16.00, 168.00, '2025-04-21 16:48:45', '2025-04-21 16:48:45'),
(222, 32, 6, 10.00, 158.00, '2025-04-21 16:49:28', '2025-04-21 16:49:28'),
(223, 3, 3, 40.00, 215.00, '2025-04-22 03:31:07', '2025-04-22 03:31:07'),
(224, 5, 4, 30.00, 130.00, '2025-04-22 03:32:12', '2025-04-22 03:32:12'),
(225, 6, 4, 20.00, 110.00, '2025-04-22 03:33:08', '2025-04-22 03:33:08'),
(226, 9, 4, 10.00, 100.00, '2025-04-22 03:34:08', '2025-04-22 03:34:08'),
(227, 13, 7, 6.00, 84.00, '2025-04-22 03:35:07', '2025-04-22 03:35:07'),
(228, 14, 7, 6.00, 78.00, '2025-04-22 03:35:35', '2025-04-22 03:35:35'),
(229, 15, 7, 4.00, 74.00, '2025-04-22 03:36:02', '2025-04-22 03:36:02'),
(230, 16, 7, 4.00, 70.00, '2025-04-22 03:36:28', '2025-04-22 03:36:28'),
(231, 19, 6, 6.00, 200.00, '2025-04-22 03:37:05', '2025-04-22 03:37:05'),
(232, 20, 6, 8.00, 192.00, '2025-04-22 03:37:43', '2025-04-22 03:37:43'),
(233, 21, 6, 8.00, 184.00, '2025-04-22 03:38:07', '2025-04-22 03:38:07'),
(234, 22, 6, 7.00, 177.00, '2025-04-22 03:38:38', '2025-04-22 03:38:38'),
(235, 23, 6, 7.00, 170.00, '2025-04-22 03:39:11', '2025-04-22 03:39:11'),
(236, 24, 6, 8.00, 162.00, '2025-04-22 03:39:36', '2025-04-22 03:39:36'),
(237, 25, 6, 8.00, 154.00, '2025-04-22 03:40:11', '2025-04-22 03:40:11'),
(238, 26, 6, 7.00, 147.00, '2025-04-22 03:40:40', '2025-04-22 03:40:40'),
(239, 27, 6, 7.00, 140.00, '2025-04-22 03:41:04', '2025-04-22 03:41:04'),
(240, 28, 6, 7.00, 133.00, '2025-04-22 03:41:29', '2025-04-22 03:41:29'),
(241, 29, 6, 7.00, 126.00, '2025-04-22 03:41:54', '2025-04-22 03:41:54'),
(242, 30, 6, 7.00, 119.00, '2025-04-22 03:42:26', '2025-04-22 03:42:26'),
(243, 31, 6, 7.00, 112.00, '2025-04-22 03:42:53', '2025-04-22 03:42:53'),
(244, 32, 6, 6.00, 106.00, '2025-04-22 03:43:17', '2025-04-22 03:43:17'),
(245, 3, 3, 40.00, 425.00, '2025-04-24 15:22:32', '2025-04-24 15:22:32'),
(246, 5, 4, 30.00, 470.00, '2025-04-24 15:23:28', '2025-04-24 15:23:28'),
(247, 6, 4, 20.00, 450.00, '2025-04-24 15:24:28', '2025-04-24 15:24:28'),
(248, 9, 4, 10.00, 440.00, '2025-04-24 15:25:16', '2025-04-24 15:25:16'),
(249, 13, 6, 6.00, 650.00, '2025-04-24 15:29:51', '2025-04-24 15:29:51'),
(250, 14, 7, 6.00, 164.00, '2025-04-24 15:30:19', '2025-04-24 15:30:19'),
(251, 15, 7, 3.00, 161.00, '2025-04-24 15:30:54', '2025-04-24 15:30:54'),
(252, 16, 7, 3.00, 158.00, '2025-04-24 15:31:32', '2025-04-24 15:31:32'),
(253, 17, 7, 2.00, 156.00, '2025-04-24 15:32:28', '2025-04-24 15:32:28'),
(254, 19, 6, 6.00, 644.00, '2025-04-24 15:33:00', '2025-04-24 15:33:00'),
(255, 20, 6, 8.00, 636.00, '2025-04-24 15:33:36', '2025-04-24 15:33:36'),
(256, 21, 6, 8.00, 628.00, '2025-04-24 15:34:06', '2025-04-24 15:34:06'),
(257, 22, 6, 7.00, 621.00, '2025-04-24 15:34:34', '2025-04-24 15:34:34'),
(258, 23, 6, 7.00, 614.00, '2025-04-24 15:35:09', '2025-04-24 15:35:09'),
(259, 24, 6, 8.00, 606.00, '2025-04-24 15:35:52', '2025-04-24 15:35:52'),
(260, 25, 6, 8.00, 598.00, '2025-04-24 15:36:27', '2025-04-24 15:36:27'),
(261, 26, 6, 7.00, 591.00, '2025-04-24 15:36:57', '2025-04-24 15:36:57'),
(262, 27, 6, 7.00, 584.00, '2025-04-24 15:37:26', '2025-04-24 15:37:26'),
(263, 28, 6, 7.00, 577.00, '2025-04-24 15:37:57', '2025-04-24 15:37:57'),
(264, 29, 6, 7.00, 570.00, '2025-04-24 15:38:26', '2025-04-24 15:38:26'),
(265, 30, 6, 7.00, 563.00, '2025-04-24 15:38:54', '2025-04-24 15:38:54'),
(266, 31, 6, 7.00, 556.00, '2025-04-24 15:39:26', '2025-04-24 15:39:26'),
(267, 32, 6, 6.00, 550.00, '2025-04-24 15:39:54', '2025-04-24 15:39:54'),
(268, 3, 3, 40.00, 385.00, '2025-04-24 15:51:27', '2025-04-24 15:51:27'),
(269, 5, 4, 30.00, 410.00, '2025-04-24 15:52:57', '2025-04-24 15:52:57'),
(270, 6, 4, 20.00, 390.00, '2025-04-24 15:53:50', '2025-04-24 15:53:50'),
(271, 9, 4, 10.00, 380.00, '2025-04-24 15:54:32', '2025-04-24 15:54:32'),
(272, 13, 7, 6.00, 150.00, '2025-04-24 15:55:11', '2025-04-24 15:55:11'),
(273, 14, 7, 6.00, 144.00, '2025-04-24 15:55:41', '2025-04-24 15:55:41'),
(274, 15, 7, 3.00, 141.00, '2025-04-24 15:56:11', '2025-04-24 15:56:11'),
(275, 16, 7, 3.00, 138.00, '2025-04-25 01:05:05', '2025-04-25 01:05:05'),
(276, 19, 6, 6.00, 544.00, '2025-04-25 01:17:14', '2025-04-25 01:17:14'),
(277, 20, 6, 8.00, 536.00, '2025-04-25 01:18:45', '2025-04-25 01:18:45'),
(278, 21, 6, 8.00, 528.00, '2025-04-25 01:19:11', '2025-04-25 01:19:11'),
(279, 22, 6, 7.00, 521.00, '2025-04-25 01:19:34', '2025-04-25 01:19:34'),
(280, 23, 6, 7.00, 514.00, '2025-04-25 01:20:03', '2025-04-25 01:20:03'),
(281, 24, 6, 8.00, 506.00, '2025-04-25 01:20:29', '2025-04-25 01:20:29'),
(282, 25, 6, 8.00, 498.00, '2025-04-25 01:20:58', '2025-04-25 01:20:58'),
(283, 26, 6, 7.00, 491.00, '2025-04-25 01:21:19', '2025-04-25 01:21:19'),
(284, 27, 6, 7.00, 484.00, '2025-04-25 01:21:40', '2025-04-25 01:21:40'),
(285, 28, 6, 7.00, 477.00, '2025-04-25 01:22:04', '2025-04-25 01:22:04'),
(286, 29, 6, 7.00, 470.00, '2025-04-25 01:22:28', '2025-04-25 01:22:28'),
(287, 30, 6, 7.00, 463.00, '2025-04-25 01:22:51', '2025-04-25 01:22:51'),
(288, 31, 6, 7.00, 456.00, '2025-04-25 01:23:23', '2025-04-25 01:23:23'),
(289, 32, 6, 6.00, 450.00, '2025-04-25 01:23:45', '2025-04-25 01:23:45'),
(290, 17, 7, 2.00, 136.00, '2025-04-25 01:59:12', '2025-04-25 01:59:12'),
(291, 3, 3, 40.00, 345.00, '2025-04-25 03:37:11', '2025-04-25 03:37:11'),
(292, 5, 4, 30.00, 350.00, '2025-04-25 03:38:13', '2025-04-25 03:38:13'),
(293, 6, 4, 20.00, 330.00, '2025-04-25 03:38:49', '2025-04-25 03:38:49'),
(294, 9, 4, 10.00, 320.00, '2025-04-25 03:39:20', '2025-04-25 03:39:20'),
(295, 13, 7, 6.00, 130.00, '2025-04-25 03:39:56', '2025-04-25 03:39:56'),
(296, 14, 7, 6.00, 124.00, '2025-04-25 03:40:23', '2025-04-25 03:40:23'),
(297, 15, 7, 3.00, 121.00, '2025-04-25 03:40:46', '2025-04-25 03:40:46'),
(298, 16, 7, 3.00, 118.00, '2025-04-25 03:41:19', '2025-04-25 03:41:19'),
(299, 17, 7, 2.00, 116.00, '2025-04-25 03:43:07', '2025-04-25 03:43:07'),
(300, 19, 6, 6.00, 444.00, '2025-04-25 03:43:47', '2025-04-25 03:43:47'),
(301, 20, 6, 8.00, 436.00, '2025-04-25 03:44:28', '2025-04-25 03:44:28'),
(302, 21, 6, 8.00, 428.00, '2025-04-25 03:44:59', '2025-04-25 03:44:59'),
(303, 22, 6, 7.00, 421.00, '2025-04-25 03:45:29', '2025-04-25 03:45:29'),
(304, 23, 6, 7.00, 414.00, '2025-04-25 03:45:59', '2025-04-25 03:45:59'),
(305, 24, 6, 8.00, 406.00, '2025-04-25 03:46:25', '2025-04-25 03:46:25'),
(306, 25, 6, 8.00, 398.00, '2025-04-25 03:46:49', '2025-04-25 03:46:49'),
(307, 26, 6, 7.00, 391.00, '2025-04-25 03:47:15', '2025-04-25 03:47:15'),
(308, 27, 6, 7.00, 384.00, '2025-04-25 03:47:40', '2025-04-25 03:47:40'),
(309, 28, 6, 7.00, 377.00, '2025-04-25 03:48:17', '2025-04-25 03:48:17'),
(310, 29, 6, 7.00, 370.00, '2025-04-25 03:48:51', '2025-04-25 03:48:51'),
(311, 30, 6, 7.00, 363.00, '2025-04-25 03:49:20', '2025-04-25 03:49:20'),
(312, 31, 6, 7.00, 356.00, '2025-04-25 03:49:53', '2025-04-25 03:49:53'),
(313, 32, 6, 6.00, 350.00, '2025-04-25 03:50:23', '2025-04-25 03:50:23'),
(314, 3, 3, 40.00, 305.00, '2025-04-25 08:02:15', '2025-04-25 08:02:15'),
(315, 5, 4, 30.00, 290.00, '2025-04-25 08:04:05', '2025-04-25 08:04:05'),
(316, 6, 4, 20.00, 270.00, '2025-04-25 08:06:59', '2025-04-25 08:06:59'),
(317, 13, 7, 6.00, 110.00, '2025-04-28 00:37:00', '2025-04-28 00:37:00'),
(318, 14, 7, 6.00, 104.00, '2025-04-28 00:37:42', '2025-04-28 00:37:42'),
(319, 15, 7, 3.00, 101.00, '2025-04-28 00:38:12', '2025-04-28 00:38:12'),
(320, 16, 7, 3.00, 98.00, '2025-04-28 00:42:40', '2025-04-28 00:42:40'),
(321, 17, 7, 2.00, 96.00, '2025-04-28 00:43:10', '2025-04-28 00:43:10'),
(322, 19, 6, 6.00, 344.00, '2025-04-28 00:43:44', '2025-04-28 00:43:44'),
(323, 20, 6, 8.00, 336.00, '2025-04-28 00:44:13', '2025-04-28 00:44:13'),
(324, 21, 6, 8.00, 328.00, '2025-04-28 00:44:55', '2025-04-28 00:44:55'),
(325, 22, 6, 7.00, 321.00, '2025-04-28 00:45:19', '2025-04-28 00:45:19'),
(326, 23, 6, 7.00, 314.00, '2025-04-28 00:45:54', '2025-04-28 00:45:54'),
(327, 24, 6, 8.00, 306.00, '2025-04-28 00:46:29', '2025-04-28 00:46:29'),
(328, 25, 6, 8.00, 298.00, '2025-04-28 00:47:02', '2025-04-28 00:47:02'),
(329, 26, 6, 7.00, 291.00, '2025-04-28 00:47:37', '2025-04-28 00:47:37'),
(330, 27, 6, 7.00, 284.00, '2025-04-28 00:48:15', '2025-04-28 00:48:15'),
(331, 28, 6, 7.00, 277.00, '2025-04-28 00:48:42', '2025-04-28 00:48:42'),
(332, 29, 6, 7.00, 270.00, '2025-04-28 00:49:15', '2025-04-28 00:49:15'),
(333, 30, 6, 7.00, 263.00, '2025-04-28 00:49:44', '2025-04-28 00:49:44'),
(334, 31, 6, 7.00, 256.00, '2025-04-28 00:50:10', '2025-04-28 00:50:10'),
(335, 32, 6, 6.00, 250.00, '2025-04-28 00:50:40', '2025-04-28 00:50:40'),
(336, 3, 3, 40.00, 265.00, '2025-04-28 00:53:16', '2025-04-28 00:53:16'),
(337, 5, 4, 30.00, 240.00, '2025-04-28 00:54:14', '2025-04-28 00:54:14'),
(338, 6, 4, 20.00, 220.00, '2025-04-28 00:55:12', '2025-04-28 00:55:12'),
(339, 9, 4, 10.00, 210.00, '2025-04-28 00:56:06', '2025-04-28 00:56:06'),
(340, 13, 7, 6.00, 90.00, '2025-04-28 00:57:45', '2025-04-28 00:57:45'),
(341, 14, 7, 6.00, 84.00, '2025-04-28 00:58:26', '2025-04-28 00:58:26'),
(342, 15, 7, 3.00, 81.00, '2025-04-28 00:58:51', '2025-04-28 00:58:51'),
(343, 16, 7, 3.00, 78.00, '2025-04-28 00:59:28', '2025-04-28 00:59:28'),
(344, 17, 7, 2.00, 76.00, '2025-04-28 00:59:56', '2025-04-28 00:59:56'),
(345, 19, 6, 6.00, 244.00, '2025-04-28 01:00:24', '2025-04-28 01:00:24'),
(346, 20, 6, 8.00, 236.00, '2025-04-28 01:01:03', '2025-04-28 01:01:03'),
(347, 21, 6, 8.00, 228.00, '2025-04-28 01:06:27', '2025-04-28 01:06:27'),
(348, 22, 6, 7.00, 221.00, '2025-04-28 01:06:54', '2025-04-28 01:06:54'),
(349, 23, 6, 7.00, 214.00, '2025-04-28 01:07:37', '2025-04-28 01:07:37'),
(350, 24, 6, 8.00, 206.00, '2025-04-28 01:08:14', '2025-04-28 01:08:14'),
(351, 25, 6, 8.00, 198.00, '2025-04-28 01:09:05', '2025-04-28 01:09:05'),
(352, 26, 6, 7.00, 191.00, '2025-04-28 01:09:36', '2025-04-28 01:09:36'),
(353, 27, 6, 7.00, 184.00, '2025-04-28 01:10:06', '2025-04-28 01:10:06'),
(354, 28, 6, 7.00, 177.00, '2025-04-28 01:11:00', '2025-04-28 01:11:00'),
(355, 29, 6, 7.00, 170.00, '2025-04-28 01:11:50', '2025-04-28 01:11:50'),
(356, 30, 6, 7.00, 163.00, '2025-04-28 01:12:20', '2025-04-28 01:12:20'),
(357, 31, 6, 7.00, 156.00, '2025-04-28 01:13:06', '2025-04-28 01:13:06'),
(358, 32, 6, 6.00, 150.00, '2025-04-28 01:13:33', '2025-04-28 01:13:33'),
(359, 3, 3, 40.00, 225.00, '2025-04-28 01:19:15', '2025-04-28 01:19:15'),
(360, 5, 4, 30.00, 180.00, '2025-04-28 01:20:22', '2025-04-28 01:20:22'),
(361, 6, 4, 20.00, 160.00, '2025-04-28 01:22:39', '2025-04-28 01:22:39'),
(362, 9, 4, 10.00, 150.00, '2025-04-28 01:23:27', '2025-04-28 01:23:27'),
(363, 13, 7, 7.00, 69.00, '2025-04-28 01:24:11', '2025-04-28 01:24:11'),
(364, 14, 7, 5.00, 64.00, '2025-04-28 01:24:40', '2025-04-28 01:24:40'),
(365, 15, 7, 5.00, 59.00, '2025-04-28 01:25:07', '2025-04-28 01:25:07'),
(366, 16, 7, 4.00, 55.00, '2025-04-28 01:25:31', '2025-04-28 01:25:31'),
(367, 17, 7, 4.00, 51.00, '2025-04-28 01:25:58', '2025-04-28 01:25:58'),
(368, 19, 6, 5.00, 145.00, '2025-04-28 01:26:24', '2025-04-28 01:26:24'),
(369, 20, 6, 7.00, 138.00, '2025-04-28 01:26:49', '2025-04-28 01:26:49'),
(370, 21, 6, 8.00, 130.00, '2025-04-28 01:27:17', '2025-04-28 01:27:17'),
(371, 22, 6, 8.00, 122.00, '2025-04-28 01:27:42', '2025-04-28 01:27:42'),
(372, 23, 6, 8.00, 114.00, '2025-04-28 01:28:16', '2025-04-28 01:28:16'),
(373, 24, 6, 8.00, 106.00, '2025-04-28 01:28:49', '2025-04-28 01:28:49'),
(374, 25, 6, 8.00, 98.00, '2025-04-28 01:29:16', '2025-04-28 01:29:16'),
(375, 26, 6, 7.00, 91.00, '2025-04-28 01:47:34', '2025-04-28 01:47:34'),
(376, 27, 6, 7.00, 84.00, '2025-04-28 01:48:30', '2025-04-28 01:48:30'),
(377, 28, 6, 7.00, 77.00, '2025-04-28 01:49:23', '2025-04-28 01:49:23'),
(378, 29, 6, 7.00, 70.00, '2025-04-28 01:50:01', '2025-04-28 01:50:01'),
(379, 30, 6, 7.00, 63.00, '2025-04-28 01:50:36', '2025-04-28 01:50:36'),
(380, 31, 6, 7.00, 56.00, '2025-04-28 01:51:21', '2025-04-28 01:51:21'),
(381, 32, 6, 6.00, 50.00, '2025-04-28 01:51:53', '2025-04-28 01:51:53'),
(382, 3, 3, 40.00, 185.00, '2025-04-28 01:54:45', '2025-04-28 01:54:45'),
(383, 5, 4, 30.00, 120.00, '2025-04-28 01:55:52', '2025-04-28 01:55:52'),
(384, 6, 4, 20.00, 100.00, '2025-04-28 01:56:55', '2025-04-28 01:56:55'),
(385, 9, 4, 10.00, 90.00, '2025-04-28 01:57:29', '2025-04-28 01:57:29'),
(386, 13, 7, 7.00, 44.00, '2025-04-28 01:58:13', '2025-04-28 01:58:13'),
(387, 14, 7, 5.00, 39.00, '2025-04-28 01:59:25', '2025-04-28 01:59:25'),
(388, 15, 7, 5.00, 34.00, '2025-04-28 02:00:03', '2025-04-28 02:00:03'),
(389, 16, 7, 4.00, 30.00, '2025-04-28 02:00:51', '2025-04-28 02:00:51'),
(390, 17, 7, 4.00, 26.00, '2025-04-28 02:01:18', '2025-04-28 02:01:18'),
(391, 19, 6, 5.00, 45.00, '2025-04-28 02:01:46', '2025-04-28 02:01:46'),
(392, 20, 6, 7.00, 38.00, '2025-04-28 02:02:15', '2025-04-28 02:02:15'),
(393, 21, 6, 8.00, 30.00, '2025-04-28 02:02:50', '2025-04-28 02:02:50'),
(394, 22, 6, 8.00, 22.00, '2025-04-28 02:03:21', '2025-04-28 02:03:21'),
(395, 23, 6, 8.00, 14.00, '2025-04-28 02:03:49', '2025-04-28 02:03:49'),
(396, 24, 6, 8.00, 6.00, '2025-04-28 02:04:27', '2025-04-28 02:04:27');

-- --------------------------------------------------------

--
-- Table structure for table `failed_jobs`
--

CREATE TABLE `failed_jobs` (
  `id` bigint(20) UNSIGNED NOT NULL,
  `uuid` varchar(255) NOT NULL,
  `connection` text NOT NULL,
  `queue` text NOT NULL,
  `payload` longtext NOT NULL,
  `exception` longtext NOT NULL,
  `failed_at` timestamp NOT NULL DEFAULT current_timestamp()
) ENGINE=InnoDB DEFAULT CHARSET=utf8mb4 COLLATE=utf8mb4_unicode_ci;

-- --------------------------------------------------------

--
-- Table structure for table `hatcheries`
--

CREATE TABLE `hatcheries` (
  `id_hatchery` varchar(255) NOT NULL,
  `id_pen` bigint(20) UNSIGNED NOT NULL,
  `id_machine` bigint(20) UNSIGNED NOT NULL,
  `setting_date` date DEFAULT NULL,
  `candling_date` date DEFAULT NULL,
  `pull_chicken_date` date DEFAULT NULL,
  `cost_total` decimal(15,2) DEFAULT NULL,
  `move_to` varchar(255) DEFAULT NULL,
  `status` varchar(255) DEFAULT 'active',
  `inputBy` varchar(255) NOT NULL,
  `created_at` timestamp NULL DEFAULT NULL,
  `updated_at` timestamp NULL DEFAULT NULL
) ENGINE=InnoDB DEFAULT CHARSET=utf8mb4 COLLATE=utf8mb4_unicode_ci;

--
-- Dumping data for table `hatcheries`
--

INSERT INTO `hatcheries` (`id_hatchery`, `id_pen`, `id_machine`, `setting_date`, `candling_date`, `pull_chicken_date`, `cost_total`, `move_to`, `status`, `inputBy`, `created_at`, `updated_at`) VALUES
('HTC-030325-01-14', 1, 1, '2025-03-03', '2025-03-21', '2025-03-24', 0.00, '01A', 'inactive', 'user', '2025-03-03 08:29:11', '2025-04-08 09:37:50'),
('HTC-070425-02-21', 1, 2, '2025-04-10', NULL, NULL, 1584000.00, NULL, 'active', 'kaila user', '2025-01-07 02:44:56', '2025-04-10 02:44:56'),
('HTC-100225-04-17', 1, 4, '2025-02-10', '2025-03-11', '2025-03-11', 0.00, NULL, 'inactive', 'user', '2025-02-10 08:30:40', '2025-03-11 06:30:19'),
('HTC-100325-01-01', 1, 1, '2024-11-11', '2024-11-29', '2024-12-02', 0.00, NULL, 'inactive', 'admin', '2024-11-11 10:18:47', '2025-03-10 10:18:47'),
('HTC-100325-01-02', 1, 1, '2024-11-18', '2024-12-06', '2024-12-09', 0.00, NULL, 'inactive', 'admin', '2024-11-18 10:18:48', '2025-03-10 10:18:48'),
('HTC-100325-01-03', 1, 1, '2024-11-25', '2024-12-13', '2024-12-16', 0.00, NULL, 'inactive', 'admin', '2024-11-25 10:18:48', '2025-03-10 10:18:48'),
('HTC-100325-01-04', 1, 1, '2024-12-02', '2024-12-20', '2024-12-23', 0.00, NULL, 'inactive', 'admin', '2024-12-02 10:18:48', '2025-03-10 10:18:48'),
('HTC-100325-01-05', 1, 1, '2024-12-09', '2024-12-27', '2024-12-30', 0.00, NULL, 'inactive', 'admin', '2024-12-09 10:18:48', '2025-03-10 10:18:48'),
('HTC-100325-01-06', 1, 1, '2024-12-16', '2025-01-03', '2025-01-06', 0.00, NULL, 'inactive', 'admin', '2024-12-16 10:18:48', '2025-03-10 10:18:48'),
('HTC-100325-01-07', 1, 1, '2024-12-23', '2025-01-10', '2025-01-13', 0.00, NULL, 'inactive', 'admin', '2024-12-23 10:18:48', '2025-03-10 10:18:48'),
('HTC-100325-01-08', 1, 1, '2024-12-30', '2025-01-17', '2025-01-20', 0.00, NULL, 'inactive', 'admin', '2024-12-30 10:18:48', '2025-03-10 10:18:48'),
('HTC-100325-01-09', 1, 1, '2025-01-06', '2025-01-24', '2025-01-27', 0.00, NULL, 'inactive', 'admin', '2025-01-06 10:18:48', '2025-03-10 10:18:48'),
('HTC-100325-01-10', 1, 1, '2025-01-13', '2025-01-31', '2025-02-03', 0.00, NULL, 'inactive', 'admin', '2025-01-13 10:18:48', '2025-03-10 10:18:48'),
('HTC-100325-01-11', 1, 1, '2025-01-20', '2025-02-07', '2025-02-10', 0.00, NULL, 'inactive', 'admin', '2025-01-20 10:18:48', '2025-03-10 10:18:48'),
('HTC-100325-01-12', 1, 1, '2025-01-27', '2025-02-14', '2025-02-17', 0.00, NULL, 'inactive', 'admin', '2025-01-27 10:18:48', '2025-03-10 10:18:48'),
('HTC-100325-01-13', 1, 1, '2025-02-03', '2025-02-21', '2025-02-24', 0.00, NULL, 'inactive', 'admin', '2025-02-03 10:18:48', '2025-03-10 10:18:48'),
('HTC-130325-03-01', 2, 3, '2025-03-13', '2025-03-31', '2025-04-03', 0.00, '01B', 'inactive', 'user', '2025-03-13 06:39:06', '2025-04-08 09:38:09'),
('HTC-170225-03-16', 1, 3, '2025-02-17', '2025-03-11', '2025-03-11', 0.00, NULL, 'inactive', 'user', '2025-02-17 08:30:06', '2025-03-11 06:33:04'),
('HTC-170325-02-18', 1, 2, '2025-03-17', '2025-04-04', '2025-04-07', 2928900.00, '02A', 'inactive', 'user', '2025-03-17 08:14:10', '2025-04-10 02:01:00'),
('HTC-240225-02-15', 1, 2, '2025-02-24', '2025-03-18', '2025-03-18', 0.00, '10B', 'inactive', 'user', '2025-02-24 08:29:40', '2025-03-18 07:54:35'),
('HTC-240325-04-19', 1, 4, '2025-03-28', '2025-04-15', '2025-04-15', 2640000.00, '02B', 'inactive', 'user', '2025-03-24 09:04:57', '2025-04-15 08:09:33'),
('HTC-310325-01-20', 1, 1, '2025-04-08', '2025-04-24', '2025-04-24', 1346400.00, '03A', 'inactive', 'kaila user', '2025-03-31 09:42:20', '2025-04-24 15:19:03');

-- --------------------------------------------------------

--
-- Table structure for table `hatchery_details`
--

CREATE TABLE `hatchery_details` (
  `id` bigint(20) UNSIGNED NOT NULL,
  `id_hatchery` varchar(255) NOT NULL,
  `total_setting` int(11) DEFAULT NULL,
  `infertile` int(11) DEFAULT NULL,
  `explode` int(11) DEFAULT NULL,
  `hatcher` int(11) DEFAULT NULL,
  `dead_in_egg` int(11) DEFAULT NULL,
  `hatchability` int(11) DEFAULT NULL,
  `doc_afkir` int(11) DEFAULT NULL,
  `saleable` int(11) DEFAULT NULL,
  `inputBy` varchar(255) NOT NULL,
  `created_at` timestamp NULL DEFAULT NULL,
  `updated_at` timestamp NULL DEFAULT NULL
) ENGINE=InnoDB DEFAULT CHARSET=utf8mb4 COLLATE=utf8mb4_unicode_ci;

--
-- Dumping data for table `hatchery_details`
--

INSERT INTO `hatchery_details` (`id`, `id_hatchery`, `total_setting`, `infertile`, `explode`, `hatcher`, `dead_in_egg`, `hatchability`, `doc_afkir`, `saleable`, `inputBy`, `created_at`, `updated_at`) VALUES
(1, 'HTC-100325-01-01', 1295, 283, 17, 955, 155, 880, 0, 629, 'admin', '2025-03-10 10:18:48', '2025-03-10 10:18:48'),
(2, 'HTC-100325-01-02', 947, 198, 23, 726, 86, 640, 0, 498, 'admin', '2025-03-10 10:18:48', '2025-03-10 10:18:48'),
(3, 'HTC-100325-01-03', 760, 162, 8, 590, 60, 530, 0, 388, 'admin', '2025-03-10 10:18:48', '2025-03-10 10:18:48'),
(4, 'HTC-100325-01-04', 887, 226, 10, 651, 81, 570, 0, 461, 'admin', '2025-03-10 10:18:48', '2025-03-10 10:18:48'),
(5, 'HTC-100325-01-05', 926, 181, 11, 734, 84, 650, 0, 540, 'admin', '2025-03-10 10:18:48', '2025-03-10 10:18:48'),
(6, 'HTC-100325-01-06', 834, 169, 8, 657, 74, 583, 0, 562, 'admin', '2025-03-10 10:18:48', '2025-03-10 10:18:48'),
(7, 'HTC-100325-01-07', 924, 209, 9, 706, 72, 634, 0, 571, 'admin', '2025-03-10 10:18:48', '2025-03-10 10:18:48'),
(8, 'HTC-100325-01-08', 951, 201, 6, 774, 85, 659, 0, 561, 'admin', '2025-03-10 10:18:48', '2025-03-10 10:18:48'),
(9, 'HTC-100325-01-09', 942, 190, 5, 747, 73, 674, 0, 644, 'admin', '2025-03-10 10:18:48', '2025-03-10 10:18:48'),
(10, 'HTC-100325-01-10', 1007, 233, 9, 758, 0, 690, 5, 686, 'admin', '2025-03-10 10:18:48', '2025-03-10 10:18:48'),
(11, 'HTC-100325-01-11', 1018, 208, 0, 820, 76, 772, 4, 768, 'admin', '2025-03-10 10:18:48', '2025-03-10 10:18:48'),
(12, 'HTC-100325-01-12', 1063, 216, 0, 847, 74, 711, 8, 703, 'admin', '2025-03-10 10:18:48', '2025-03-10 10:18:48'),
(13, 'HTC-100325-01-13', 1136, 228, 5, 903, 93, 810, 5, 805, 'admin', '2025-03-10 10:18:48', '2025-03-10 10:18:48'),
(14, 'HTC-030325-01-14', 793, 190, 0, 603, 49, 554, 4, 550, 'user', '2025-03-10 08:29:11', '2025-04-08 08:03:30'),
(15, 'HTC-240225-02-15', 845, 180, 8, 657, 55, 602, 7, 595, 'user', '2025-03-10 08:29:40', '2025-03-18 07:53:48'),
(16, 'HTC-170225-03-16', 915, 180, 0, 735, 69, 666, 9, 657, 'user', '2025-03-10 08:30:06', '2025-03-11 06:32:41'),
(17, 'HTC-100225-04-17', 1046, 206, 0, 840, 72, 768, 8, 760, 'user', '2025-03-10 08:30:40', '2025-03-11 06:30:19'),
(18, 'HTC-130325-03-01', 608, 146, 2, 460, 68, 392, 7, 385, 'user', '2025-03-13 06:39:06', '2025-04-08 08:27:03'),
(19, 'HTC-170325-02-18', 605, 179, 5, 421, 62, 359, 9, 350, 'user', '2025-03-17 08:14:10', '2025-04-10 02:00:10'),
(20, 'HTC-240325-04-19', 520, 132, 2, 386, 45, 341, 6, 335, 'user', '2025-03-28 09:04:57', '2025-04-15 08:08:35'),
(21, 'HTC-310325-01-20', 450, 100, 0, 350, 33, 317, 2, 315, 'kaila user', '2025-04-08 09:42:20', '2025-04-24 15:18:11'),
(22, 'HTC-070425-02-21', 325, NULL, NULL, NULL, NULL, NULL, NULL, NULL, 'kaila user', '2025-04-10 02:44:56', '2025-04-10 02:44:56');

-- --------------------------------------------------------

--
-- Table structure for table `jobs`
--

CREATE TABLE `jobs` (
  `id` bigint(20) UNSIGNED NOT NULL,
  `queue` varchar(255) NOT NULL,
  `payload` longtext NOT NULL,
  `attempts` tinyint(3) UNSIGNED NOT NULL,
  `reserved_at` int(10) UNSIGNED DEFAULT NULL,
  `available_at` int(10) UNSIGNED NOT NULL,
  `created_at` int(10) UNSIGNED NOT NULL
) ENGINE=InnoDB DEFAULT CHARSET=utf8mb4 COLLATE=utf8mb4_unicode_ci;

-- --------------------------------------------------------

--
-- Table structure for table `job_batches`
--

CREATE TABLE `job_batches` (
  `id` varchar(255) NOT NULL,
  `name` varchar(255) NOT NULL,
  `total_jobs` int(11) NOT NULL,
  `pending_jobs` int(11) NOT NULL,
  `failed_jobs` int(11) NOT NULL,
  `failed_job_ids` longtext NOT NULL,
  `options` mediumtext DEFAULT NULL,
  `cancelled_at` int(11) DEFAULT NULL,
  `created_at` int(11) NOT NULL,
  `finished_at` int(11) DEFAULT NULL
) ENGINE=InnoDB DEFAULT CHARSET=utf8mb4 COLLATE=utf8mb4_unicode_ci;

-- --------------------------------------------------------

--
-- Table structure for table `kandangs`
--

CREATE TABLE `kandangs` (
  `id` bigint(20) UNSIGNED NOT NULL,
  `nama_kandang` varchar(255) NOT NULL,
  `lokasi_kandang` varchar(255) NOT NULL,
  `jenis_kandang` varchar(255) NOT NULL,
  `deleted_at` timestamp NULL DEFAULT NULL,
  `created_at` timestamp NULL DEFAULT NULL,
  `updated_at` timestamp NULL DEFAULT NULL
) ENGINE=InnoDB DEFAULT CHARSET=utf8mb4 COLLATE=utf8mb4_unicode_ci;

--
-- Dumping data for table `kandangs`
--

INSERT INTO `kandangs` (`id`, `nama_kandang`, `lokasi_kandang`, `jenis_kandang`, `deleted_at`, `created_at`, `updated_at`) VALUES
(1, 'BRD1', 'cidokom', 'breeding', NULL, '2025-03-10 10:18:00', '2025-03-10 10:18:00'),
(2, 'CMR1', 'cidokom', 'commerce', NULL, '2025-03-10 10:18:00', '2025-03-10 10:18:00'),
(3, 'AFK1', 'cidokom', 'afkir', NULL, '2025-03-10 10:18:00', '2025-03-10 10:18:00');

-- --------------------------------------------------------

--
-- Table structure for table `machines`
--

CREATE TABLE `machines` (
  `id` bigint(20) UNSIGNED NOT NULL,
  `machine_name` varchar(255) NOT NULL,
  `kapasitas` int(11) NOT NULL,
  `status` varchar(255) NOT NULL DEFAULT 'active',
  `created_at` timestamp NULL DEFAULT NULL,
  `updated_at` timestamp NULL DEFAULT NULL
) ENGINE=InnoDB DEFAULT CHARSET=utf8mb4 COLLATE=utf8mb4_unicode_ci;

--
-- Dumping data for table `machines`
--

INSERT INTO `machines` (`id`, `machine_name`, `kapasitas`, `status`, `created_at`, `updated_at`) VALUES
(1, 'Machine 1', 1512, 'active', '2025-03-10 10:18:00', '2025-04-24 15:19:03'),
(2, 'Machine 2', 1512, 'inactive', '2025-03-10 10:18:00', '2025-04-10 02:44:56'),
(3, 'Machine 3', 1512, 'active', '2025-03-10 10:18:00', '2025-04-08 09:38:09'),
(4, 'Machine 4', 2160, 'active', '2025-03-10 10:18:00', '2025-04-15 08:09:33');

-- --------------------------------------------------------

--
-- Table structure for table `migrations`
--

CREATE TABLE `migrations` (
  `id` int(10) UNSIGNED NOT NULL,
  `migration` varchar(255) NOT NULL,
  `batch` int(11) NOT NULL
) ENGINE=InnoDB DEFAULT CHARSET=utf8mb4 COLLATE=utf8mb4_unicode_ci;

--
-- Dumping data for table `migrations`
--

INSERT INTO `migrations` (`id`, `migration`, `batch`) VALUES
(1, '0001_01_01_000000_create_users_table', 1),
(2, '0001_01_01_000001_create_cache_table', 1),
(3, '0001_01_01_000002_create_jobs_table', 1),
(4, '2024_10_10_064142_create_ayams_table', 1),
(5, '2024_10_10_064225_create_kandangs_table', 1),
(6, '2024_10_10_064227_create_pens_table', 1),
(7, '2024_10_10_064245_create_pakans_table', 1),
(8, '2024_10_10_075756_create_roles_table', 1),
(9, '2024_10_10_080016_add_role_id_to_users_table', 1),
(10, '2024_10_22_064534_create_breedings_table', 1),
(11, '2024_10_22_064550_create_breeding_details_table', 1),
(12, '2024_10_22_064606_create_hatcheries_table', 1),
(13, '2024_10_22_064613_create_hatchery_details_table', 1),
(14, '2024_10_22_064625_create_commercials_table', 1),
(15, '2024_10_22_064630_create_commercial_details_table', 1),
(16, '2024_11_01_102623_create_machines_table', 1),
(17, '2024_11_01_102731_create_table_moves_table', 1),
(18, '2024_11_11_133627_create_afkirs_table', 1),
(19, '2024_11_18_103447_create_pakan_transactions_table', 1),
(20, '2024_12_27_140939_create_afkir_transactions_table', 1),
(21, '2024_12_27_153341_create_sales_table', 1),
(22, '2024_12_27_153411_create_curr_eggs_table', 1),
(23, '2024_12_27_154623_create_vaksins_table', 1),
(24, '2024_12_27_155120_create_commercial_breeding_vaccine_table', 1),
(25, '2025_01_16_105828_create_vaksin_types_table', 1),
(26, '2025_01_16_105919_create_vaksin_transactions_table', 1),
(27, '2025_01_16_143947_create_sale_transactions_table', 1),
(28, '2025_02_05_150450_create_chicken_sizes_table', 1),
(29, '2025_02_05_150501_create_customers_table', 1),
(30, '2025_02_05_150515_create_residents_table', 1),
(31, '2025_02_05_150532_create_cust_handles_table', 1);

-- --------------------------------------------------------

--
-- Table structure for table `pakans`
--

CREATE TABLE `pakans` (
  `id` bigint(20) UNSIGNED NOT NULL,
  `nama_pakan` varchar(255) NOT NULL,
  `qty` decimal(15,3) NOT NULL,
  `harga` decimal(15,3) NOT NULL,
  `created_at` timestamp NULL DEFAULT NULL,
  `updated_at` timestamp NULL DEFAULT NULL
) ENGINE=InnoDB DEFAULT CHARSET=utf8mb4 COLLATE=utf8mb4_unicode_ci;

--
-- Dumping data for table `pakans`
--

INSERT INTO `pakans` (`id`, `nama_pakan`, `qty`, `harga`, `created_at`, `updated_at`) VALUES
(1, 'GF-511', 0.000, 7700.000, '2025-03-10 10:18:03', '2025-04-10 03:21:58'),
(2, 'PHP-C', 0.000, 5500.000, '2025-03-10 10:18:03', '2025-04-07 08:34:31'),
(3, 'PAR-L', 185.000, 6600.000, '2025-03-10 10:18:03', '2025-04-28 01:54:45'),
(4, 'PAR-G', 90.000, 6800.000, '2025-03-10 10:18:03', '2025-04-28 01:57:29'),
(5, 'SB-100', 0.000, 25068.421, '2025-03-10 10:18:03', '2025-04-07 08:38:57'),
(6, 'B11A', 6.000, 7900.000, '2025-03-10 10:18:03', '2025-04-28 02:04:27'),
(7, '511P', 26.000, 8450.000, '2025-03-28 02:51:07', '2025-04-28 02:01:18');

-- --------------------------------------------------------

--
-- Table structure for table `pakan_transactions`
--

CREATE TABLE `pakan_transactions` (
  `id` bigint(20) UNSIGNED NOT NULL,
  `id_pakan` bigint(20) UNSIGNED NOT NULL,
  `qty` decimal(15,2) NOT NULL,
  `harga_pembelian` decimal(15,2) NOT NULL,
  `created_at` timestamp NULL DEFAULT NULL,
  `updated_at` timestamp NULL DEFAULT NULL
) ENGINE=InnoDB DEFAULT CHARSET=utf8mb4 COLLATE=utf8mb4_unicode_ci;

--
-- Dumping data for table `pakan_transactions`
--

INSERT INTO `pakan_transactions` (`id`, `id_pakan`, `qty`, `harga_pembelian`, `created_at`, `updated_at`) VALUES
(1, 1, 350.00, 7700.00, '2025-03-13 02:43:28', '2025-03-13 02:43:28'),
(2, 6, 1225.00, 8006.12, '2025-03-13 02:44:58', '2025-03-13 02:44:58'),
(3, 4, 525.00, 6800.00, '2025-03-13 02:46:45', '2025-03-13 02:46:45'),
(4, 3, 450.00, 6600.00, '2025-03-13 02:47:12', '2025-03-13 02:47:12'),
(5, 2, 210.00, 5500.00, '2025-03-16 13:14:14', '2025-03-16 13:14:14'),
(6, 3, 455.00, 6600.00, '2025-03-18 01:59:10', '2025-03-18 01:59:10'),
(7, 4, 725.00, 6800.00, '2025-03-18 02:00:32', '2025-03-18 02:00:32'),
(8, 5, 58.00, -12213.79, '2025-03-18 02:15:04', '2025-03-18 02:15:04'),
(9, 6, 1550.00, 7954.77, '2025-03-18 02:16:08', '2025-03-18 02:16:08'),
(10, 3, 455.00, 6600.00, '2025-03-18 08:57:11', '2025-03-18 08:57:11'),
(11, 4, 725.00, 6800.00, '2025-03-18 08:57:43', '2025-03-18 08:57:43'),
(12, 5, 200.00, 7700.00, '2025-03-18 08:58:18', '2025-03-18 08:58:18'),
(13, 6, 1450.00, 7926.44, '2025-03-18 08:58:58', '2025-03-18 08:58:58'),
(14, 6, 1218.00, 7900.39, '2025-03-27 03:31:02', '2025-03-27 03:31:02'),
(15, 4, 910.00, 6800.00, '2025-03-27 03:31:34', '2025-03-27 03:31:34'),
(16, 3, 550.00, 6600.00, '2025-03-27 03:32:08', '2025-03-27 03:32:08'),
(17, 5, 448.00, 7700.00, '2025-03-27 03:32:45', '2025-03-27 03:32:45'),
(18, 5, 133.00, 25068.42, '2025-03-28 02:50:10', '2025-03-28 02:50:10'),
(19, 7, 300.00, 2535000.00, '2025-03-28 02:51:07', '2025-03-28 02:51:07'),
(20, 1, 181.00, 7700.00, '2025-04-08 09:36:26', '2025-04-08 09:36:26'),
(21, 4, 335.00, 6800.00, '2025-04-09 09:23:34', '2025-04-09 09:23:34'),
(22, 7, 300.00, 8450.00, '2025-04-09 09:24:24', '2025-04-09 09:24:24'),
(23, 3, 13.00, 6600.00, '2025-04-10 02:17:39', '2025-04-10 02:17:39'),
(24, 3, 400.00, 6600.00, '2025-04-10 03:24:01', '2025-04-10 03:24:01'),
(25, 4, 505.00, 6800.00, '2025-04-10 03:24:29', '2025-04-10 03:24:29'),
(26, 6, 1000.00, 7900.00, '2025-04-10 03:24:58', '2025-04-10 03:24:58'),
(27, 6, 1103.00, 7900.00, '2025-04-15 02:09:29', '2025-04-15 02:09:29'),
(28, 4, 535.00, 6800.00, '2025-04-15 02:10:21', '2025-04-15 02:10:21'),
(29, 3, 600.00, 6600.00, '2025-04-15 02:11:03', '2025-04-15 02:11:03'),
(30, 7, 150.00, 8450.00, '2025-04-15 02:11:46', '2025-04-15 02:11:46'),
(31, 3, 465.00, 6600.00, '2025-04-23 09:03:08', '2025-04-23 09:03:08'),
(32, 4, 500.00, 6800.00, '2025-04-23 09:03:41', '2025-04-23 09:03:41'),
(33, 6, 656.00, 7900.00, '2025-04-23 09:04:18', '2025-04-23 09:04:18'),
(34, 7, 170.00, 8450.00, '2025-04-23 09:04:53', '2025-04-23 09:04:53');

-- --------------------------------------------------------

--
-- Table structure for table `password_reset_tokens`
--

CREATE TABLE `password_reset_tokens` (
  `email` varchar(255) NOT NULL,
  `token` varchar(255) NOT NULL,
  `created_at` timestamp NULL DEFAULT NULL
) ENGINE=InnoDB DEFAULT CHARSET=utf8mb4 COLLATE=utf8mb4_unicode_ci;

-- --------------------------------------------------------

--
-- Table structure for table `pens`
--

CREATE TABLE `pens` (
  `id` bigint(20) UNSIGNED NOT NULL,
  `id_kandang` bigint(20) UNSIGNED NOT NULL,
  `code_pen` varchar(255) NOT NULL,
  `total_egg` bigint(20) UNSIGNED DEFAULT NULL,
  `total_cost` bigint(20) UNSIGNED DEFAULT NULL,
  `status` varchar(255) NOT NULL DEFAULT 'active',
  `created_at` timestamp NULL DEFAULT NULL,
  `updated_at` timestamp NULL DEFAULT NULL
) ENGINE=InnoDB DEFAULT CHARSET=utf8mb4 COLLATE=utf8mb4_unicode_ci;

--
-- Dumping data for table `pens`
--

INSERT INTO `pens` (`id`, `id_kandang`, `code_pen`, `total_egg`, `total_cost`, `status`, `created_at`, `updated_at`) VALUES
(1, 1, '1A', NULL, NULL, 'active', '2025-03-10 10:18:00', '2025-03-10 10:18:00'),
(2, 1, '1B', NULL, NULL, 'active', '2025-03-10 10:18:01', '2025-03-10 10:18:01'),
(3, 1, '1C', NULL, NULL, 'inactive', '2025-03-10 10:18:01', '2025-03-10 10:18:01'),
(4, 1, '1D', NULL, NULL, 'inactive', '2025-03-10 10:18:01', '2025-03-10 10:18:01'),
(5, 1, '2A', NULL, NULL, 'inactive', '2025-03-10 10:18:01', '2025-03-10 10:18:01'),
(6, 1, '2B', NULL, NULL, 'inactive', '2025-03-10 10:18:01', '2025-03-10 10:18:01'),
(9, 1, '3A', NULL, NULL, 'inactive', '2025-03-10 10:18:01', '2025-04-07 07:56:15'),
(10, 1, '3B', NULL, NULL, 'active', '2025-03-10 10:18:01', '2025-03-10 10:18:01'),
(13, 2, '01A', NULL, NULL, 'inactive', '2025-03-10 10:18:01', '2025-04-08 09:04:14'),
(14, 2, '01B', NULL, NULL, 'inactive', '2025-03-10 10:18:02', '2025-04-08 09:04:37'),
(15, 2, '02A', NULL, NULL, 'inactive', '2025-03-10 10:18:02', '2025-03-10 10:18:02'),
(16, 2, '02B', NULL, NULL, 'active', '2025-03-10 10:18:02', '2025-03-10 10:18:02'),
(17, 2, '03A', NULL, NULL, 'inactive', '2025-03-10 10:18:02', '2025-03-10 10:18:02'),
(18, 2, '03B', NULL, NULL, 'inactive', '2025-03-10 10:18:02', '2025-03-10 10:18:02'),
(19, 2, '04A', NULL, NULL, 'inactive', '2025-03-10 10:18:02', '2025-03-10 10:18:02'),
(20, 2, '04B', NULL, NULL, 'inactive', '2025-03-10 10:18:02', '2025-03-10 10:18:02'),
(21, 2, '05A', NULL, NULL, 'inactive', '2025-03-10 10:18:02', '2025-03-10 10:18:02'),
(22, 2, '05B', NULL, NULL, 'inactive', '2025-03-10 10:18:02', '2025-03-10 10:18:02'),
(23, 2, '06A', NULL, NULL, 'inactive', '2025-03-10 10:18:02', '2025-03-10 10:18:02'),
(24, 2, '06B', NULL, NULL, 'inactive', '2025-03-10 10:18:02', '2025-03-10 10:18:02'),
(25, 2, '07A', NULL, NULL, 'inactive', '2025-03-10 10:18:02', '2025-03-10 10:18:02'),
(26, 2, '07B', NULL, NULL, 'inactive', '2025-03-10 10:18:02', '2025-03-10 10:18:02'),
(27, 2, '08A', NULL, NULL, 'inactive', '2025-03-10 10:18:02', '2025-03-10 10:18:02'),
(28, 2, '08B', NULL, NULL, 'inactive', '2025-03-10 10:18:03', '2025-03-10 10:18:03'),
(29, 2, '09A', NULL, NULL, 'inactive', '2025-03-10 10:18:03', '2025-03-10 10:18:03'),
(30, 2, '09B', NULL, NULL, 'inactive', '2025-03-10 10:18:03', '2025-03-10 10:18:03'),
(31, 2, '10A', NULL, NULL, 'inactive', '2025-03-10 10:18:03', '2025-03-10 10:18:03'),
(32, 2, '10B', NULL, NULL, 'inactive', '2025-03-10 10:18:03', '2025-03-10 10:18:03'),
(33, 3, 'AFKIR-BRD', NULL, NULL, 'inactive', '2025-03-10 10:18:03', '2025-03-10 10:18:03'),
(34, 3, 'KARANTINA-BRD', NULL, NULL, 'inactive', '2025-03-10 10:18:03', '2025-03-10 10:18:03'),
(35, 3, 'KARANTINA-CMR', NULL, NULL, 'inactive', '2025-03-10 10:18:03', '2025-03-10 10:18:03'),
(37, 2, 'PURCHASE', NULL, NULL, 'inactive', '2025-04-11 09:44:40', '2025-04-11 09:45:29');

-- --------------------------------------------------------

--
-- Table structure for table `residents`
--

CREATE TABLE `residents` (
  `id` bigint(20) UNSIGNED NOT NULL,
  `nama_Resident` varchar(255) NOT NULL,
  `tipe` varchar(255) NOT NULL,
  `created_at` timestamp NULL DEFAULT NULL,
  `updated_at` timestamp NULL DEFAULT NULL
) ENGINE=InnoDB DEFAULT CHARSET=utf8mb4 COLLATE=utf8mb4_unicode_ci;

--
-- Dumping data for table `residents`
--

INSERT INTO `residents` (`id`, `nama_Resident`, `tipe`, `created_at`, `updated_at`) VALUES
(1, 'Residence 28', 'Residence', '2025-03-08 04:54:03', '2025-03-08 04:54:03'),
(2, 'Residence 18', 'Residence', '2025-03-08 04:54:22', '2025-03-08 04:54:22'),
(3, 'Sunrise Garden', 'Residence', '2025-03-08 04:54:37', '2025-03-08 04:54:37'),
(4, 'Perumahan Kedoya', 'Residence', '2025-03-08 04:54:57', '2025-03-08 04:54:57'),
(5, 'Tomang City Garden', 'Residence', '2025-03-08 04:55:23', '2025-03-08 04:55:23'),
(6, 'Vila Tomang Mas', 'Residence', '2025-03-08 04:55:42', '2025-03-08 04:55:42'),
(7, 'Green Lake City', 'Residence', '2025-03-08 04:56:06', '2025-03-08 04:56:06'),
(8, 'Kemang', 'Residence', '2025-03-08 04:56:16', '2025-03-08 04:56:16'),
(9, 'Perumahan PIK', 'Residence', '2025-03-08 04:56:36', '2025-03-08 04:56:36'),
(10, 'Jakarta Barat', 'Residence', '2025-04-24 02:16:27', '2025-04-24 02:16:27'),
(11, 'Jakarta Selatan', 'Residence', '2025-04-24 02:16:41', '2025-04-24 02:16:41'),
(12, 'Jakarta Utara', 'Residence', '2025-04-24 02:18:10', '2025-04-24 02:18:10'),
(13, 'Jakarta Selatan', 'Restorant', '2025-04-24 02:36:39', '2025-04-24 02:36:39'),
(14, 'Jakarta Pusat', 'Residence', '2025-04-25 07:33:43', '2025-04-25 07:33:43');

-- --------------------------------------------------------

--
-- Table structure for table `roles`
--

CREATE TABLE `roles` (
  `id` bigint(20) UNSIGNED NOT NULL,
  `role` varchar(255) NOT NULL,
  `created_at` timestamp NULL DEFAULT NULL,
  `updated_at` timestamp NULL DEFAULT NULL
) ENGINE=InnoDB DEFAULT CHARSET=utf8mb4 COLLATE=utf8mb4_unicode_ci;

--
-- Dumping data for table `roles`
--

INSERT INTO `roles` (`id`, `role`, `created_at`, `updated_at`) VALUES
(1, 'Admin', '2025-03-10 10:17:59', '2025-03-10 10:17:59'),
(2, 'user', '2025-03-10 10:17:59', '2025-03-10 10:17:59'),
(3, 'analyst', '2025-03-10 10:17:59', '2025-03-10 10:17:59'),
(4, 'seller', '2025-03-10 10:17:59', '2025-03-10 10:17:59'),
(5, 'super_admin', '2025-04-11 03:58:53', '2025-04-11 03:59:00'),
(6, 'super_user', '2025-04-11 03:59:11', '2025-04-11 03:59:11');

-- --------------------------------------------------------

--
-- Table structure for table `sales`
--

CREATE TABLE `sales` (
  `id` bigint(20) UNSIGNED NOT NULL,
  `id_pen` bigint(20) UNSIGNED NOT NULL,
  `qty` int(11) NOT NULL,
  `price` decimal(15,2) DEFAULT NULL,
  `description` text DEFAULT NULL,
  `created_at` timestamp NULL DEFAULT NULL,
  `updated_at` timestamp NULL DEFAULT NULL
) ENGINE=InnoDB DEFAULT CHARSET=utf8mb4 COLLATE=utf8mb4_unicode_ci;

--
-- Dumping data for table `sales`
--

INSERT INTO `sales` (`id`, `id_pen`, `qty`, `price`, `description`, `created_at`, `updated_at`) VALUES
(1, 13, 20, NULL, NULL, '2025-03-12 13:04:04', '2025-03-12 13:04:04'),
(2, 15, 20, NULL, NULL, '2025-03-12 13:05:01', '2025-03-12 13:05:01'),
(3, 16, 30, NULL, NULL, '2025-03-12 13:05:30', '2025-03-12 13:05:30'),
(4, 17, 20, NULL, NULL, '2025-03-12 13:06:07', '2025-03-12 13:06:07'),
(5, 5, 8, NULL, NULL, '2025-03-12 13:17:28', '2025-03-12 13:17:28'),
(6, 2, 2, NULL, NULL, '2025-03-13 03:29:28', '2025-03-13 03:29:28'),
(7, 13, 12, NULL, NULL, '2025-03-13 13:02:30', '2025-03-13 13:02:30'),
(8, 15, 40, NULL, NULL, '2025-03-13 13:03:11', '2025-03-13 13:03:11'),
(9, 16, 40, NULL, NULL, '2025-03-13 13:04:08', '2025-03-13 13:04:08'),
(10, 17, 40, NULL, NULL, '2025-03-13 13:05:20', '2025-03-13 13:05:20'),
(11, 18, 20, NULL, NULL, '2025-03-13 13:06:04', '2025-03-13 13:06:04'),
(12, 19, 7, NULL, NULL, '2025-03-13 13:07:48', '2025-03-13 13:07:48'),
(13, 15, 20, NULL, NULL, '2025-03-16 12:40:44', '2025-03-16 12:40:44'),
(14, 16, 30, NULL, NULL, '2025-03-16 12:41:17', '2025-03-16 12:41:17'),
(15, 2, 20, NULL, NULL, '2025-03-17 11:25:00', '2025-03-17 11:25:00'),
(16, 15, 30, NULL, NULL, '2025-03-17 11:31:01', '2025-03-17 11:31:01'),
(17, 16, 20, NULL, NULL, '2025-03-17 11:31:35', '2025-03-17 11:31:35'),
(18, 13, 30, NULL, NULL, '2025-03-18 09:19:57', '2025-03-18 09:19:57'),
(19, 15, 30, NULL, NULL, '2025-03-20 13:13:37', '2025-03-20 13:13:37'),
(20, 16, 100, NULL, NULL, '2025-03-20 13:14:10', '2025-03-20 13:14:10'),
(21, 17, 50, NULL, NULL, '2025-03-20 13:14:51', '2025-03-20 13:14:51'),
(22, 18, 50, NULL, NULL, '2025-03-20 13:15:38', '2025-03-20 13:15:38'),
(23, 5, 20, NULL, NULL, '2025-03-20 13:29:31', '2025-03-20 13:29:31'),
(24, 15, 30, NULL, NULL, '2025-03-24 11:09:37', '2025-03-24 11:09:37'),
(25, 16, 30, NULL, NULL, '2025-03-24 11:10:02', '2025-03-24 11:10:02'),
(26, 17, 20, NULL, NULL, '2025-03-24 11:10:53', '2025-03-24 11:10:53'),
(27, 18, 20, NULL, NULL, '2025-03-24 11:12:10', '2025-03-24 11:12:10'),
(28, 2, 35, NULL, NULL, '2025-03-24 11:26:15', '2025-03-24 11:26:15'),
(29, 2, 16, NULL, NULL, '2025-03-25 12:44:42', '2025-03-25 12:44:42'),
(30, 4, 4, NULL, NULL, '2025-03-25 12:45:30', '2025-03-25 12:45:30'),
(31, 15, 30, NULL, NULL, '2025-03-26 15:27:30', '2025-03-26 15:27:30'),
(32, 16, 40, NULL, NULL, '2025-03-26 16:30:03', '2025-03-26 16:30:03'),
(33, 17, 7, NULL, NULL, '2025-03-26 16:30:32', '2025-03-26 16:30:32'),
(34, 18, 50, NULL, NULL, '2025-03-26 16:31:10', '2025-03-26 16:31:10'),
(35, 16, 10, NULL, NULL, '2025-03-27 08:34:46', '2025-03-27 08:34:46'),
(36, 17, 50, NULL, NULL, '2025-03-27 08:35:32', '2025-03-27 08:35:32'),
(37, 18, 30, NULL, NULL, '2025-03-27 08:36:13', '2025-03-27 08:36:13'),
(38, 15, 5, NULL, NULL, '2025-04-09 09:30:17', '2025-04-09 09:30:17'),
(39, 16, 5, NULL, NULL, '2025-04-09 09:30:49', '2025-04-09 09:30:49'),
(40, 17, 50, NULL, NULL, '2025-04-09 09:31:32', '2025-04-09 09:31:32'),
(41, 18, 40, NULL, NULL, '2025-04-09 09:32:03', '2025-04-09 09:32:03'),
(42, 6, 50, NULL, NULL, '2025-04-11 07:59:52', '2025-04-11 07:59:52'),
(43, 5, 10, NULL, NULL, '2025-04-11 08:45:54', '2025-04-11 08:45:54'),
(44, 17, 97, NULL, NULL, '2025-04-11 08:51:48', '2025-04-11 08:51:48'),
(45, 18, 43, NULL, NULL, '2025-04-11 08:54:44', '2025-04-11 08:54:44'),
(46, 37, 20, NULL, NULL, '2025-04-11 09:45:39', '2025-04-11 09:45:39'),
(47, 5, 50, NULL, NULL, '2025-04-15 08:04:15', '2025-04-15 08:04:15'),
(48, 5, 47, NULL, NULL, '2025-04-17 03:26:21', '2025-04-17 03:26:21'),
(49, 17, 15, NULL, NULL, '2025-04-18 15:00:45', '2025-04-18 15:00:45'),
(50, 19, 61, NULL, NULL, '2025-04-18 15:24:14', '2025-04-18 15:24:14'),
(51, 19, 65, NULL, NULL, '2025-04-25 01:17:14', '2025-04-25 01:17:14'),
(52, 3, 12, NULL, NULL, '2025-04-25 03:37:11', '2025-04-25 03:37:11'),
(53, 20, 50, NULL, NULL, '2025-04-25 03:44:28', '2025-04-25 03:44:28'),
(54, 3, 12, NULL, NULL, '2025-04-25 08:02:15', '2025-04-25 08:02:15');

-- --------------------------------------------------------

--
-- Table structure for table `sale_transactions`
--

CREATE TABLE `sale_transactions` (
  `id` bigint(20) UNSIGNED NOT NULL,
  `tanggal_Penjualan` date NOT NULL,
  `id_pembeli` bigint(20) UNSIGNED NOT NULL,
  `jumlah_ayam` int(11) NOT NULL,
  `id_ayam` bigint(20) UNSIGNED NOT NULL,
  `harga` decimal(15,2) DEFAULT NULL,
  `diskon` decimal(15,2) DEFAULT 0.00,
  `total_harga` decimal(15,2) DEFAULT NULL,
  `status` varchar(20) NOT NULL DEFAULT 'pending',
  `description` text DEFAULT NULL,
  `created_at` timestamp NULL DEFAULT NULL,
  `updated_at` timestamp NULL DEFAULT NULL
) ENGINE=InnoDB DEFAULT CHARSET=utf8mb4 COLLATE=utf8mb4_unicode_ci;

--
-- Dumping data for table `sale_transactions`
--

INSERT INTO `sale_transactions` (`id`, `tanggal_Penjualan`, `id_pembeli`, `jumlah_ayam`, `id_ayam`, `harga`, `diskon`, `total_harga`, `status`, `description`, `created_at`, `updated_at`) VALUES
(1, '2025-04-24', 16, 5, 1, 55000.00, 0.00, 275000.00, 'pending', 'Utuh', '2025-04-23 02:53:19', '2025-04-23 02:53:19'),
(2, '2025-04-24', 3, 2, 1, 55000.00, 0.00, 110000.00, 'pending', 'per ekor potong 8', '2025-04-23 02:54:44', '2025-04-23 02:54:44'),
(3, '2025-04-24', 4, 2, 1, 55000.00, 0.00, 110000.00, 'pending', 'Utuh', '2025-04-23 02:55:30', '2025-04-23 02:55:30'),
(4, '2025-04-24', 5, 4, 1, 55000.00, 0.00, 220000.00, 'pending', 'Per ekor potong 8', '2025-04-23 02:56:29', '2025-04-23 02:56:29'),
(5, '2025-04-24', 6, 1, 1, 55000.00, 0.00, 55000.00, 'pending', 'Utuh', '2025-04-23 02:57:01', '2025-04-23 02:57:01'),
(6, '2025-04-24', 14, 1, 1, 55000.00, 0.00, 55000.00, 'pending', 'Potong 4', '2025-04-23 03:00:19', '2025-04-23 03:00:19'),
(7, '2025-04-24', 7, 3, 1, 55000.00, 0.00, 165000.00, 'pending', 'Belah dada karena untuk dibakar', '2025-04-23 03:01:12', '2025-04-23 03:01:12'),
(8, '2025-04-24', 17, 2, 1, 55000.00, 0.00, 110000.00, 'pending', 'Per ekor potong 4', '2025-04-23 03:03:40', '2025-04-23 03:03:40'),
(9, '2025-04-24', 8, 10, 1, 55000.00, 0.00, 550000.00, 'pending', 'Utuh', '2025-04-23 03:04:25', '2025-04-24 07:32:33'),
(10, '2025-04-24', 18, 3, 1, 55000.00, 0.00, 165000.00, 'pending', 'Termasuk Hati, Ampla', '2025-04-24 07:32:59', '2025-04-24 07:32:59'),
(11, '2025-04-24', 9, 4, 1, 55000.00, 0.00, 220000.00, 'pending', '1 ekor putih, 3 ekor @potong 12', '2025-04-24 07:34:27', '2025-04-24 07:34:27'),
(12, '2025-04-24', 19, 4, 1, 55000.00, 0.00, 220000.00, 'pending', '3 ekor potong fillet, 1 ekor potong 12', '2025-04-24 07:35:58', '2025-04-24 07:35:58'),
(13, '2025-04-24', 20, 10, 1, 55000.00, 5000.00, 500000.00, 'pending', 'masing masing potong 4, Ceker putih - bersih', '2025-04-24 07:38:11', '2025-04-24 07:38:11'),
(14, '2025-04-24', 21, 2, 1, 55000.00, 0.00, 110000.00, 'pending', 'potong 12', '2025-04-24 07:40:04', '2025-04-24 07:40:04'),
(15, '2025-04-24', 22, 2, 1, 55000.00, 0.00, 110000.00, 'pending', 'Utuh', '2025-04-24 07:40:45', '2025-04-24 07:40:45'),
(16, '2025-04-24', 23, 25, 4, 65000.00, 0.00, 1625000.00, 'pending', 'utuh', '2025-04-24 07:42:11', '2025-04-24 07:42:11'),
(17, '2025-04-24', 24, 50, 2, 50000.00, 0.00, 2500000.00, 'pending', 'Tunggir dan kepala dibuang, lehernya diambil', '2025-04-24 07:43:06', '2025-04-24 08:00:49'),
(18, '2025-04-24', 25, 10, 1, 55000.00, 0.00, 550000.00, 'pending', 'Masing Masing potong 4', '2025-04-24 07:51:27', '2025-04-24 07:51:27'),
(19, '2025-04-17', 10, 3, 1, 55000.00, 0.00, 165000.00, 'pending', 'Utuh', '2025-04-25 07:44:52', '2025-04-25 07:44:52'),
(20, '2025-04-17', 11, 4, 1, 55000.00, 0.00, 220000.00, 'pending', 'Utuh', '2025-04-25 07:45:28', '2025-04-25 07:45:28'),
(21, '2025-04-17', 12, 2, 1, 55000.00, 0.00, 110000.00, 'pending', 'Potong 4', '2025-04-25 07:46:17', '2025-04-25 07:46:17'),
(22, '2025-04-17', 13, 10, 1, 55000.00, 0.00, 550000.00, 'pending', 'Potong 8', '2025-04-25 07:47:08', '2025-04-25 07:47:08'),
(23, '2025-04-17', 14, 1, 1, 55000.00, 0.00, 55000.00, 'pending', 'Potong 4', '2025-04-25 07:47:42', '2025-04-25 07:47:42'),
(24, '2025-04-17', 15, 2, 1, 55000.00, 0.00, 110000.00, 'pending', 'Potong 4, Paha 2', '2025-04-25 07:48:33', '2025-04-25 07:48:33'),
(25, '2025-04-17', 28, 5, 1, 55000.00, 0.00, 275000.00, 'pending', 'Potong 4', '2025-04-25 07:49:21', '2025-04-25 07:49:21'),
(26, '2025-04-17', 29, 3, 1, 55000.00, 0.00, 165000.00, 'pending', 'Potong 4', '2025-04-25 07:51:34', '2025-04-25 07:51:34'),
(27, '2025-04-17', 30, 10, 1, 55000.00, 0.00, 550000.00, 'pending', 'Potong 4', '2025-04-25 07:54:22', '2025-04-25 07:54:22'),
(28, '2025-04-17', 31, 5, 1, 55000.00, 0.00, 275000.00, 'pending', 'Potong 4', '2025-04-25 07:55:18', '2025-04-25 07:55:18'),
(29, '2025-04-17', 32, 2, 1, 55000.00, 0.00, 110000.00, 'pending', 'Utuh', '2025-04-25 07:56:02', '2025-04-25 07:56:02'),
(30, '2025-04-17', 20, 10, 1, 55000.00, 5000.00, 500000.00, 'pending', 'Potong 4, ceker putih, bersih', '2025-04-25 07:57:26', '2025-04-25 07:57:26'),
(31, '2025-04-17', 9, 2, 1, 55000.00, 0.00, 110000.00, 'pending', 'Potong 4, ayam agak besar', '2025-04-25 07:59:50', '2025-04-25 07:59:50'),
(32, '2025-04-17', 33, 2, 1, 55000.00, 5000.00, 100000.00, 'pending', 'Potong 4', '2025-04-25 08:00:40', '2025-04-25 08:00:40'),
(33, '2025-04-17', 34, 3, 1, 55000.00, 5000.00, 150000.00, 'pending', 'Potong 8', '2025-04-25 08:01:33', '2025-04-25 08:01:33'),
(34, '2025-04-17', 35, 5, 1, 55000.00, 5000.00, 250000.00, 'pending', 'Utuh', '2025-04-25 08:02:07', '2025-04-25 08:02:07'),
(35, '2025-04-17', 41, 5, 1, 55000.00, 5000.00, 250000.00, 'pending', 'Utuh', '2025-04-25 08:02:41', '2025-04-25 08:02:41'),
(36, '2025-04-17', 36, 5, 1, 55000.00, 5000.00, 250000.00, 'pending', 'Utuh', '2025-04-25 08:03:18', '2025-04-25 08:03:18'),
(37, '2025-04-17', 37, 5, 1, 55000.00, 5000.00, 250000.00, 'pending', 'Utuh', '2025-04-25 08:03:47', '2025-04-25 08:03:47'),
(38, '2025-04-17', 38, 10, 1, 55000.00, 0.00, 550000.00, 'pending', 'Potong 4', '2025-04-25 08:05:59', '2025-04-25 08:05:59'),
(39, '2025-04-17', 39, 10, 1, 55000.00, 0.00, 550000.00, 'pending', 'Potong 4', '2025-04-25 08:06:50', '2025-04-25 08:06:50'),
(40, '2025-04-17', 40, 10, 1, 55000.00, 0.00, 550000.00, 'pending', 'Utuh', '2025-04-25 08:07:23', '2025-04-25 08:07:23'),
(41, '2025-04-29', 24, 50, 2, 50000.00, 0.00, 2500000.00, 'pending', 'Tunggir dan kepala dibuang, leher jangan', '2025-04-29 00:52:53', '2025-04-29 00:52:53');

-- --------------------------------------------------------

--
-- Table structure for table `sessions`
--

CREATE TABLE `sessions` (
  `id` varchar(255) NOT NULL,
  `user_id` bigint(20) UNSIGNED DEFAULT NULL,
  `ip_address` varchar(45) DEFAULT NULL,
  `user_agent` text DEFAULT NULL,
  `payload` longtext NOT NULL,
  `last_activity` int(11) NOT NULL
) ENGINE=InnoDB DEFAULT CHARSET=utf8mb4 COLLATE=utf8mb4_unicode_ci;

--
-- Dumping data for table `sessions`
--

INSERT INTO `sessions` (`id`, `user_id`, `ip_address`, `user_agent`, `payload`, `last_activity`) VALUES
('AqujMUQAcyFcQSrQfiJo8q7RvjUekHd6MfwrcGja', 6, '113.11.138.114', 'Mozilla/5.0 (Windows NT 10.0; Win64; x64) AppleWebKit/537.36 (KHTML, like Gecko) Chrome/135.0.0.0 Safari/537.36', 'YTozOntzOjY6Il90b2tlbiI7czo0MDoiaVhtTjFDVlJRRE96VFJiUkRtajlFQ003VlYxV0N1dkdzbG9jM2pSMiI7czo1MDoibG9naW5fd2ViXzU5YmEzNmFkZGMyYjJmOTQwMTU4MGYwMTRjN2Y1OGVhNGUzMDk4OWQiO2k6NjtzOjY6Il9mbGFzaCI7YToyOntzOjM6Im9sZCI7YTowOnt9czozOiJuZXciO2E6MDp7fX19', 1745820653),
('cX9OKm5yVwi6YqnY7dVSDjtaH0vovyMhuKoNvRiS', 5, '2001:448a:2040:d95f:b1dc:43d7:6894:bcb8', 'Mozilla/5.0 (Windows NT 10.0; Win64; x64) AppleWebKit/537.36 (KHTML, like Gecko) Chrome/135.0.0.0 Safari/537.36', 'YTo0OntzOjY6Il90b2tlbiI7czo0MDoiTTJqRzV6MmFSQ01xOVo4dmNpWTdrSkV4YVI2WEJHZG5GbjZMSTZ5WSI7czo5OiJfcHJldmlvdXMiO2E6MTp7czozOiJ1cmwiO3M6NTM6Imh0dHBzOi8vY2hpY2tlbi5wYXJ1bmdoaWphdXBlcmthc2EuY29tL3VzZXIvZGFzaGJvYXJkIjt9czo2OiJfZmxhc2giO2E6Mjp7czozOiJvbGQiO2E6MDp7fXM6MzoibmV3IjthOjA6e319czo1MDoibG9naW5fd2ViXzU5YmEzNmFkZGMyYjJmOTQwMTU4MGYwMTRjN2Y1OGVhNGUzMDk4OWQiO2k6NTt9', 1745805900),
('E7ui6q3TvPmV5eVhqoFaPqs3oDgbKwNKWwAC2B43', 1, '113.11.138.114', 'Mozilla/5.0 (Windows NT 10.0; Win64; x64) AppleWebKit/537.36 (KHTML, like Gecko) Chrome/135.0.0.0 Safari/537.36', 'YTo0OntzOjY6Il90b2tlbiI7czo0MDoiN05sRWtDSWF3ZlJzV25jblEwVnhNcXJqVnNzclFBenRSVE14MVRSVCI7czo2OiJfZmxhc2giO2E6Mjp7czozOiJvbGQiO2E6MDp7fXM6MzoibmV3IjthOjA6e319czo5OiJfcHJldmlvdXMiO2E6MTp7czozOiJ1cmwiO3M6NTA6Imh0dHBzOi8vY2hpY2tlbi5wYXJ1bmdoaWphdXBlcmthc2EuY29tL2FkbWluL3NhbGVzIjt9czo1MDoibG9naW5fd2ViXzU5YmEzNmFkZGMyYjJmOTQwMTU4MGYwMTRjN2Y1OGVhNGUzMDk4OWQiO2k6MTt9', 1745909552),
('FSCQWdy6mhpUKMuKxOAdzCeYei9nYa6mgQJY68Bh', 6, '113.11.138.114', 'Mozilla/5.0 (Windows NT 10.0; Win64; x64) AppleWebKit/537.36 (KHTML, like Gecko) Chrome/135.0.0.0 Safari/537.36', 'YTozOntzOjY6Il90b2tlbiI7czo0MDoiQ0NHdnJZdFJ1S25IMHp6MnFMODRnSVFZTUZYTlpyMU9NYVg3WTVCMCI7czo1MDoibG9naW5fd2ViXzU5YmEzNmFkZGMyYjJmOTQwMTU4MGYwMTRjN2Y1OGVhNGUzMDk4OWQiO2k6NjtzOjY6Il9mbGFzaCI7YToyOntzOjM6Im9sZCI7YTowOnt9czozOiJuZXciO2E6MDp7fX19', 1745887823),
('p2ZPtu7kuMEblDV0HLzXNCNLnSLIMBeSMLWjEozI', 6, '113.11.138.114', 'Mozilla/5.0 (Windows NT 10.0; Win64; x64) AppleWebKit/537.36 (KHTML, like Gecko) Chrome/135.0.0.0 Safari/537.36', 'YTo0OntzOjY6Il90b2tlbiI7czo0MDoibDE5S3RKYVpKYnNsVVFwYXFDTXZYZXhVdm5GMWNKWXJPcm9ZeTk2MiI7czo1MDoibG9naW5fd2ViXzU5YmEzNmFkZGMyYjJmOTQwMTU4MGYwMTRjN2Y1OGVhNGUzMDk4OWQiO2k6NjtzOjY6Il9mbGFzaCI7YToyOntzOjM6Im9sZCI7YTowOnt9czozOiJuZXciO2E6MDp7fX1zOjk6Il9wcmV2aW91cyI7YToxOntzOjM6InVybCI7czo1ODoiaHR0cHM6Ly9jaGlja2VuLnBhcnVuZ2hpamF1cGVya2FzYS5jb20vYWRtaW4vU2FsZXMtU3VtbWFyeSI7fX0=', 1745832900),
('tHGL8a8PyxRP626sLF4GZObR5rQUMaH0bmeOaGMb', 6, '113.11.138.114', 'Mozilla/5.0 (Windows NT 10.0; Win64; x64) AppleWebKit/537.36 (KHTML, like Gecko) Chrome/135.0.0.0 Safari/537.36', 'YTo0OntzOjY6Il90b2tlbiI7czo0MDoiTmpPWEY4SmcyN1F3SENtN1FrZDJOeVZCbDh0RWpwSnFlTlRIM29keCI7czo1MDoibG9naW5fd2ViXzU5YmEzNmFkZGMyYjJmOTQwMTU4MGYwMTRjN2Y1OGVhNGUzMDk4OWQiO2k6NjtzOjk6Il9wcmV2aW91cyI7YToxOntzOjM6InVybCI7czo1MDoiaHR0cHM6Ly9jaGlja2VuLnBhcnVuZ2hpamF1cGVya2FzYS5jb20vYWRtaW4vc2FsZXMiO31zOjY6Il9mbGFzaCI7YToyOntzOjM6Im9sZCI7YTowOnt9czozOiJuZXciO2E6MDp7fX19', 1745899376),
('WpsKUQc0m1vk58oEYqeQzLDDCQPrQZDijRMxPRzJ', 3, '2001:448a:2040:d95f:b1dc:43d7:6894:bcb8', 'Mozilla/5.0 (Windows NT 10.0; Win64; x64) AppleWebKit/537.36 (KHTML, like Gecko) Chrome/135.0.0.0 Safari/537.36', 'YTo0OntzOjY6Il90b2tlbiI7czo0MDoia05KbEpFdlpyaGQ1ZXU4ZGtTNjYwdWp6c1NmQzBpYUdjNGh2bUh5ZyI7czo5OiJfcHJldmlvdXMiO2E6MTp7czozOiJ1cmwiO3M6NTQ6Imh0dHBzOi8vY2hpY2tlbi5wYXJ1bmdoaWphdXBlcmthc2EuY29tL2FkbWluL2Rhc2hib2FyZCI7fXM6NjoiX2ZsYXNoIjthOjI6e3M6Mzoib2xkIjthOjA6e31zOjM6Im5ldyI7YTowOnt9fXM6NTA6ImxvZ2luX3dlYl81OWJhMzZhZGRjMmIyZjk0MDE1ODBmMDE0YzdmNThlYTRlMzA5ODlkIjtpOjM7fQ==', 1745803300);

-- --------------------------------------------------------

--
-- Table structure for table `table_moves`
--

CREATE TABLE `table_moves` (
  `id` bigint(20) UNSIGNED NOT NULL,
  `current_pen` bigint(20) UNSIGNED NOT NULL,
  `destination_pen` bigint(20) UNSIGNED NOT NULL,
  `totalMale` bigint(20) UNSIGNED NOT NULL,
  `totalFemale` bigint(20) UNSIGNED NOT NULL,
  `maleCost` decimal(15,2) DEFAULT NULL,
  `femaleCost` decimal(15,2) DEFAULT NULL,
  `status` varchar(255) DEFAULT 'active',
  `created_at` timestamp NULL DEFAULT NULL,
  `updated_at` timestamp NULL DEFAULT NULL
) ENGINE=InnoDB DEFAULT CHARSET=utf8mb4 COLLATE=utf8mb4_unicode_ci;

--
-- Dumping data for table `table_moves`
--

INSERT INTO `table_moves` (`id`, `current_pen`, `destination_pen`, `totalMale`, `totalFemale`, `maleCost`, `femaleCost`, `status`, `created_at`, `updated_at`) VALUES
(1, 0, 31, 657, 0, 0.00, 0.00, 'inactive', '2025-03-11 06:33:04', '2025-03-11 06:33:04'),
(2, 0, 32, 595, 0, 0.00, 0.00, 'inactive', '2025-03-18 07:54:35', '2025-03-18 07:54:35'),
(10, 1, 33, 7, 147, 0.00, 0.00, 'inactive', '2025-04-07 08:34:31', '2025-04-07 08:34:31'),
(12, 2, 33, 1, 9, 0.00, 0.00, 'inactive', '2025-04-07 08:38:57', '2025-04-07 08:38:57'),
(13, 1, 33, 0, 1, 0.00, 0.00, 'inactive', '2025-04-07 08:39:13', '2025-04-07 08:39:13'),
(14, 33, 3, 6, 144, 0.00, 0.00, 'inactive', '2025-04-07 08:40:00', '2025-04-07 09:44:35'),
(15, 33, 4, 9, 4, 0.00, 0.00, 'inactive', '2025-04-07 08:42:32', '2025-04-07 09:45:08'),
(19, 0, 13, 550, 0, 0.00, 0.00, 'inactive', '2025-04-08 08:04:41', '2025-04-08 08:04:41'),
(20, 0, 14, 385, 0, 0.00, 0.00, 'inactive', '2025-04-08 08:29:28', '2025-04-08 08:29:28'),
(21, 0, 13, 550, 0, 0.00, 0.00, 'inactive', '2025-04-08 09:37:50', '2025-04-08 09:37:50'),
(22, 0, 14, 385, 0, 0.00, 0.00, 'inactive', '2025-04-08 09:38:09', '2025-04-08 09:38:09'),
(23, 0, 15, 350, 0, 2928900.00, 0.00, 'inactive', '2025-04-10 02:01:00', '2025-04-10 02:01:00'),
(24, 15, 35, 0, 13, 0.00, 631.32, 'inactive', '2025-04-10 02:37:21', '2025-04-10 02:37:21'),
(25, 18, 35, 1, 0, 679701.98, 0.00, 'inactive', '2025-04-11 08:54:44', '2025-04-11 08:54:44'),
(26, 0, 16, 335, 0, 2640000.00, 0.00, 'inactive', '2025-04-15 08:09:33', '2025-04-15 08:09:33'),
(27, 6, 6, 0, 65, 0.00, 0.00, 'active', '2025-04-21 16:36:05', '2025-04-21 16:36:05'),
(28, 0, 17, 315, 0, 1346400.00, 0.00, 'inactive', '2025-04-24 15:19:03', '2025-04-24 15:19:03');

-- --------------------------------------------------------

--
-- Table structure for table `users`
--

CREATE TABLE `users` (
  `id` bigint(20) UNSIGNED NOT NULL,
  `name` varchar(255) NOT NULL,
  `slug` varchar(255) DEFAULT NULL,
  `email` varchar(255) DEFAULT NULL,
  `username` varchar(255) NOT NULL,
  `email_verified_at` timestamp NULL DEFAULT NULL,
  `password` varchar(255) NOT NULL,
  `role_id` bigint(20) UNSIGNED NOT NULL,
  `remember_token` varchar(100) DEFAULT NULL,
  `deleted_at` timestamp NULL DEFAULT NULL,
  `created_at` timestamp NULL DEFAULT NULL,
  `updated_at` timestamp NULL DEFAULT NULL
) ENGINE=InnoDB DEFAULT CHARSET=utf8mb4 COLLATE=utf8mb4_unicode_ci;

--
-- Dumping data for table `users`
--

INSERT INTO `users` (`id`, `name`, `slug`, `email`, `username`, `email_verified_at`, `password`, `role_id`, `remember_token`, `deleted_at`, `created_at`, `updated_at`) VALUES
(1, 'Admin', NULL, NULL, 'Admin', NULL, '$2y$12$uIapgS.uI8oqb6Lj36Kz5u2iHqiYSoUS/LU8Tg9507400lzXY4yiq', 5, 't6gGS2ueve32bNZ7FArzSahVPCpiTz4MbcEPzohtL6VSRSbjHuOdNsv3hlbe', NULL, '2025-03-10 10:17:59', '2025-03-10 10:17:59'),
(2, 'user', NULL, NULL, 'user', NULL, '$2y$12$jHWZ.2j715.UB/iLPukhoeV9YvrZo.coSy1NGz9B36nEkVxM5m4QO', 6, NULL, NULL, '2025-03-10 10:17:59', '2025-03-10 10:17:59'),
(3, 'kaila', NULL, NULL, 'kaila', NULL, '$2y$12$4Syhqe6RmjlnhvYZunbndu9R0P3vSEazvfNV1.73WGQ2tSgfggGJq', 5, NULL, NULL, '2025-03-10 10:18:00', '2025-03-10 10:18:00'),
(4, 'willy', NULL, NULL, 'willy', NULL, '$2y$12$fULAMEhRN7Il.Kv2cw79iedcWm4xpNK3pzeSZ.gREBKdHnI8hIB3e', 2, 'sJpvaA2KqVzcLeY5TnxyWG6furFhI9ipIYfVpBEnR0Hi8kcgW2y2gwM713IT', NULL, '2025-03-10 10:18:00', '2025-03-10 10:18:00'),
(5, 'kaila user', NULL, NULL, 'kailauser', NULL, '$2y$12$2.tUeIRXDizwnLqFGo7CBedRo0D09VwcmJO7tQovhJmDNcMBdcxFS', 6, NULL, NULL, '2025-03-27 01:59:33', '2025-03-27 01:59:33'),
(6, 'sales', NULL, NULL, 'sales', NULL, '$2y$12$OyN32BJG4c0q.j7uC9NEneg1/cTWTQy9F8xXRxKezAbRBP8i3oec.', 4, 'CvHc2nA5ZK5jlUmYUTPngh038WFSQG4SmVbAyxmdRvjtq31h4VYwFm16MMbf', NULL, '2025-04-22 07:08:37', '2025-04-22 07:08:37');

-- --------------------------------------------------------

--
-- Table structure for table `vaksins`
--

CREATE TABLE `vaksins` (
  `id` bigint(20) UNSIGNED NOT NULL,
  `nama` varchar(255) NOT NULL,
  `type` varchar(255) DEFAULT NULL,
  `hari` int(11) DEFAULT NULL,
  `created_at` timestamp NULL DEFAULT NULL,
  `updated_at` timestamp NULL DEFAULT NULL
) ENGINE=InnoDB DEFAULT CHARSET=utf8mb4 COLLATE=utf8mb4_unicode_ci;

--
-- Dumping data for table `vaksins`
--

INSERT INTO `vaksins` (`id`, `nama`, `type`, `hari`, `created_at`, `updated_at`) VALUES
(1, 'MAREKS', 'BRD', 1, '2025-03-10 10:18:03', '2025-03-10 10:18:03'),
(2, 'ND IB', 'BRD', 1, '2025-03-10 10:18:03', '2025-03-10 10:18:03'),
(3, 'ND AI KILLED', 'BRD', 1, '2025-03-10 10:18:03', '2025-03-10 10:18:03'),
(4, 'GUMBOPLEKS', 'BRD', 1, '2025-03-10 10:18:03', '2025-03-10 10:18:03'),
(5, 'KOKSI', 'BRD', 5, '2025-03-10 10:18:03', '2025-03-10 10:18:03'),
(6, 'ND IB', 'BRD', 35, '2025-03-10 10:18:04', '2025-03-10 10:18:04'),
(7, 'AI SINGEL', 'BRD', 42, '2025-03-10 10:18:04', '2025-03-10 10:18:04'),
(8, 'CORYZA T SUSPENSION', 'BRD', 62, '2025-03-10 10:18:04', '2025-03-10 10:18:04'),
(9, 'ILT', 'BRD', 62, '2025-03-10 10:18:04', '2025-03-10 10:18:04'),
(10, 'POX', 'BRD', 70, '2025-03-10 10:18:04', '2025-03-10 10:18:04'),
(11, 'ND IB', 'BRD', 77, '2025-03-10 10:18:04', '2025-03-10 10:18:04'),
(12, 'AI SINGEL', 'BRD', 91, '2025-03-10 10:18:04', '2025-03-10 10:18:04'),
(13, 'ND IB', 'BRD', 112, '2025-03-10 10:18:04', '2025-03-10 10:18:04'),
(14, 'ND IB', 'BRD', 147, '2025-03-10 10:18:04', '2025-03-10 10:18:04'),
(15, 'ND IB', 'BRD', 203, '2025-03-10 10:18:04', '2025-03-10 10:18:04'),
(16, 'AI SINGEL', 'BRD', 231, '2025-03-10 10:18:04', '2025-03-10 10:18:04'),
(17, 'ND IB IBD', 'BRD', 245, '2025-03-10 10:18:04', '2025-03-10 10:18:04'),
(18, 'ND IB', 'BRD', 287, '2025-03-10 10:18:04', '2025-03-10 10:18:04'),
(19, 'ND IB', 'BRD', 329, '2025-03-10 10:18:04', '2025-03-10 10:18:04'),
(20, 'AI SINGEL', 'BRD', 357, '2025-03-10 10:18:04', '2025-03-10 10:18:04'),
(21, 'ND IB', 'BRD', 371, '2025-03-10 10:18:04', '2025-03-10 10:18:04'),
(22, 'ND IB', 'BRD', 413, '2025-03-10 10:18:04', '2025-03-10 10:18:04'),
(23, 'AI SINGEL', 'BRD', 441, '2025-03-10 10:18:05', '2025-03-10 10:18:05'),
(24, 'ND IB', 'BRD', 455, '2025-03-10 10:18:05', '2025-03-10 10:18:05'),
(25, 'ND IB', 'BRD', 497, '2025-03-10 10:18:05', '2025-03-10 10:18:05'),
(26, 'ND IB IBD', 'BRD', 525, '2025-03-10 10:18:05', '2025-03-10 10:18:05'),
(27, 'AI SINGEL', 'BRD', 525, '2025-03-10 10:18:05', '2025-03-10 10:18:05'),
(28, 'ND IB', 'CMR', 1, '2025-03-10 10:18:05', '2025-03-10 10:18:05'),
(29, 'ND T-AI H5&H9', 'CMR', 7, '2025-03-10 10:18:05', '2025-03-10 10:18:05'),
(30, 'GUMBORO A', 'CMR', 14, '2025-03-10 10:18:05', '2025-03-10 10:18:05'),
(31, 'ND CLONE 45', 'CMR', 28, '2025-03-10 10:18:05', '2025-03-10 10:18:05'),
(32, 'ND CLONE 45', 'CMR', 50, '2025-03-10 10:18:05', '2025-03-10 10:18:05');

-- --------------------------------------------------------

--
-- Table structure for table `vaksin_transactions`
--

CREATE TABLE `vaksin_transactions` (
  `id` bigint(20) UNSIGNED NOT NULL,
  `id_vaksin` bigint(20) UNSIGNED NOT NULL,
  `qty` decimal(15,2) NOT NULL,
  `harga` decimal(15,2) NOT NULL,
  `created_at` timestamp NULL DEFAULT NULL,
  `updated_at` timestamp NULL DEFAULT NULL
) ENGINE=InnoDB DEFAULT CHARSET=utf8mb4 COLLATE=utf8mb4_unicode_ci;

--
-- Dumping data for table `vaksin_transactions`
--

INSERT INTO `vaksin_transactions` (`id`, `id_vaksin`, `qty`, `harga`, `created_at`, `updated_at`) VALUES
(1, 8, 2000.00, 52.50, '2025-03-21 05:12:17', '2025-03-21 05:12:17'),
(2, 13, 10000.00, 40.40, '2025-03-21 05:13:06', '2025-03-21 05:13:06'),
(3, 14, 10000.00, 288000.00, '2025-03-21 08:34:40', '2025-03-21 08:34:40'),
(4, 2, 5000.00, 54.40, '2025-03-21 08:35:42', '2025-03-21 08:35:42'),
(5, 15, 500.00, 1040600.00, '2025-03-21 08:37:30', '2025-03-21 08:37:30'),
(6, 11, 1000.00, 1436.20, '2025-03-21 08:38:43', '2025-03-21 08:38:43'),
(7, 9, 5000.00, 142.80, '2025-03-21 08:39:13', '2025-03-21 08:39:13');

-- --------------------------------------------------------

--
-- Table structure for table `vaksin_types`
--

CREATE TABLE `vaksin_types` (
  `id` bigint(20) UNSIGNED NOT NULL,
  `nama_vaksin` varchar(100) NOT NULL,
  `qty` decimal(15,2) NOT NULL,
  `harga` decimal(15,2) NOT NULL,
  `created_at` timestamp NULL DEFAULT NULL,
  `updated_at` timestamp NULL DEFAULT NULL
) ENGINE=InnoDB DEFAULT CHARSET=utf8mb4 COLLATE=utf8mb4_unicode_ci;

--
-- Dumping data for table `vaksin_types`
--

INSERT INTO `vaksin_types` (`id`, `nama_vaksin`, `qty`, `harga`, `created_at`, `updated_at`) VALUES
(1, 'MAREKS', 0.00, 0.00, '2025-03-10 10:18:05', '2025-03-10 10:18:05'),
(2, 'ND IB', 5000.00, 54.40, '2025-03-10 10:18:05', '2025-03-21 08:35:42'),
(3, 'ND AI KILLED', 0.00, 0.00, '2025-03-10 10:18:05', '2025-03-10 10:18:05'),
(4, 'GUMBOPLEKS', 0.00, 0.00, '2025-03-10 10:18:05', '2025-03-10 10:18:05'),
(5, 'KOKSI', 0.00, 0.00, '2025-03-10 10:18:05', '2025-03-10 10:18:05'),
(6, 'AI SINGEL', 0.00, 0.00, '2025-03-10 10:18:05', '2025-03-10 10:18:05'),
(7, 'CORYZA T SUSPENSION', 0.00, 0.00, '2025-03-10 10:18:05', '2025-03-10 10:18:05'),
(8, 'ILT', 2000.00, 52.50, '2025-03-10 10:18:05', '2025-03-21 05:12:17'),
(9, 'POX', 5000.00, 142.80, '2025-03-10 10:18:05', '2025-03-21 08:39:13'),
(10, 'ND IB IBD', 0.00, 0.00, '2025-03-10 10:18:05', '2025-03-10 10:18:05'),
(11, 'ND T-AI H5&H9', 1000.00, 1436.20, '2025-03-10 10:18:05', '2025-03-21 08:38:43'),
(12, 'GUMBORO A', 0.00, 0.00, '2025-03-10 10:18:05', '2025-03-10 10:18:05'),
(13, 'ND CLONE 45', 10000.00, 40.40, '2025-03-10 10:18:06', '2025-03-21 05:13:06'),
(14, 'La Sota', 10000.00, 28.80, '2025-03-21 08:34:40', '2025-03-21 08:34:40'),
(15, 'ND-IB-GMB', 500.00, 2081.20, '2025-03-21 08:37:30', '2025-03-21 08:37:30');

--
-- Indexes for dumped tables
--

--
-- Indexes for table `afkirs`
--
ALTER TABLE `afkirs`
  ADD PRIMARY KEY (`id`);

--
-- Indexes for table `afkir_transactions`
--
ALTER TABLE `afkir_transactions`
  ADD PRIMARY KEY (`id`);

--
-- Indexes for table `ayams`
--
ALTER TABLE `ayams`
  ADD PRIMARY KEY (`id`);

--
-- Indexes for table `breedings`
--
ALTER TABLE `breedings`
  ADD PRIMARY KEY (`id_breeding`);

--
-- Indexes for table `breeding_details`
--
ALTER TABLE `breeding_details`
  ADD PRIMARY KEY (`id`);

--
-- Indexes for table `cache`
--
ALTER TABLE `cache`
  ADD PRIMARY KEY (`key`);

--
-- Indexes for table `cache_locks`
--
ALTER TABLE `cache_locks`
  ADD PRIMARY KEY (`key`);

--
-- Indexes for table `chicken_sizes`
--
ALTER TABLE `chicken_sizes`
  ADD PRIMARY KEY (`id`);

--
-- Indexes for table `commercials`
--
ALTER TABLE `commercials`
  ADD PRIMARY KEY (`id_commercial`);

--
-- Indexes for table `commercial_breeding_vaccine`
--
ALTER TABLE `commercial_breeding_vaccine`
  ADD PRIMARY KEY (`id`),
  ADD KEY `commercial_breeding_vaccine_id_commercial_foreign` (`id_commercial`),
  ADD KEY `commercial_breeding_vaccine_id_breeding_foreign` (`id_breeding`),
  ADD KEY `commercial_breeding_vaccine_vaccine_id_foreign` (`vaccine_id`);

--
-- Indexes for table `commercial_details`
--
ALTER TABLE `commercial_details`
  ADD PRIMARY KEY (`id`);

--
-- Indexes for table `curr_eggs`
--
ALTER TABLE `curr_eggs`
  ADD PRIMARY KEY (`id`);

--
-- Indexes for table `customers`
--
ALTER TABLE `customers`
  ADD PRIMARY KEY (`id`);

--
-- Indexes for table `cust_handles`
--
ALTER TABLE `cust_handles`
  ADD PRIMARY KEY (`id`);

--
-- Indexes for table `daily_feeds`
--
ALTER TABLE `daily_feeds`
  ADD PRIMARY KEY (`id`);

--
-- Indexes for table `failed_jobs`
--
ALTER TABLE `failed_jobs`
  ADD PRIMARY KEY (`id`),
  ADD UNIQUE KEY `failed_jobs_uuid_unique` (`uuid`);

--
-- Indexes for table `hatcheries`
--
ALTER TABLE `hatcheries`
  ADD PRIMARY KEY (`id_hatchery`);

--
-- Indexes for table `hatchery_details`
--
ALTER TABLE `hatchery_details`
  ADD PRIMARY KEY (`id`);

--
-- Indexes for table `jobs`
--
ALTER TABLE `jobs`
  ADD PRIMARY KEY (`id`),
  ADD KEY `jobs_queue_index` (`queue`);

--
-- Indexes for table `job_batches`
--
ALTER TABLE `job_batches`
  ADD PRIMARY KEY (`id`);

--
-- Indexes for table `kandangs`
--
ALTER TABLE `kandangs`
  ADD PRIMARY KEY (`id`);

--
-- Indexes for table `machines`
--
ALTER TABLE `machines`
  ADD PRIMARY KEY (`id`);

--
-- Indexes for table `migrations`
--
ALTER TABLE `migrations`
  ADD PRIMARY KEY (`id`);

--
-- Indexes for table `pakans`
--
ALTER TABLE `pakans`
  ADD PRIMARY KEY (`id`);

--
-- Indexes for table `pakan_transactions`
--
ALTER TABLE `pakan_transactions`
  ADD PRIMARY KEY (`id`);

--
-- Indexes for table `password_reset_tokens`
--
ALTER TABLE `password_reset_tokens`
  ADD PRIMARY KEY (`email`);

--
-- Indexes for table `pens`
--
ALTER TABLE `pens`
  ADD PRIMARY KEY (`id`);

--
-- Indexes for table `residents`
--
ALTER TABLE `residents`
  ADD PRIMARY KEY (`id`);

--
-- Indexes for table `roles`
--
ALTER TABLE `roles`
  ADD PRIMARY KEY (`id`);

--
-- Indexes for table `sales`
--
ALTER TABLE `sales`
  ADD PRIMARY KEY (`id`);

--
-- Indexes for table `sale_transactions`
--
ALTER TABLE `sale_transactions`
  ADD PRIMARY KEY (`id`);

--
-- Indexes for table `sessions`
--
ALTER TABLE `sessions`
  ADD PRIMARY KEY (`id`),
  ADD KEY `sessions_user_id_index` (`user_id`),
  ADD KEY `sessions_last_activity_index` (`last_activity`);

--
-- Indexes for table `table_moves`
--
ALTER TABLE `table_moves`
  ADD PRIMARY KEY (`id`);

--
-- Indexes for table `users`
--
ALTER TABLE `users`
  ADD PRIMARY KEY (`id`),
  ADD UNIQUE KEY `users_username_unique` (`username`),
  ADD UNIQUE KEY `users_slug_unique` (`slug`),
  ADD UNIQUE KEY `users_email_unique` (`email`),
  ADD KEY `users_role_id_foreign` (`role_id`);

--
-- Indexes for table `vaksins`
--
ALTER TABLE `vaksins`
  ADD PRIMARY KEY (`id`);

--
-- Indexes for table `vaksin_transactions`
--
ALTER TABLE `vaksin_transactions`
  ADD PRIMARY KEY (`id`);

--
-- Indexes for table `vaksin_types`
--
ALTER TABLE `vaksin_types`
  ADD PRIMARY KEY (`id`);

--
-- AUTO_INCREMENT for dumped tables
--

--
-- AUTO_INCREMENT for table `afkirs`
--
ALTER TABLE `afkirs`
  MODIFY `id` bigint(20) UNSIGNED NOT NULL AUTO_INCREMENT, AUTO_INCREMENT=21;

--
-- AUTO_INCREMENT for table `afkir_transactions`
--
ALTER TABLE `afkir_transactions`
  MODIFY `id` bigint(20) UNSIGNED NOT NULL AUTO_INCREMENT;

--
-- AUTO_INCREMENT for table `ayams`
--
ALTER TABLE `ayams`
  MODIFY `id` bigint(20) UNSIGNED NOT NULL AUTO_INCREMENT, AUTO_INCREMENT=4;

--
-- AUTO_INCREMENT for table `breeding_details`
--
ALTER TABLE `breeding_details`
  MODIFY `id` bigint(20) UNSIGNED NOT NULL AUTO_INCREMENT, AUTO_INCREMENT=437;

--
-- AUTO_INCREMENT for table `chicken_sizes`
--
ALTER TABLE `chicken_sizes`
  MODIFY `id` bigint(20) UNSIGNED NOT NULL AUTO_INCREMENT, AUTO_INCREMENT=5;

--
-- AUTO_INCREMENT for table `commercial_breeding_vaccine`
--
ALTER TABLE `commercial_breeding_vaccine`
  MODIFY `id` bigint(20) UNSIGNED NOT NULL AUTO_INCREMENT;

--
-- AUTO_INCREMENT for table `commercial_details`
--
ALTER TABLE `commercial_details`
  MODIFY `id` bigint(20) UNSIGNED NOT NULL AUTO_INCREMENT, AUTO_INCREMENT=1398;

--
-- AUTO_INCREMENT for table `curr_eggs`
--
ALTER TABLE `curr_eggs`
  MODIFY `id` bigint(20) UNSIGNED NOT NULL AUTO_INCREMENT;

--
-- AUTO_INCREMENT for table `customers`
--
ALTER TABLE `customers`
  MODIFY `id` bigint(20) UNSIGNED NOT NULL AUTO_INCREMENT, AUTO_INCREMENT=51;

--
-- AUTO_INCREMENT for table `cust_handles`
--
ALTER TABLE `cust_handles`
  MODIFY `id` bigint(20) UNSIGNED NOT NULL AUTO_INCREMENT, AUTO_INCREMENT=10;

--
-- AUTO_INCREMENT for table `daily_feeds`
--
ALTER TABLE `daily_feeds`
  MODIFY `id` bigint(20) UNSIGNED NOT NULL AUTO_INCREMENT, AUTO_INCREMENT=397;

--
-- AUTO_INCREMENT for table `failed_jobs`
--
ALTER TABLE `failed_jobs`
  MODIFY `id` bigint(20) UNSIGNED NOT NULL AUTO_INCREMENT;

--
-- AUTO_INCREMENT for table `hatchery_details`
--
ALTER TABLE `hatchery_details`
  MODIFY `id` bigint(20) UNSIGNED NOT NULL AUTO_INCREMENT, AUTO_INCREMENT=23;

--
-- AUTO_INCREMENT for table `jobs`
--
ALTER TABLE `jobs`
  MODIFY `id` bigint(20) UNSIGNED NOT NULL AUTO_INCREMENT;

--
-- AUTO_INCREMENT for table `kandangs`
--
ALTER TABLE `kandangs`
  MODIFY `id` bigint(20) UNSIGNED NOT NULL AUTO_INCREMENT, AUTO_INCREMENT=4;

--
-- AUTO_INCREMENT for table `machines`
--
ALTER TABLE `machines`
  MODIFY `id` bigint(20) UNSIGNED NOT NULL AUTO_INCREMENT, AUTO_INCREMENT=5;

--
-- AUTO_INCREMENT for table `migrations`
--
ALTER TABLE `migrations`
  MODIFY `id` int(10) UNSIGNED NOT NULL AUTO_INCREMENT, AUTO_INCREMENT=32;

--
-- AUTO_INCREMENT for table `pakans`
--
ALTER TABLE `pakans`
  MODIFY `id` bigint(20) UNSIGNED NOT NULL AUTO_INCREMENT, AUTO_INCREMENT=8;

--
-- AUTO_INCREMENT for table `pakan_transactions`
--
ALTER TABLE `pakan_transactions`
  MODIFY `id` bigint(20) UNSIGNED NOT NULL AUTO_INCREMENT, AUTO_INCREMENT=35;

--
-- AUTO_INCREMENT for table `pens`
--
ALTER TABLE `pens`
  MODIFY `id` bigint(20) UNSIGNED NOT NULL AUTO_INCREMENT, AUTO_INCREMENT=38;

--
-- AUTO_INCREMENT for table `residents`
--
ALTER TABLE `residents`
  MODIFY `id` bigint(20) UNSIGNED NOT NULL AUTO_INCREMENT, AUTO_INCREMENT=15;

--
-- AUTO_INCREMENT for table `roles`
--
ALTER TABLE `roles`
  MODIFY `id` bigint(20) UNSIGNED NOT NULL AUTO_INCREMENT, AUTO_INCREMENT=7;

--
-- AUTO_INCREMENT for table `sales`
--
ALTER TABLE `sales`
  MODIFY `id` bigint(20) UNSIGNED NOT NULL AUTO_INCREMENT, AUTO_INCREMENT=55;

--
-- AUTO_INCREMENT for table `sale_transactions`
--
ALTER TABLE `sale_transactions`
  MODIFY `id` bigint(20) UNSIGNED NOT NULL AUTO_INCREMENT, AUTO_INCREMENT=42;

--
-- AUTO_INCREMENT for table `table_moves`
--
ALTER TABLE `table_moves`
  MODIFY `id` bigint(20) UNSIGNED NOT NULL AUTO_INCREMENT, AUTO_INCREMENT=29;

--
-- AUTO_INCREMENT for table `users`
--
ALTER TABLE `users`
  MODIFY `id` bigint(20) UNSIGNED NOT NULL AUTO_INCREMENT, AUTO_INCREMENT=7;

--
-- AUTO_INCREMENT for table `vaksins`
--
ALTER TABLE `vaksins`
  MODIFY `id` bigint(20) UNSIGNED NOT NULL AUTO_INCREMENT, AUTO_INCREMENT=33;

--
-- AUTO_INCREMENT for table `vaksin_transactions`
--
ALTER TABLE `vaksin_transactions`
  MODIFY `id` bigint(20) UNSIGNED NOT NULL AUTO_INCREMENT, AUTO_INCREMENT=8;

--
-- AUTO_INCREMENT for table `vaksin_types`
--
ALTER TABLE `vaksin_types`
  MODIFY `id` bigint(20) UNSIGNED NOT NULL AUTO_INCREMENT, AUTO_INCREMENT=16;

--
-- Constraints for dumped tables
--

--
-- Constraints for table `commercial_breeding_vaccine`
--
ALTER TABLE `commercial_breeding_vaccine`
  ADD CONSTRAINT `commercial_breeding_vaccine_id_breeding_foreign` FOREIGN KEY (`id_breeding`) REFERENCES `breedings` (`id_breeding`) ON DELETE CASCADE,
  ADD CONSTRAINT `commercial_breeding_vaccine_id_commercial_foreign` FOREIGN KEY (`id_commercial`) REFERENCES `commercials` (`id_commercial`) ON DELETE CASCADE,
  ADD CONSTRAINT `commercial_breeding_vaccine_vaccine_id_foreign` FOREIGN KEY (`vaccine_id`) REFERENCES `vaksins` (`id`) ON DELETE CASCADE;

--
-- Constraints for table `users`
--
ALTER TABLE `users`
  ADD CONSTRAINT `users_role_id_foreign` FOREIGN KEY (`role_id`) REFERENCES `roles` (`id`) ON DELETE CASCADE;
COMMIT;

/*!40101 SET CHARACTER_SET_CLIENT=@OLD_CHARACTER_SET_CLIENT */;
/*!40101 SET CHARACTER_SET_RESULTS=@OLD_CHARACTER_SET_RESULTS */;
/*!40101 SET COLLATION_CONNECTION=@OLD_COLLATION_CONNECTION */;
